timestamp_s,condition,position_x_m,position_y_m,position_z_m,velocity_x_mps,velocity_y_mps,velocity_z_mps
0.0,malecns_connected,0.0,0.4799999437529999,0.0,0.0,-6.749640009599821e-06,0.0
0.008333333333333333,malecns_connected,0.0,0.47999983276183955,0.0,0.0,-1.3318939246974484e-05,0.0
0.016666666666666666,malecns_connected,0.0,0.4799996684892049,0.0,0.0,-1.971271616082355e-05,0.0
0.025,malecns_connected,0.0,0.47999945235870106,0.0,0.0,-2.5935660457756903e-05,0.0
0.03333333333333333,malecns_connected,0.0,0.47999918575589656,0.0,0.0,-3.199233654210011e-05,0.0
0.041666666666666664,malecns_connected,0.0,0.4799988700293394,0.0,0.0,-3.7887186863793073e-05,0.0
0.05,malecns_connected,0.0,0.47999850649154624,0.0,0.0,-4.3624535176837594e-05,0.0
0.058333333333333334,malecns_connected,0.0,0.4799980964199653,0.0,0.0,-4.9208589710683884e-05,0.0
0.06666666666666667,malecns_connected,0.0,0.4799976410579132,0.0,0.0,-5.46434462568821e-05,0.0
0.075,malecns_connected,0.0,0.47999714161548673,0.0,0.0,-5.993309117326297e-05,0.0
0.08333333333333333,malecns_connected,0.0,0.47999659927045085,0.0,0.0,-6.5081404307851e-05,0.0
0.09166666666666666,malecns_connected,0.0,0.4799960151691021,0.0,0.0,-7.009216184465484e-05,0.0
0.1,malecns_connected,0.0,0.4799953904271098,0.0,0.0,-7.496903907342225e-05,0.0
0.10833333333333334,malecns_connected,0.0,0.4799947261303341,0.0,0.0,-7.97156130853911e-05,0.0
0.11666666666666667,malecns_connected,0.0,0.47999402333562247,0.0,0.0,-8.433536539701371e-05,0.0
0.125,malecns_connected,0.0,0.47999328307158495,0.0,0.0,-8.883168450357916e-05,0.0
0.13333333333333333,malecns_connected,0.0,0.4799925063393486,0.0,0.0,-9.320786836460627e-05,0.0
0.14166666666666666,malecns_connected,0.0,0.47999169411329173,0.0,0.0,-9.74671268228305e-05,0.0
0.15,malecns_connected,0.0,0.47999084734175873,0.0,0.0,-0.00010161258395855896,0.0
0.15833333333333333,malecns_connected,0.0,0.47998996694775553,0.0,0.0,-0.00010564728038112046,0.0
0.16666666666666666,malecns_connected,0.0,0.4799890538296267,0.0,0.0,-0.00010957417545909116,0.0
0.175,malecns_connected,0.0,0.4799881088617143,0.0,0.0,-0.00011339614949093182,0.0
0.18333333333333332,malecns_connected,0.0,0.4799871328949991,0.0,0.0,-0.00011711600581762875,0.0
0.19166666666666665,malecns_connected,0.0,0.4799861267577251,0.0,0.0,-0.00012073647287888795,0.0
0.2,malecns_connected,0.0,0.4799850912560067,0.0,0.0,-0.0001242602062143907,0.0
0.20833333333333334,malecns_connected,0.0,0.4799840271744199,0.0,0.0,-0.0001276897904115785,0.0
0.21666666666666667,malecns_connected,0.0,0.4799829352765782,0.0,0.0,-0.00013102774100139577,0.0
0.225,malecns_connected,0.0,0.47998181630569237,0.0,0.0,-0.00013427650630338126,0.0
0.23333333333333334,malecns_connected,0.0,0.47998067098511554,0.0,0.0,-0.0001374384692214611,0.0
0.24166666666666667,malecns_connected,0.0,0.47997950001887396,0.0,0.0,-0.00014051594899176076,0.0
0.25,malecns_connected,0.0,0.4799783040921833,0.0,0.0,-0.0001435112028837182,0.0
0.2583333333333333,malecns_connected,0.0,0.47997708387195115,0.0,0.0,-0.00014642642785574547,0.0
0.26666666666666666,malecns_connected,0.0,0.47997584000726645,0.0,0.0,-0.00014926376216665334,0.0
0.275,malecns_connected,0.0,0.47997457312987524,0.0,0.0,-0.0001520252869440213,0.0
0.2833333333333333,malecns_connected,0.0,0.47997328385464433,0.0,0.0,-0.0001547130277106626,0.0
0.2916666666666667,malecns_connected,0.0,0.4799719727800121,0.0,0.0,-0.00015732895587030447,0.0
0.3,malecns_connected,0.0,0.47997064048842747,0.0,0.0,-0.000159874990153573,0.0
0.30833333333333335,malecns_connected,0.0,0.47996928754677726,0.0,0.0,-0.00016235299802534354,0.0
0.31666666666666665,malecns_connected,0.0,0.4799679145068018,0.0,0.0,-0.00016476479705448846,0.0
0.325,malecns_connected,0.0,0.47996652190549977,0.0,0.0,-0.00016711215624702738,0.0
0.3333333333333333,malecns_connected,0.0,0.4799651102655219,0.0,0.0,-0.00016939679734365748,0.0
0.3416666666666667,malecns_connected,0.0,0.47996368009555457,0.0,0.0,-0.0001716203960826155,0.0
0.35,malecns_connected,0.0,0.47996223189069265,0.0,0.0,-0.00017378458342879818,0.0
0.35833333333333334,malecns_connected,0.0,0.4799607661328029,0.0,0.0,-0.00017589094677004203,0.0
0.36666666666666664,malecns_connected,0.0,0.4799592832908772,0.0,0.0,-0.00017794103108144036,0.0
0.375,malecns_connected,0.0,0.4799577838213767,0.0,0.0,-0.00017993634005855147,0.0
0.3833333333333333,malecns_connected,0.0,0.47995626816856657,0.0,0.0,-0.000181878337220329,0.0
0.39166666666666666,malecns_connected,0.0,0.47995473676484174,0.0,0.0,-0.0001837684469825836,0.0
0.4,malecns_connected,0.0,0.4799531900310442,0.0,0.0,-0.0001856080557027633,0.0
0.4083333333333333,malecns_connected,0.0,0.47995162837677174,0.0,0.0,-0.0001873985126968187,0.0
0.4166666666666667,malecns_connected,0.0,0.47995005220067816,0.0,0.0,-0.00018914113122889915,0.0
0.425,malecns_connected,0.0,0.47994846189076584,0.0,0.0,-0.00019083718947460546,0.0
0.43333333333333335,malecns_connected,0.0,0.47994685782467034,0.0,0.0,-0.00019248793145850603,0.0
0.44166666666666665,malecns_connected,0.0,0.4799452403699373,0.0,0.0,-0.00019409456796660378,0.0
0.45,malecns_connected,0.0,0.479943609884292,0.0,0.0,-0.00019565827743442334,0.0
0.4583333333333333,malecns_connected,0.0,0.47994196671590195,0.0,0.0,-0.0001971802068113697,0.0
0.4666666666666667,malecns_connected,0.0,0.47994031120363195,0.0,0.0,-0.00019866147240199262,0.0
0.475,malecns_connected,0.0,0.4799386436772929,0.0,0.0,-0.00020010316068477338,0.0
0.48333333333333334,malecns_connected,0.0,0.47993696445788364,0.0,0.0,-0.00020150632910903503,0.0
0.49166666666666664,malecns_connected,0.0,0.47993527385782636,0.0,0.0,-0.00020287200687056013,0.0
0.5,malecns_connected,0.0,0.4799335721811958,0.0,0.0,-0.000204201195666485,0.0
0.5083333333333333,malecns_connected,0.0,0.4799318597239422,0.0,0.0,-0.00020549487043002455,0.0
0.5166666666666666,malecns_connected,0.0,0.4799301367741085,0.0,0.0,-0.0002067539800455661,0.0
0.525,malecns_connected,0.0,0.4799284036120415,0.0,0.0,-0.00020797944804465702,0.0
0.5333333333333333,malecns_connected,0.0,0.47992666051059746,0.0,0.0,-0.00020917217328339643,0.0
0.5416666666666666,malecns_connected,0.0,0.47992490773534247,0.0,0.0,-0.00021033303060172812,0.0
0.55,malecns_connected,0.0,0.4799231455447469,0.0,0.0,-0.000211462871465118,0.0
0.5583333333333333,malecns_connected,0.0,0.47992137419037534,0.0,0.0,-0.0002125625245890869,0.0
0.5666666666666667,malecns_connected,0.0,0.4799195939170708,0.0,0.0,-0.00021363279654705667,0.0
0.575,malecns_connected,0.0,0.4799178049631344,0.0,0.0,-0.0002146744723619556,0.0
0.5833333333333334,malecns_connected,0.0,0.4799160075605004,0.0,0.0,-0.00021568831608201688,0.0
0.5916666666666667,malecns_connected,0.0,0.4799142019349059,0.0,0.0,-0.00021667507134119263,0.0
0.6,malecns_connected,0.0,0.4799123883060567,0.0,0.0,-0.00021763546190459442,0.0
0.6083333333333333,malecns_connected,0.0,0.4799105668877884,0.0,0.0,-0.00021857019219936034,0.0
0.6166666666666667,malecns_connected,0.0,0.47990873788822314,0.0,0.0,-0.00021947994783133823,0.0
0.625,malecns_connected,0.0,0.4799069015099224,0.0,0.0,-0.00022036539608796368,0.0
0.6333333333333333,malecns_connected,0.0,0.47990505795003546,0.0,0.0,-0.000221227186427702,0.0
0.6416666666666666,malecns_connected,0.0,0.4799032074004442,0.0,0.0,-0.00022206595095641284,0.0
0.65,malecns_connected,0.0,0.4799013500479034,0.0,0.0,-0.00022288230489098714,0.0
0.6583333333333333,malecns_connected,0.0,0.4798994860741783,0.0,0.0,-0.0002236768470105964,0.0
0.6666666666666666,malecns_connected,0.0,0.4798976156561775,0.0,0.0,-0.00022445016009588502,0.0
0.675,malecns_connected,0.0,0.47989573896608284,0.0,0.0,-0.00022520281135642825,0.0
0.6833333333333333,malecns_connected,0.0,0.4798938561714758,0.0,0.0,-0.000225935352846769,0.0
0.6916666666666667,malecns_connected,0.0,0.4798919674354602,0.0,0.0,-0.00022664832187133867,0.0
0.7,malecns_connected,0.0,0.47989007291678204,0.0,0.0,-0.00022734224137855916,0.0
0.7083333333333334,malecns_connected,0.0,0.47988817276994583,0.0,0.0,-0.00022801762034441503,0.0
0.7166666666666667,malecns_connected,0.0,0.47988626714532795,0.0,0.0,-0.00022867495414577712,0.0
0.725,malecns_connected,0.0,0.47988435618928693,0.0,0.0,-0.0002293147249237515,0.0
0.7333333333333333,malecns_connected,0.0,0.4798824400442708,0.0,0.0,-0.00022993740193732022,0.0
0.7416666666666667,malecns_connected,0.0,0.4798805188489215,0.0,0.0,-0.00023054344190753345,0.0
0.75,malecns_connected,0.0,0.4798785927381769,0.0,0.0,-0.000231133289352505,0.0
0.7583333333333333,malecns_connected,0.0,0.4798766618433693,0.0,0.0,-0.00023170737691345755,0.0
0.7666666666666666,malecns_connected,0.0,0.47987472629232203,0.0,0.0,-0.00023226612567205625,0.0
0.775,malecns_connected,0.0,0.4798727862094432,0.0,0.0,-0.00023280994545926356,0.0
0.7833333333333333,malecns_connected,0.0,0.4798708417158169,0.0,0.0,-0.00023333923515594205,0.0
0.7916666666666666,malecns_connected,0.0,0.479868892929292,0.0,0.0,-0.00023385438298542555,0.0
0.8,malecns_connected,0.0,0.4798669399645687,0.0,0.0,-0.00023435576679827302,0.0
0.8083333333333333,malecns_connected,0.0,0.47986498293328245,0.0,0.0,-0.0002348437543494145,0.0
0.8166666666666667,malecns_connected,0.0,0.47986302194408603,0.0,0.0,-0.0002353187035678917,0.0
0.825,malecns_connected,0.0,0.4798610571027292,0.0,0.0,-0.00023578096281939197,0.0
0.8333333333333334,malecns_connected,0.0,0.47985908851213616,0.0,0.0,-0.00023623087116176746,0.0
0.8416666666666667,malecns_connected,0.0,0.47985711627248123,0.0,0.0,-0.0002366687585937271,0.0
0.85,malecns_connected,0.0,0.4798551404812621,0.0,0.0,-0.00023709494629688417,0.0
0.8583333333333333,malecns_connected,0.0,0.4798531612333715,0.0,0.0,-0.00023750974687133648,0.0
0.8666666666666667,malecns_connected,0.0,0.47985117862116683,0.0,0.0,-0.00023791346456495218,0.0
0.875,malecns_connected,0.0,0.4798491927345377,0.0,0.0,-0.00023830639549652963,0.0
0.8833333333333333,malecns_connected,0.0,0.47984720366097205,0.0,0.0,-0.00023868882787299434,0.0
0.8916666666666666,malecns_connected,0.0,0.47984521148562037,0.0,0.0,-0.00023906104220079312,0.0
0.9,malecns_connected,0.0,0.47984321629135795,0.0,0.0,-0.00023942331149163986,0.0
0.9083333333333333,malecns_connected,0.0,0.4798412181588458,0.0,0.0,-0.00023977590146276407,0.0
0.9166666666666666,malecns_connected,0.0,0.47983921716658967,0.0,0.0,-0.00024011907073180925,0.0
0.9249999999999999,malecns_connected,0.0,0.47983721339099794,0.0,0.0,-0.0002404530710065235,0.0
0.9333333333333333,malecns_connected,0.0,0.4798352069064374,0.0,0.0,-0.00024077814726938238,0.0
0.9416666666666667,malecns_connected,0.0,0.4798331977852877,0.0,0.0,-0.00024109453795727833,0.0
0.95,malecns_connected,0.0,0.4798311860979949,0.0,0.0,-0.00024140247513640954,0.0
0.9583333333333334,malecns_connected,0.0,0.47982917191312263,0.0,0.0,-0.00024170218467249572,0.0
0.9666666666666667,malecns_connected,0.0,0.47982715529740266,0.0,0.0,-0.00024199388639644612,0.0
0.975,malecns_connected,0.0,0.4798251363157838,0.0,0.0,-0.00024227779426560104,0.0
0.9833333333333333,malecns_connected,0.0,0.47982311503147945,0.0,0.0,-0.00024255411652066524,0.0
0.9916666666666667,malecns_connected,0.0,0.47982109150601415,0.0,0.0,-0.0002428230558384483,0.0
1.0,malecns_connected,0.0,0.4798190657992685,0.0,0.0,-0.00024308480948052392,0.0
1.0083333333333333,malecns_connected,0.0,0.47981703796952313,0.0,0.0,-0.00024333956943791747,0.0
1.0166666666666666,malecns_connected,0.0,0.4798150080735017,0.0,0.0,-0.0002435875225719274,0.0
1.025,malecns_connected,0.0,0.4798129761664121,0.0,0.0,-0.0002438288507511843,0.0
1.0333333333333332,malecns_connected,0.0,0.47981094230198723,0.0,0.0,-0.00024406373098504779,0.0
1.0416666666666667,malecns_connected,0.0,0.4798089065325243,0.0,0.0,-0.0002442923355534395,0.0
1.05,malecns_connected,0.0,0.47980686890892316,0.0,0.0,-0.00024451483213320667,0.0
1.0583333333333333,malecns_connected,0.0,0.47980482948072384,0.0,0.0,-0.0002447313839211101,0.0
1.0666666666666667,malecns_connected,0.0,0.47980278829614253,0.0,0.0,-0.0002449421497535253,0.0
1.075,malecns_connected,0.0,0.4798007454021073,0.0,0.0,-0.00024514728422294594,0.0
1.0833333333333333,malecns_connected,0.0,0.4797987008442924,0.0,0.0,-0.0002453469377913744,0.0
1.0916666666666666,malecns_connected,0.0,0.47979665466715155,0.0,0.0,-0.0002455412569006826,0.0
1.1,malecns_connected,0.0,0.47979460691395087,0.0,0.0,-0.00024573038408002396,0.0
1.1083333333333334,malecns_connected,0.0,0.47979255762680045,0.0,0.0,-0.0002459144580503761,0.0
1.1166666666666667,malecns_connected,0.0,0.4797905068466852,0.0,0.0,-0.00024609361382628924,0.0
1.125,malecns_connected,0.0,0.4797884546134951,0.0,0.0,-0.0002462679828149174,0.0
1.1333333333333333,malecns_connected,0.0,0.4797864009660542,0.0,0.0,-0.00024643769291240216,0.0
1.1416666666666666,malecns_connected,0.0,0.4797843459421492,0.0,0.0,-0.00024660286859768256,0.0
1.15,malecns_connected,0.0,0.47978228957855734,0.0,0.0,-0.00024676363102379745,0.0
1.1583333333333332,malecns_connected,0.0,0.4797802319110731,0.0,0.0,-0.000246920098106749,0.0
1.1666666666666667,malecns_connected,0.0,0.4797781729745347,0.0,0.0,-0.0002470723846119916,0.0
1.175,malecns_connected,0.0,0.4797761128028494,0.0,0.0,-0.0002472206022386102,0.0
1.1833333333333333,malecns_connected,0.0,0.4797740514290185,0.0,0.0,-0.0002473648597012491,0.0
1.1916666666666667,malecns_connected,0.0,0.47977198888516176,0.0,0.0,-0.0002475052628098522,0.0
1.2,malecns_connected,0.0,0.4797699252025405,0.0,0.0,-0.00024764191454727216,0.0
1.2083333333333333,malecns_connected,0.0,0.479767860411581,0.0,0.0,-0.0002477749151448066,0.0
1.2166666666666666,malecns_connected,0.0,0.47976579454189633,0.0,0.0,-0.00024790436215571543,0.0
1.225,malecns_connected,0.0,0.4797637276223086,0.0,0.0,-0.0002480303505267744,0.0
1.2333333333333334,malecns_connected,0.0,0.4797616596808697,0.0,0.0,-0.00024815297266791644,0.0
1.2416666666666667,malecns_connected,0.0,0.47975959074488206,0.0,0.0,-0.0002482723185200129,0.0
1.25,malecns_connected,0.0,0.47975752084091855,0.0,0.0,-0.0002483884756208429,0.0
1.2583333333333333,malecns_connected,0.0,0.47975544999484215,0.0,0.0,-0.0002485015291693007,0.0
1.2666666666666666,malecns_connected,0.0,0.47975337823182473,0.0,0.0,-0.00024861156208788745,0.0
1.275,malecns_connected,0.0,0.4797513055763657,0.0,0.0,-0.0002487186550835332,0.0
1.2833333333333332,malecns_connected,0.0,0.4797492320523098,0.0,0.0,-0.0002488228867067935,0.0
1.2916666666666667,malecns_connected,0.0,0.4797471576828647,0.0,0.0,-0.00024892433340946516,0.0
1.3,malecns_connected,0.0,0.47974508249061804,0.0,0.0,-0.0002490230696006616,0.0
1.3083333333333333,malecns_connected,0.0,0.47974300649755386,0.0,0.0,-0.0002491191677013908,0.0
1.3166666666666667,malecns_connected,0.0,0.4797409297250689,0.0,0.0,-0.0002492126981976744,0.0
1.325,malecns_connected,0.0,0.4797388521939881,0.0,0.0,-0.0002493037296922479,0.0
1.3333333333333333,malecns_connected,0.0,0.47973677392458014,0.0,0.0,-0.0002493923289548794,0.0
1.3416666666666666,malecns_connected,0.0,0.47973469493657206,0.0,0.0,-0.00024947856097134384,0.0
1.35,malecns_connected,0.0,0.4797326152491638,0.0,0.0,-0.0002495624889910888,0.0
1.3583333333333334,malecns_connected,0.0,0.47973053488104234,0.0,0.0,-0.0002496441745736267,0.0
1.3666666666666667,malecns_connected,0.0,0.47972845385039536,0.0,0.0,-0.00024972367763368726,0.0
1.375,malecns_connected,0.0,0.47972637217492464,0.0,0.0,-0.0002498010564851641,0.0
1.3833333333333333,malecns_connected,0.0,0.47972428987185894,0.0,0.0,-0.00024987636788388655,0.0
1.3916666666666666,malecns_connected,0.0,0.4797222069579667,0.0,0.0,-0.0002499496670692489,0.0
1.4,malecns_connected,0.0,0.4797201234495683,0.0,0.0,-0.0002500210078047276,0.0
1.4083333333333332,malecns_connected,0.0,0.4797180393625482,0.0,0.0,-0.00025009044241731536,0.0
1.4166666666666667,malecns_connected,0.0,0.4797159547123662,0.0,0.0,-0.0002501580218359024,0.0
1.425,malecns_connected,0.0,0.4797138695140693,0.0,0.0,-0.0002502237956286313,0.0
1.4333333333333333,malecns_connected,0.0,0.4797117837823023,0.0,0.0,-0.00025028781203925444,0.0
1.4416666666666667,malecns_connected,0.0,0.47970969753131876,0.0,0.0,-0.0002503501180225199,0.0
1.45,malecns_connected,0.0,0.4797076107749914,0.0,0.0,-0.0002504107592786118,0.0
1.4583333333333333,malecns_connected,0.0,0.47970552352682233,0.0,0.0,-0.00025046978028667015,0.0
1.4666666666666666,malecns_connected,0.0,0.47970343579995284,0.0,0.0,-0.00025052722433741584,0.0
1.475,malecns_connected,0.0,0.47970134760717315,0.0,0.0,-0.00025058313356490336,0.0
1.4833333333333334,malecns_connected,0.0,0.4796992589609317,0.0,0.0,-0.00025063754897742516,0.0
1.4916666666666667,malecns_connected,0.0,0.47969716987334426,0.0,0.0,-0.0002506905104875905,0.0
1.5,malecns_connected,0.0,0.47969508035620306,0.0,0.0,-0.00025074205694160056,0.0
1.5083333333333333,malecns_connected,0.0,0.4796929904209852,0.0,0.0,-0.0002507922261477414,0.0
1.5166666666666666,malecns_connected,0.0,0.47969090007886095,0.0,0.0,-0.00025084105490411535,0.0
1.525,malecns_connected,0.0,0.4796888093407024,0.0,0.0,-0.0002508885790256319,0.0
1.5333333333333332,malecns_connected,0.0,0.47968671821709097,0.0,0.0,-0.00025093483337027716,0.0
1.5416666666666667,malecns_connected,0.0,0.4796846267183254,0.0,0.0,-0.0002509798518646815,0.0
1.55,malecns_connected,0.0,0.47968253485442935,0.0,0.0,-0.000251023667529004,0.0
1.5583333333333333,malecns_connected,0.0,0.4796804426351585,0.0,0.0,-0.000251066312501152,0.0
1.5666666666666667,malecns_connected,0.0,0.47967835007000803,0.0,0.0,-0.00025110781806035387,0.0
1.575,malecns_connected,0.0,0.47967625716821927,0.0,0.0,-0.0002511482146501015,0.0
1.5833333333333333,malecns_connected,0.0,0.47967416393878676,0.0,0.0,-0.0002511875319004799,0.0
1.5916666666666666,malecns_connected,0.0,0.47967207039046467,0.0,0.0,-0.0002512257986499005,0.0
1.6,malecns_connected,0.0,0.4796699765317733,0.0,0.0,-0.00025126304296625333,0.0
1.6083333333333334,malecns_connected,0.0,0.4796678823710052,0.0,0.0,-0.0002512992921674945,0.0
1.6166666666666667,malecns_connected,0.0,0.47966578791623155,0.0,0.0,-0.0002513345728416831,0.0
1.625,malecns_connected,0.0,0.47966369317530766,0.0,0.0,-0.0002513689108664832,0.0
1.6333333333333333,malecns_connected,0.0,0.4796615981558791,0.0,0.0,-0.00025140233142814444,0.0
1.6416666666666666,malecns_connected,0.0,0.4796595028653871,0.0,0.0,-0.00025143485903997585,0.0
1.65,malecns_connected,0.0,0.4796574073110741,0.0,0.0,-0.00025146651756032565,0.0
1.6583333333333332,malecns_connected,0.0,0.479655311499989,0.0,0.0,-0.00025149733021008095,0.0
1.6666666666666667,malecns_connected,0.0,0.4796532154389924,0.0,0.0,-0.0002515273195896999,0.0
1.675,malecns_connected,0.0,0.4796511191347616,0.0,0.0,-0.00025155650769578846,0.0
1.6833333333333333,malecns_connected,0.0,0.47964902259379544,0.0,0.0,-0.0002515849159372347,0.0
1.6916666666666667,malecns_connected,0.0,0.4796469258224192,0.0,0.0,-0.0002516125651509117,0.0
1.7,malecns_connected,0.0,0.47964482882678905,0.0,0.0,-0.00025163947561696086,0.0
1.7083333333333333,malecns_connected,0.0,0.4796427316128968,0.0,0.0,-0.0002516656670736671,0.0
1.7166666666666666,malecns_connected,0.0,0.479640634186574,0.0,0.0,-0.0002516911587319365,0.0
1.7249999999999999,malecns_connected,0.0,0.4796385365534966,0.0,0.0,-0.00025171596928938705,0.0
1.7333333333333334,malecns_connected,0.0,0.4796364387191887,0.0,0.0,-0.0002517401169440629,0.0
1.7416666666666667,malecns_connected,0.0,0.479634340689027,0.0,0.0,-0.00025176361940778267,0.0
1.75,malecns_connected,0.0,0.4796322424682443,0.0,0.0,-0.00025178649391913003,0.0
1.7583333333333333,malecns_connected,0.0,0.4796301440619338,0.0,0.0,-0.00025180875725609855,0.0
1.7666666666666666,malecns_connected,0.0,0.4796280454750526,0.0,0.0,-0.0002518304257483975,0.0
1.775,malecns_connected,0.0,0.4796259467124252,0.0,0.0,-0.0002518515152894296,0.0
1.7833333333333332,malecns_connected,0.0,0.4796238477787473,0.0,0.0,-0.0002518720413479485,0.0
1.7916666666666667,malecns_connected,0.0,0.47962174867858914,0.0,0.0,-0.00025189201897940483,0.0
1.8,malecns_connected,0.0,0.47961964941639884,0.0,0.0,-0.0002519114628369889,0.0
1.8083333333333333,malecns_connected,0.0,0.47961754999650563,0.0,0.0,-0.00025193038718237875,0.0
1.8166666666666667,malecns_connected,0.0,0.47961545042312315,0.0,0.0,-0.0002519488058962006,0.0
1.825,malecns_connected,0.0,0.47961335070035244,0.0,0.0,-0.0002519667324882102,0.0
1.8333333333333333,malecns_connected,0.0,0.47961125083218487,0.0,0.0,-0.00025198418010720163,0.0
1.8416666666666666,malecns_connected,0.0,0.47960915082250527,0.0,0.0,-0.00025200116155065216,0.0
1.8499999999999999,malecns_connected,0.0,0.4796070506750946,0.0,0.0,-0.0002520176892741086,0.0
1.8583333333333334,malecns_connected,0.0,0.47960495039363293,0.0,0.0,-0.0002520337754003233,0.0
1.8666666666666667,malecns_connected,0.0,0.4796028499817019,0.0,0.0,-0.0002520494317281458,0.0
1.875,malecns_connected,0.0,0.47960074944278736,0.0,0.0,-0.0002520646697411773,0.0
1.8833333333333333,malecns_connected,0.0,0.47959864878028224,0.0,0.0,-0.0002520795006161936,0.0
1.8916666666666666,malecns_connected,0.0,0.47959654799748863,0.0,0.0,-0.0002520939352313428,0.0
1.9,malecns_connected,0.0,0.4795944470976205,0.0,0.0,-0.0002521079841741244,0.0
1.9083333333333332,malecns_connected,0.0,0.4795923460838059,0.0,0.0,-0.00025212165774915506,0.0
1.9166666666666667,malecns_connected,0.0,0.47959024495908936,0.0,0.0,-0.0002521349659857267,0.0
1.925,malecns_connected,0.0,0.479588143726434,0.0,0.0,-0.0002521479186451628,0.0
1.9333333333333333,malecns_connected,0.0,0.47958604238872377,0.0,0.0,-0.00025216052522797827,0.0
1.9416666666666667,malecns_connected,0.0,0.4795839409487656,0.0,0.0,-0.00025217279498084775,0.0
1.95,malecns_connected,0.0,0.4795818394092914,0.0,0.0,-0.00025218473690338783,0.0
1.9583333333333333,malecns_connected,0.0,0.4795797377729601,0.0,0.0,-0.00025219635975475826,0.0
1.9666666666666666,malecns_connected,0.0,0.4795776360423596,0.0,0.0,-0.0002522076720600864,0.0
1.9749999999999999,malecns_connected,0.0,0.4795755342200086,0.0,0.0,-0.00025221868211672044,0.0
1.9833333333333334,malecns_connected,0.0,0.4795734323083586,0.0,0.0,-0.00025222939800031524,0.0
1.9916666666666667,malecns_connected,0.0,0.4795713303097955,0.0,0.0,-0.0002522398275707556,0.0
2.0,malecns_connected,0.0,0.4795692282266415,0.0,0.0,-0.00025224997847792137,0.0
2.0083333333333333,malecns_connected,0.0,0.47956712606115676,0.0,0.0,-0.0002522598581672986,0.0
2.0166666666666666,malecns_connected,0.0,0.47956502381554106,0.0,0.0,-0.0002522694738854404,0.0
2.025,malecns_connected,0.0,0.47956292149193536,0.0,0.0,-0.0002522788326852825,0.0
2.033333333333333,malecns_connected,0.0,0.47956081909242343,0.0,0.0,-0.00025228794143131606,0.0
2.0416666666666665,malecns_connected,0.0,0.4795587166190334,0.0,0.0,-0.00025229680680462284,0.0
2.05,malecns_connected,0.0,0.4795566140737391,0.0,0.0,-0.0002523054353077757,0.0
2.058333333333333,malecns_connected,0.0,0.4795545114584619,0.0,0.0,-0.00025231383326960793,0.0
2.0666666666666664,malecns_connected,0.0,0.4795524087750715,0.0,0.0,-0.00025232200684985535,0.0
2.075,malecns_connected,0.0,0.4795503060253878,0.0,0.0,-0.0002523299620436745,0.0
2.0833333333333335,malecns_connected,0.0,0.4795482032111821,0.0,0.0,-0.00025233770468603993,0.0
2.091666666666667,malecns_connected,0.0,0.47954610033417827,0.0,0.0,-0.0002523452404560238,0.0
2.1,malecns_connected,0.0,0.47954399739605424,0.0,0.0,-0.0002523525748809617,0.0
2.1083333333333334,malecns_connected,0.0,0.4795418943984431,0.0,0.0,-0.0002523597133405066,0.0
2.1166666666666667,malecns_connected,0.0,0.4795397913429342,0.0,0.0,-0.00025236666107057476,0.0
2.125,malecns_connected,0.0,0.47953768823107445,0.0,0.0,-0.00025237342316718637,0.0
2.1333333333333333,malecns_connected,0.0,0.47953558506436955,0.0,0.0,-0.0002523800045902031,0.0
2.1416666666666666,malecns_connected,0.0,0.47953348184428485,0.0,0.0,-0.0002523864101669661,0.0
2.15,malecns_connected,0.0,0.47953137857224654,0.0,0.0,-0.00025239264459583704,0.0
2.158333333333333,malecns_connected,0.0,0.4795292752496428,0.0,0.0,-0.00025239871244964396,0.0
2.1666666666666665,malecns_connected,0.0,0.4795271718778246,0.0,0.0,-0.00025240461817903543,0.0
2.175,malecns_connected,0.0,0.479525068458107,0.0,0.0,-0.00025241036611574493,0.0
2.183333333333333,malecns_connected,0.0,0.4795229649917697,0.0,0.0,-0.0002524159604757684,0.0
2.1916666666666664,malecns_connected,0.0,0.47952086148005835,0.0,0.0,-0.0002524214053624562,0.0
2.2,malecns_connected,0.0,0.47951875792418525,0.0,0.0,-0.000252426704769523,0.0
2.2083333333333335,malecns_connected,0.0,0.47951665432533036,0.0,0.0,-0.0002524318625839773,0.0
2.216666666666667,malecns_connected,0.0,0.4795145506846421,0.0,0.0,-0.00025243688258897205,0.0
2.225,malecns_connected,0.0,0.4795124470032382,0.0,0.0,-0.00025244176846657987,0.0
2.2333333333333334,malecns_connected,0.0,0.47951034328220654,0.0,0.0,-0.0002524465238004936,0.0
2.2416666666666667,malecns_connected,0.0,0.4795082395226059,0.0,0.0,-0.0002524511520786549,0.0
2.25,malecns_connected,0.0,0.4795061357254668,0.0,0.0,-0.00025245565669581254,0.0
2.2583333333333333,malecns_connected,0.0,0.47950403189179214,0.0,0.0,-0.00025246004095601254,0.0
2.2666666666666666,malecns_connected,0.0,0.4795019280225582,0.0,0.0,-0.0002524643080750214,0.0
2.275,malecns_connected,0.0,0.479499824118715,0.0,0.0,-0.0002524684611826851,0.0
2.283333333333333,malecns_connected,0.0,0.4794977201811873,0.0,0.0,-0.0002524725033252244,0.0
2.2916666666666665,malecns_connected,0.0,0.47949561621087505,0.0,0.0,-0.0002524764374674695,0.0
2.3,malecns_connected,0.0,0.47949351220865427,0.0,0.0,-0.00025248026649503445,0.0
2.308333333333333,malecns_connected,0.0,0.47949140817537744,0.0,0.0,-0.0002524839932164339,0.0
2.3166666666666664,malecns_connected,0.0,0.4794893041118744,0.0,0.0,-0.00025248762036514296,0.0
2.325,malecns_connected,0.0,0.47948720001895273,0.0,0.0,-0.00025249115060160213,0.0
2.3333333333333335,malecns_connected,0.0,0.47948509589739846,0.0,0.0,-0.00025249458651516876,0.0
2.341666666666667,malecns_connected,0.0,0.4794829917479766,0.0,0.0,-0.00025249793062601626,0.0
2.35,malecns_connected,0.0,0.4794808875714317,0.0,0.0,-0.00025250118538698265,0.0
2.3583333333333334,malecns_connected,0.0,0.4794787833684885,0.0,0.0,-0.00025250435318536953,0.0
2.3666666666666667,malecns_connected,0.0,0.47947667913985226,0.0,0.0,-0.0002525074363446932,0.0
2.375,malecns_connected,0.0,0.47947457488620954,0.0,0.0,-0.00025251043712638897,0.0
2.3833333333333333,malecns_connected,0.0,0.47947247060822845,0.0,0.0,-0.00025251335773146977,0.0
2.3916666666666666,malecns_connected,0.0,0.47947036630655926,0.0,0.0,-0.0002525162003021406,0.0
2.4,malecns_connected,0.0,0.4794682619818349,0.0,0.0,-0.0002525189669233698,0.0
2.408333333333333,malecns_connected,0.0,0.4794661576346714,0.0,0.0,-0.0002525216596244183,0.0
2.4166666666666665,malecns_connected,0.0,0.4794640532656682,0.0,0.0,-0.0002525242803803281,0.0
2.425,malecns_connected,0.0,0.47946194887540894,0.0,0.0,-0.000252526831113371,0.0
2.433333333333333,malecns_connected,0.0,0.4794598444644615,0.0,0.0,-0.0002525293136944582,0.0
2.4416666666666664,malecns_connected,0.0,0.4794577400333786,0.0,0.0,-0.00025253172994451294,0.0
2.45,malecns_connected,0.0,0.4794556355826983,0.0,0.0,-0.00025253408163580603,0.0
2.4583333333333335,malecns_connected,0.0,0.4794535311129442,0.0,0.0,-0.00025253637049325563,0.0
2.466666666666667,malecns_connected,0.0,0.4794514266246259,0.0,0.0,-0.00025253859819569265,0.0
2.475,malecns_connected,0.0,0.47944932211823943,0.0,0.0,-0.00025254076637709193,0.0
2.4833333333333334,malecns_connected,0.0,0.4794472175942675,0.0,0.0,-0.00025254287662777083,0.0
2.4916666666666667,malecns_connected,0.0,0.47944511305318005,0.0,0.0,-0.00025254493049555577,0.0
2.5,malecns_connected,0.0,0.4794430084954343,0.0,0.0,-0.00025254692948691737,0.0
2.5083333333333333,malecns_connected,0.0,0.4794409039214754,0.0,0.0,-0.00025254887506807557,0.0
2.5166666666666666,malecns_connected,0.0,0.47943879933173655,0.0,0.0,-0.000252550768666075,0.0
2.525,malecns_connected,0.0,0.4794366947266393,0.0,0.0,-0.0002525526116698316,0.0
2.533333333333333,malecns_connected,0.0,0.47943459010659406,0.0,0.0,-0.00025255440543115154,0.0
2.5416666666666665,malecns_connected,0.0,0.4794324854720002,0.0,0.0,-0.0002525561512657226,0.0
2.55,malecns_connected,0.0,0.4794303808232464,0.0,0.0,-0.00025255785045407927,0.0
2.558333333333333,malecns_connected,0.0,0.47942827616071104,0.0,0.0,-0.00025255950424254205,0.0
2.5666666666666664,malecns_connected,0.0,0.47942617148476235,0.0,0.0,-0.0002525611138441315,0.0
2.575,malecns_connected,0.0,0.4794240667957587,0.0,0.0,-0.0002525626804394579,0.0
2.5833333333333335,malecns_connected,0.0,0.4794219620940489,0.0,0.0,-0.00025256420517758737,0.0
2.591666666666667,malecns_connected,0.0,0.47941985737997245,0.0,0.0,-0.0002525656891768847,0.0
2.6,malecns_connected,0.0,0.4794177526538597,0.0,0.0,-0.0002525671335258334,0.0
2.6083333333333334,malecns_connected,0.0,0.47941564791603236,0.0,0.0,-0.0002525685392838344,0.0
2.6166666666666667,malecns_connected,0.0,0.47941354316680335,0.0,0.0,-0.0002525699074819828,0.0
2.625,malecns_connected,0.0,0.4794114384064773,0.0,0.0,-0.00025257123912382447,0.0
2.6333333333333333,malecns_connected,0.0,0.47940933363535077,0.0,0.0,-0.0002525725351860919,0.0
2.6416666666666666,malecns_connected,0.0,0.4794072288537123,0.0,0.0,-0.00025257379661942057,0.0
2.65,malecns_connected,0.0,0.4794051240618427,0.0,0.0,-0.0002525750243490465,0.0
2.658333333333333,malecns_connected,0.0,0.47940301926001544,0.0,0.0,-0.0002525762192754846,0.0
2.6666666666666665,malecns_connected,0.0,0.4794009144484965,0.0,0.0,-0.00025257738227518945,0.0
2.675,malecns_connected,0.0,0.4793988096275448,0.0,0.0,-0.0002525785142011978,0.0
2.683333333333333,malecns_connected,0.0,0.4793967047974124,0.0,0.0,-0.0002525796158837546,0.0
2.6916666666666664,malecns_connected,0.0,0.47939459995834466,0.0,0.0,-0.0002525806881309219,0.0
2.7,malecns_connected,0.0,0.47939249511058024,0.0,0.0,-0.00025258173172917133,0.0
2.7083333333333335,malecns_connected,0.0,0.47939039025435154,0.0,0.0,-0.0002525827474439612,0.0
2.716666666666667,malecns_connected,0.0,0.4793882853898847,0.0,0.0,-0.0002525837360202979,0.0
2.725,malecns_connected,0.0,0.47938618051739984,0.0,0.0,-0.0002525846981832822,0.0
2.7333333333333334,malecns_connected,0.0,0.47938407563711116,0.0,0.0,-0.00025258563463864133,0.0
2.7416666666666667,malecns_connected,0.0,0.4793819707492272,0.0,0.0,-0.00025258654607324637,0.0
2.75,malecns_connected,0.0,0.4793798658539509,0.0,0.0,-0.0002525874331556163,0.0
2.7583333333333333,malecns_connected,0.0,0.47937776095147977,0.0,0.0,-0.00025258829653640816,0.0
2.7666666666666666,malecns_connected,0.0,0.47937565604200605,0.0,0.0,-0.00025258913684889436,0.0
2.775,malecns_connected,0.0,0.4793735511257168,0.0,0.0,-0.00025258995470942724,0.0
2.783333333333333,malecns_connected,0.0,0.47937144620279415,0.0,0.0,-0.000252590750717891,0.0
2.7916666666666665,malecns_connected,0.0,0.47936934127341535,0.0,0.0,-0.00025259152545814177,0.0
2.8,malecns_connected,0.0,0.47936723633775286,0.0,0.0,-0.00025259227949843595,0.0
2.808333333333333,malecns_connected,0.0,0.4793651313959746,0.0,0.0,-0.00025259301339184694,0.0
2.8166666666666664,malecns_connected,0.0,0.47936302644824397,0.0,0.0,-0.0002525937276766708,0.0
2.825,malecns_connected,0.0,0.47936092149472,0.0,0.0,-0.000252594422876821,0.0
2.8333333333333335,malecns_connected,0.0,0.47935881653555745,0.0,0.0,-0.0002525950995022129,0.0
2.841666666666667,malecns_connected,0.0,0.47935671157090703,0.0,0.0,-0.00025259575804913756,0.0
2.85,malecns_connected,0.0,0.4793546066009154,0.0,0.0,-0.0002525963990006259,0.0
2.8583333333333334,malecns_connected,0.0,0.4793525016257252,0.0,0.0,-0.0002525970228268029,0.0
2.8666666666666667,malecns_connected,0.0,0.4793503966454753,0.0,0.0,-0.0002525976299852326,0.0
2.875,malecns_connected,0.0,0.47934829166030096,0.0,0.0,-0.00025259822092125344,0.0
2.8833333333333333,malecns_connected,0.0,0.47934618667033374,0.0,0.0,-0.000252598796068305,0.0
2.8916666666666666,malecns_connected,0.0,0.4793440816757017,0.0,0.0,-0.00025259935584824616,0.0
2.9,malecns_connected,0.0,0.47934197667652945,0.0,0.0,-0.00025259990067166415,0.0
2.908333333333333,malecns_connected,0.0,0.4793398716729383,0.0,0.0,-0.00025260043093817605,0.0
2.9166666666666665,malecns_connected,0.0,0.4793377666650463,0.0,0.0,-0.00025260094703672163,0.0
2.925,malecns_connected,0.0,0.4793356616529684,0.0,0.0,-0.0002526014493458488,0.0
2.933333333333333,malecns_connected,0.0,0.4793335566368165,0.0,0.0,-0.0002526019382339912,0.0
2.9416666666666664,malecns_connected,0.0,0.4793314516166993,0.0,0.0,-0.0002526024140597384,0.0
2.95,malecns_connected,0.0,0.4793293465927229,0.0,0.0,-0.000252602877172099,0.0
2.9583333333333335,malecns_connected,0.0,0.47932724156499035,0.0,0.0,-0.00025260332791075666,0.0
2.966666666666667,malecns_connected,0.0,0.479325136533602,0.0,0.0,-0.000252603766606319,0.0
2.975,malecns_connected,0.0,0.47932303149865546,0.0,0.0,-0.0002526041935805605,0.0
2.9833333333333334,malecns_connected,0.0,0.47932092646024593,0.0,0.0,-0.0002526046091466581,0.0
2.9916666666666667,malecns_connected,0.0,0.4793188214184659,0.0,0.0,-0.0002526050136094212,0.0
3.0,malecns_connected,0.0,0.47931671637340534,0.0,0.0,-0.0002526054072655151,0.0
3.0083333333333333,malecns_connected,0.0,0.47931461132515196,0.0,0.0,-0.00025260579040367853,0.0
3.0166666666666666,malecns_connected,0.0,0.4793125062737911,0.0,0.0,-0.00025260616330493566,0.0
3.025,malecns_connected,0.0,0.4793104012194057,0.0,0.0,-0.0002526065262428021,0.0
3.033333333333333,malecns_connected,0.0,0.4793082961620767,0.0,0.0,-0.0002526068794834854,0.0
3.0416666666666665,malecns_connected,0.0,0.47930619110188266,0.0,0.0,-0.0002526072232860805,0.0
3.05,malecns_connected,0.0,0.4793040860389001,0.0,0.0,-0.00025260755790275976,0.0
3.058333333333333,malecns_connected,0.0,0.47930198097320365,0.0,0.0,-0.0002526078835789577,0.0
3.0666666666666664,malecns_connected,0.0,0.4792998759048657,0.0,0.0,-0.00025260820055355123,0.0
3.075,malecns_connected,0.0,0.4792977708339569,0.0,0.0,-0.00025260850905903487,0.0
3.0833333333333335,malecns_connected,0.0,0.4792956657605459,0.0,0.0,-0.0002526088093216912,0.0
3.091666666666667,malecns_connected,0.0,0.4792935606846995,0.0,0.0,-0.0002526091015617568,0.0
3.1,malecns_connected,0.0,0.4792914556064829,0.0,0.0,-0.0002526093859935839,0.0
3.1083333333333334,malecns_connected,0.0,0.47928935052595933,0.0,0.0,-0.0002526096628257975,0.0
3.1166666666666667,malecns_connected,0.0,0.4792872454431905,0.0,0.0,-0.0002526099322614484,0.0
3.125,malecns_connected,0.0,0.4792851403582364,0.0,0.0,-0.0002526101944981623,0.0
3.1333333333333333,malecns_connected,0.0,0.4792830352711553,0.0,0.0,-0.0002526104497282845,0.0
3.1416666666666666,malecns_connected,0.0,0.47928093018200413,0.0,0.0,-0.0002526106981390212,0.0
3.15,malecns_connected,0.0,0.4792788250908382,0.0,0.0,-0.00025261093991257665,0.0
3.158333333333333,malecns_connected,0.0,0.4792767199977113,0.0,0.0,-0.0002526111752262869,0.0
3.1666666666666665,malecns_connected,0.0,0.47927461490267587,0.0,0.0,-0.0002526114042527498,0.0
3.175,malecns_connected,0.0,0.47927250980578284,0.0,0.0,-0.00025261162715995165,0.0
3.183333333333333,malecns_connected,0.0,0.47927040470708193,0.0,0.0,-0.0002526118441113904,0.0
3.1916666666666664,malecns_connected,0.0,0.4792682996066214,0.0,0.0,-0.0002526120552661956,0.0
3.2,malecns_connected,0.0,0.47926619450444824,0.0,0.0,-0.0002526122607792449,0.0
3.2083333333333335,malecns_connected,0.0,0.4792640894006082,0.0,0.0,-0.0002526124608012782,0.0
3.216666666666667,malecns_connected,0.0,0.4792619842951459,0.0,0.0,-0.0002526126554790075,0.0
3.225,malecns_connected,0.0,0.4792598791881046,0.0,0.0,-0.00025261284495522497,0.0
3.2333333333333334,malecns_connected,0.0,0.4792577740795265,0.0,0.0,-0.00025261302936890764,0.0
3.2416666666666667,malecns_connected,0.0,0.4792556689694527,0.0,0.0,-0.00025261320885531927,0.0
3.25,malecns_connected,0.0,0.47925356385792317,0.0,0.0,-0.00025261338354610953,0.0
3.2583333333333333,malecns_connected,0.0,0.47925145874497677,0.0,0.0,-0.00025261355356941053,0.0
3.2666666666666666,malecns_connected,0.0,0.47924935363065135,0.0,0.0,-0.000252613719049931,0.0
3.275,malecns_connected,0.0,0.4792472485149838,0.0,0.0,-0.00025261388010904755,0.0
3.283333333333333,malecns_connected,0.0,0.47924514339800994,0.0,0.0,-0.0002526140368648938,0.0
3.2916666666666665,malecns_connected,0.0,0.47924303827976467,0.0,0.0,-0.000252614189432447,0.0
3.3,malecns_connected,0.0,0.479240933160282,0.0,0.0,-0.00025261433792361234,0.0
3.308333333333333,malecns_connected,0.0,0.47923882803959494,0.0,0.0,-0.0002526144824473051,0.0
3.3166666666666664,malecns_connected,0.0,0.4792367229177357,0.0,0.0,-0.0002526146231095306,0.0
3.3249999999999997,malecns_connected,0.0,0.47923461779473564,0.0,0.0,-0.0002526147600134617,0.0
3.3333333333333335,malecns_connected,0.0,0.47923251267062517,0.0,0.0,-0.0002526148932595146,0.0
3.341666666666667,malecns_connected,0.0,0.47923040754543395,0.0,0.0,-0.00025261502294542267,0.0
3.35,malecns_connected,0.0,0.4792283024191909,0.0,0.0,-0.0002526151491663079,0.0
3.3583333333333334,malecns_connected,0.0,0.4792261972919241,0.0,0.0,-0.00025261527201475076,0.0
3.3666666666666667,malecns_connected,0.0,0.47922409216366096,0.0,0.0,-0.00025261539158085816,0.0
3.375,malecns_connected,0.0,0.47922198703442803,0.0,0.0,-0.0002526155079523294,0.0
3.3833333333333333,malecns_connected,0.0,0.47921988190425124,0.0,0.0,-0.0002526156212145205,0.0
3.3916666666666666,malecns_connected,0.0,0.4792177767731558,0.0,0.0,-0.00025261573145050713,0.0
3.4,malecns_connected,0.0,0.4792156716411663,0.0,0.0,-0.00025261583874114515,0.0
3.408333333333333,malecns_connected,0.0,0.4792135665083066,0.0,0.0,-0.00025261594316513,0.0
3.4166666666666665,malecns_connected,0.0,0.47921146137459997,0.0,0.0,-0.0002526160447990547,0.0
3.425,malecns_connected,0.0,0.479209356240069,0.0,0.0,-0.00025261614371746566,0.0
3.433333333333333,malecns_connected,0.0,0.4792072511047357,0.0,0.0,-0.00025261623999291746,0.0
3.4416666666666664,malecns_connected,0.0,0.47920514596862157,0.0,0.0,-0.00025261633369602626,0.0
3.4499999999999997,malecns_connected,0.0,0.4792030408317474,0.0,0.0,-0.0002526164248955214,0.0
3.4583333333333335,malecns_connected,0.0,0.4792009356941336,0.0,0.0,-0.0002526165136582958,0.0
3.466666666666667,malecns_connected,0.0,0.4791988305557998,0.0,0.0,-0.00025261660004945527,0.0
3.475,malecns_connected,0.0,0.4791967254167654,0.0,0.0,-0.00025261668413236593,0.0
3.4833333333333334,malecns_connected,0.0,0.479194620277049,0.0,0.0,-0.00025261676596870095,0.0
3.4916666666666667,malecns_connected,0.0,0.4791925151366689,0.0,0.0,-0.00025261684561848555,0.0
3.5,malecns_connected,0.0,0.4791904099956427,0.0,0.0,-0.0002526169231401413,0.0
3.5083333333333333,malecns_connected,0.0,0.4791883048539878,0.0,0.0,-0.0002526169985905288,0.0
3.5166666666666666,malecns_connected,0.0,0.4791861997117209,0.0,0.0,-0.00025261707202498934,0.0
3.525,malecns_connected,0.0,0.4791840945688584,0.0,0.0,-0.0002526171434973856,0.0
3.533333333333333,malecns_connected,0.0,0.47918198942541623,0.0,0.0,-0.0002526172130601412,0.0
3.5416666666666665,malecns_connected,0.0,0.47917988428140984,0.0,0.0,-0.000252617280764279,0.0
3.55,malecns_connected,0.0,0.47917777913685433,0.0,0.0,-0.0002526173466594587,0.0
3.558333333333333,malecns_connected,0.0,0.47917567399176436,0.0,0.0,-0.00025261741079401297,0.0
3.5666666666666664,malecns_connected,0.0,0.47917356884615425,0.0,0.0,-0.0002526174732149832,0.0
3.5749999999999997,malecns_connected,0.0,0.4791714637000378,0.0,0.0,-0.00025261753396815405,0.0
3.5833333333333335,malecns_connected,0.0,0.4791693585534287,0.0,0.0,-0.00025261759309808666,0.0
3.591666666666667,malecns_connected,0.0,0.4791672534063399,0.0,0.0,-0.00025261765064815163,0.0
3.6,malecns_connected,0.0,0.4791651482587844,0.0,0.0,-0.00025261770666056075,0.0
3.6083333333333334,malecns_connected,0.0,0.4791630431107746,0.0,0.0,-0.000252617761176398,0.0
3.6166666666666667,malecns_connected,0.0,0.4791609379623227,0.0,0.0,-0.0002526178142356498,0.0
3.625,malecns_connected,0.0,0.47915883281344035,0.0,0.0,-0.00025261786587723386,0.0
3.6333333333333333,malecns_connected,0.0,0.4791567276641392,0.0,0.0,-0.0002526179161390283,0.0
3.6416666666666666,malecns_connected,0.0,0.47915462251443036,0.0,0.0,-0.00025261796505789916,0.0
3.65,malecns_connected,0.0,0.4791525173643248,0.0,0.0,-0.00025261801266972744,0.0
3.658333333333333,malecns_connected,0.0,0.47915041221383303,0.0,0.0,-0.0002526180590094355,0.0
3.6666666666666665,malecns_connected,0.0,0.47914830706296546,0.0,0.0,-0.0002526181041110125,0.0
3.675,malecns_connected,0.0,0.4791462019117321,0.0,0.0,-0.0002526181480075396,0.0
3.683333333333333,malecns_connected,0.0,0.47914409676014263,0.0,0.0,-0.00025261819073121394,0.0
3.6916666666666664,malecns_connected,0.0,0.4791419916082067,0.0,0.0,-0.0002526182323133725,0.0
3.6999999999999997,malecns_connected,0.0,0.4791398864559335,0.0,0.0,-0.000252618272784515,0.0
3.7083333333333335,malecns_connected,0.0,0.479137781303332,0.0,0.0,-0.0002526183121743262,0.0
3.716666666666667,malecns_connected,0.0,0.4791356761504111,0.0,0.0,-0.00025261835051169766,0.0
3.725,malecns_connected,0.0,0.47913357099717924,0.0,0.0,-0.0002526183878247492,0.0
3.7333333333333334,malecns_connected,0.0,0.47913146584364474,0.0,0.0,-0.0002526184241408491,0.0
3.7416666666666667,malecns_connected,0.0,0.4791293606898157,0.0,0.0,-0.00025261845948663453,0.0
3.75,malecns_connected,0.0,0.47912725553569996,0.0,0.0,-0.00025261849388803087,0.0
3.7583333333333333,malecns_connected,0.0,0.4791251503813052,0.0,0.0,-0.0002526185273702709,0.0
3.7666666666666666,malecns_connected,0.0,0.4791230452266389,0.0,0.0,-0.0002526185599579131,0.0
3.775,malecns_connected,0.0,0.4791209400717083,0.0,0.0,-0.0002526185916748599,0.0
3.783333333333333,malecns_connected,0.0,0.4791188349165204,0.0,0.0,-0.000252618622544375,0.0
3.7916666666666665,malecns_connected,0.0,0.47911672976108216,0.0,0.0,-0.0002526186525891007,0.0
3.8,malecns_connected,0.0,0.4791146246054002,0.0,0.0,-0.00025261868183107405,0.0
3.808333333333333,malecns_connected,0.0,0.47911251944948113,0.0,0.0,-0.0002526187102917435,0.0
3.8166666666666664,malecns_connected,0.0,0.4791104142933312,0.0,0.0,-0.0002526187379919844,0.0
3.8249999999999997,malecns_connected,0.0,0.47910830913695657,0.0,0.0,-0.00025261876495211427,0.0
3.8333333333333335,malecns_connected,0.0,0.4791062039803633,0.0,0.0,-0.00025261879119190786,0.0
3.841666666666667,malecns_connected,0.0,0.4791040988235572,0.0,0.0,-0.00025261881673061155,0.0
3.85,malecns_connected,0.0,0.479101993666544,0.0,0.0,-0.00025261884158695743,0.0
3.8583333333333334,malecns_connected,0.0,0.47909988850932916,0.0,0.0,-0.0002526188657791771,0.0
3.8666666666666667,malecns_connected,0.0,0.4790977833519181,0.0,0.0,-0.0002526188893250151,0.0
3.875,malecns_connected,0.0,0.4790956781943161,0.0,0.0,-0.0002526189122417418,0.0
3.8833333333333333,malecns_connected,0.0,0.4790935730365282,0.0,0.0,-0.00025261893454616623,0.0
3.8916666666666666,malecns_connected,0.0,0.47909146787855944,0.0,0.0,-0.0002526189562546482,0.0
3.9,malecns_connected,0.0,0.4790893627204146,0.0,0.0,-0.0002526189773831104,0.0
3.908333333333333,malecns_connected,0.0,0.47908725756209836,0.0,0.0,-0.00025261899794705016,0.0
3.9166666666666665,malecns_connected,0.0,0.4790851524036153,0.0,0.0,-0.00025261901796155075,0.0
3.925,malecns_connected,0.0,0.47908304724497,0.0,0.0,-0.0002526190374412924,0.0
3.933333333333333,malecns_connected,0.0,0.47908094208616664,0.0,0.0,-0.0002526190564005631,0.0
3.9416666666666664,malecns_connected,0.0,0.47907883692720954,0.0,0.0,-0.000252619074853269,0.0
3.9499999999999997,malecns_connected,0.0,0.4790767317681028,0.0,0.0,-0.0002526190928129449,0.0
3.9583333333333335,malecns_connected,0.0,0.47907462660885036,0.0,0.0,-0.0002526191102927639,0.0
3.966666666666667,malecns_connected,0.0,0.47907252144945617,0.0,0.0,-0.00025261912730554695,0.0
3.975,malecns_connected,0.0,0.479070416289924,0.0,0.0,-0.00025261914386377266,0.0
3.9833333333333334,malecns_connected,0.0,0.4790683111302575,0.0,0.0,-0.00025261915997958615,0.0
3.9916666666666667,malecns_connected,0.0,0.4790662059704603,0.0,0.0,-0.00025261917566480805,0.0
4.0,malecns_connected,0.0,0.47906410081053585,0.0,0.0,-0.0002526191909309432,0.0
4.008333333333333,malecns_connected,0.0,0.4790619956504876,0.0,0.0,-0.0002526192057891889,0.0
4.016666666666667,malecns_connected,0.0,0.4790598904903189,0.0,0.0,-0.00025261922025044347,0.0
4.025,malecns_connected,0.0,0.47905778533003285,0.0,0.0,-0.00025261923432531386,0.0
4.033333333333333,malecns_connected,0.0,0.4790556801696326,0.0,0.0,-0.00025261924802412374,0.0
4.041666666666667,malecns_connected,0.0,0.4790535750091213,0.0,0.0,-0.00025261926135692096,0.0
4.05,malecns_connected,0.0,0.4790514698485019,0.0,0.0,-0.0002526192743334848,0.0
4.058333333333334,malecns_connected,0.0,0.4790493646877772,0.0,0.0,-0.00025261928696333335,0.0
4.066666666666666,malecns_connected,0.0,0.4790472595269501,0.0,0.0,-0.0002526192992557303,0.0
4.075,malecns_connected,0.0,0.47904515436602324,0.0,0.0,-0.00025261931121969193,0.0
4.083333333333333,malecns_connected,0.0,0.47904304920499935,0.0,0.0,-0.0002526193228639935,0.0
4.091666666666667,malecns_connected,0.0,0.47904094404388103,0.0,0.0,-0.00025261933419717594,0.0
4.1,malecns_connected,0.0,0.4790388388826708,0.0,0.0,-0.0002526193452275519,0.0
4.108333333333333,malecns_connected,0.0,0.4790367337213711,0.0,0.0,-0.00025261935596321186,0.0
4.116666666666666,malecns_connected,0.0,0.47903462855998435,0.0,0.0,-0.00025261936641203026,0.0
4.125,malecns_connected,0.0,0.4790325233985128,0.0,0.0,-0.00025261937658167116,0.0
4.133333333333333,malecns_connected,0.0,0.4790304182369588,0.0,0.0,-0.0002526193864795937,0.0
4.141666666666667,malecns_connected,0.0,0.4790283130753245,0.0,0.0,-0.00025261939611305787,0.0
4.15,malecns_connected,0.0,0.4790262079136121,0.0,0.0,-0.00025261940548912957,0.0
4.158333333333333,malecns_connected,0.0,0.47902410275182367,0.0,0.0,-0.000252619414614686,0.0
4.166666666666667,malecns_connected,0.0,0.47902199758996117,0.0,0.0,-0.0002526194234964205,0.0
4.175,malecns_connected,0.0,0.4790198924280267,0.0,0.0,-0.0002526194321408477,0.0
4.183333333333334,malecns_connected,0.0,0.47901778726602207,0.0,0.0,-0.0002526194405543082,0.0
4.191666666666666,malecns_connected,0.0,0.4790156821039492,0.0,0.0,-0.00025261944874297294,0.0
4.2,malecns_connected,0.0,0.4790135769418099,0.0,0.0,-0.0002526194567128482,0.0
4.208333333333333,malecns_connected,0.0,0.479011471779606,0.0,0.0,-0.0002526194644697798,0.0
4.216666666666667,malecns_connected,0.0,0.47900936661733917,0.0,0.0,-0.0002526194720194572,0.0
4.225,malecns_connected,0.0,0.4790072614550111,0.0,0.0,-0.000252619479367418,0.0
4.233333333333333,malecns_connected,0.0,0.47900515629262347,0.0,0.0,-0.0002526194865190517,0.0
4.241666666666666,malecns_connected,0.0,0.4790030511301778,0.0,0.0,-0.00025261949347960396,0.0
4.25,malecns_connected,0.0,0.47900094596767573,0.0,0.0,-0.00025261950025418014,0.0
4.258333333333333,malecns_connected,0.0,0.4789988408051187,0.0,0.0,-0.0002526195068477493,0.0
4.266666666666667,malecns_connected,0.0,0.4789967356425081,0.0,0.0,-0.00025261951326514766,0.0
4.275,malecns_connected,0.0,0.47899463047984553,0.0,0.0,-0.0002526195195110823,0.0
4.283333333333333,malecns_connected,0.0,0.47899252531713227,0.0,0.0,-0.00025261952559013445,0.0
4.291666666666667,malecns_connected,0.0,0.4789904201543697,0.0,0.0,-0.00025261953150676296,0.0
4.3,malecns_connected,0.0,0.4789883149915592,0.0,0.0,-0.00025261953726530764,0.0
4.308333333333334,malecns_connected,0.0,0.47898620982870194,0.0,0.0,-0.0002526195428699922,0.0
4.316666666666666,malecns_connected,0.0,0.4789841046657992,0.0,0.0,-0.00025261954832492755,0.0
4.325,malecns_connected,0.0,0.47898199950285225,0.0,0.0,-0.0002526195536341148,0.0
4.333333333333333,malecns_connected,0.0,0.47897989433986227,0.0,0.0,-0.0002526195588014481,0.0
4.341666666666667,malecns_connected,0.0,0.47897778917683037,0.0,0.0,-0.00025261956383071756,0.0
4.35,malecns_connected,0.0,0.4789756840137577,0.0,0.0,-0.0002526195687256121,0.0
4.358333333333333,malecns_connected,0.0,0.4789735788506453,0.0,0.0,-0.00025261957348972206,0.0
4.366666666666666,malecns_connected,0.0,0.4789714736874942,0.0,0.0,-0.0002526195781265418,0.0
4.375,malecns_connected,0.0,0.47896936852430555,0.0,0.0,-0.0002526195826394723,0.0
4.383333333333333,malecns_connected,0.0,0.4789672633610803,0.0,0.0,-0.00025261958703182375,0.0
4.391666666666667,malecns_connected,0.0,0.47896515819781943,0.0,0.0,-0.00025261959130681784,0.0
4.4,malecns_connected,0.0,0.47896305303452386,0.0,0.0,-0.00025261959546759016,0.0
4.408333333333333,malecns_connected,0.0,0.47896094787119453,0.0,0.0,-0.00025261959951719255,0.0
4.416666666666667,malecns_connected,0.0,0.4789588427078324,0.0,0.0,-0.0002526196034585953,0.0
4.425,malecns_connected,0.0,0.4789567375444383,0.0,0.0,-0.0002526196072946894,0.0
4.433333333333334,malecns_connected,0.0,0.47895463238101305,0.0,0.0,-0.00025261961102828856,0.0
4.441666666666666,malecns_connected,0.0,0.47895252721755754,0.0,0.0,-0.00025261961466213124,0.0
4.45,malecns_connected,0.0,0.47895042205407257,0.0,0.0,-0.0002526196181988828,0.0
4.458333333333333,malecns_connected,0.0,0.4789483168905589,0.0,0.0,-0.0002526196216411374,0.0
4.466666666666667,malecns_connected,0.0,0.4789462117270173,0.0,0.0,-0.0002526196249914199,0.0
4.475,malecns_connected,0.0,0.47894410656344855,0.0,0.0,-0.00025261962825218757,0.0
4.483333333333333,malecns_connected,0.0,0.4789420013998533,0.0,0.0,-0.00025261963142583224,0.0
4.491666666666666,malecns_connected,0.0,0.47893989623623234,0.0,0.0,-0.0002526196345146816,0.0
4.5,malecns_connected,0.0,0.4789377910725863,0.0,0.0,-0.0002526196375210013,0.0
4.508333333333333,malecns_connected,0.0,0.47893568590891594,0.0,0.0,-0.0002526196404469964,0.0
4.516666666666667,malecns_connected,0.0,0.4789335807452218,0.0,0.0,-0.0002526196432948131,0.0
4.525,malecns_connected,0.0,0.47893147558150456,0.0,0.0,-0.00025261964606654015,0.0
4.533333333333333,malecns_connected,0.0,0.47892937041776484,0.0,0.0,-0.00025261964876421064,0.0
4.541666666666667,malecns_connected,0.0,0.47892726525400325,0.0,0.0,-0.0002526196513898032,0.0
4.55,malecns_connected,0.0,0.4789251600902204,0.0,0.0,-0.0002526196539452437,0.0
4.558333333333334,malecns_connected,0.0,0.4789230549264168,0.0,0.0,-0.00025261965643240647,0.0
4.566666666666666,malecns_connected,0.0,0.47892094976259303,0.0,0.0,-0.00025261965885311577,0.0
4.575,malecns_connected,0.0,0.4789188445987496,0.0,0.0,-0.00025261966120914716,0.0
4.583333333333333,malecns_connected,0.0,0.4789167394348871,0.0,0.0,-0.00025261966350222873,0.0
4.591666666666667,malecns_connected,0.0,0.478914634271006,0.0,0.0,-0.0002526196657340424,0.0
4.6,malecns_connected,0.0,0.4789125291071068,0.0,0.0,-0.0002526196679062252,0.0
4.608333333333333,malecns_connected,0.0,0.47891042394318994,0.0,0.0,-0.0002526196700203704,0.0
4.616666666666666,malecns_connected,0.0,0.47890831877925594,0.0,0.0,-0.00025261967207802863,0.0
4.625,malecns_connected,0.0,0.4789062136153053,0.0,0.0,-0.00025261967408070915,0.0
4.633333333333333,malecns_connected,0.0,0.47890410845133835,0.0,0.0,-0.00025261967602988093,0.0
4.641666666666667,malecns_connected,0.0,0.4789020032873556,0.0,0.0,-0.0002526196779269736,0.0
4.65,malecns_connected,0.0,0.4788998981233575,0.0,0.0,-0.0002526196797733787,0.0
4.658333333333333,malecns_connected,0.0,0.47889779295934437,0.0,0.0,-0.00025261968157045046,0.0
4.666666666666667,malecns_connected,0.0,0.4788956877953167,0.0,0.0,-0.00025261968331950703,0.0
4.675,malecns_connected,0.0,0.47889358263127485,0.0,0.0,-0.0002526196850218313,0.0
4.683333333333334,malecns_connected,0.0,0.4788914774672192,0.0,0.0,-0.00025261968667867187,0.0
4.691666666666666,malecns_connected,0.0,0.47888937230315015,0.0,0.0,-0.000252619688291244,0.0
4.7,malecns_connected,0.0,0.478887267139068,0.0,0.0,-0.0002526196898607305,0.0
4.708333333333333,malecns_connected,0.0,0.4788851619749731,0.0,0.0,-0.00025261969138828255,0.0
4.716666666666667,malecns_connected,0.0,0.4788830568108658,0.0,0.0,-0.00025261969287502064,0.0
4.725,malecns_connected,0.0,0.47888095164674643,0.0,0.0,-0.0002526196943220352,0.0
4.733333333333333,malecns_connected,0.0,0.47887884648261536,0.0,0.0,-0.0002526196957303875,0.0
4.741666666666666,malecns_connected,0.0,0.47887674131847285,0.0,0.0,-0.0002526196971011107,0.0
4.75,malecns_connected,0.0,0.47887463615431924,0.0,0.0,-0.0002526196984352101,0.0
4.758333333333333,malecns_connected,0.0,0.4788725309901548,0.0,0.0,-0.0002526196997336643,0.0
4.766666666666667,malecns_connected,0.0,0.47887042582597983,0.0,0.0,-0.00025261970099742557,0.0
4.775,malecns_connected,0.0,0.4788683206617946,0.0,0.0,-0.000252619702227421,0.0
4.783333333333333,malecns_connected,0.0,0.4788662154975994,0.0,0.0,-0.0002526197034245527,0.0
4.791666666666667,malecns_connected,0.0,0.4788641103333945,0.0,0.0,-0.00025261970458969875,0.0
4.8,malecns_connected,0.0,0.47886200516918015,0.0,0.0,-0.0002526197057237137,0.0
4.808333333333334,malecns_connected,0.0,0.4788599000049566,0.0,0.0,-0.0002526197068274295,0.0
4.816666666666666,malecns_connected,0.0,0.4788577948407241,0.0,0.0,-0.0002526197079016555,0.0
4.825,malecns_connected,0.0,0.4788556896764829,0.0,0.0,-0.00025261970894717976,0.0
4.833333333333333,malecns_connected,0.0,0.4788535845122332,0.0,0.0,-0.0002526197099647691,0.0
4.841666666666667,malecns_connected,0.0,0.47885147934797523,0.0,0.0,-0.00025261971095516983,0.0
4.85,malecns_connected,0.0,0.4788493741837092,0.0,0.0,-0.0002526197119191085,0.0
4.858333333333333,malecns_connected,0.0,0.4788472690194354,0.0,0.0,-0.0002526197128572921,0.0
4.866666666666666,malecns_connected,0.0,0.478845163855154,0.0,0.0,-0.0002526197137704088,0.0
4.875,malecns_connected,0.0,0.4788430586908652,0.0,0.0,-0.0002526197146591283,0.0
4.883333333333333,malecns_connected,0.0,0.47884095352656914,0.0,0.0,-0.00025261971552410247,0.0
4.891666666666667,malecns_connected,0.0,0.4788388483622661,0.0,0.0,-0.0002526197163659658,0.0
4.9,malecns_connected,0.0,0.4788367431979562,0.0,0.0,-0.0002526197171853357,0.0
4.908333333333333,malecns_connected,0.0,0.4788346380336397,0.0,0.0,-0.00025261971798281317,0.0
4.916666666666667,malecns_connected,0.0,0.4788325328693167,0.0,0.0,-0.00025261971875898325,0.0
4.925,malecns_connected,0.0,0.4788304277049874,0.0,0.0,-0.0002526197195144151,0.0
4.933333333333334,malecns_connected,0.0,0.478828322540652,0.0,0.0,-0.0002526197202496629,0.0
4.941666666666666,malecns_connected,0.0,0.4788262173763106,0.0,0.0,-0.00025261972096526594,0.0
4.95,malecns_connected,0.0,0.4788241122119634,0.0,0.0,-0.0002526197216617491,0.0
4.958333333333333,malecns_connected,0.0,0.4788220070476106,0.0,0.0,-0.00025261972233962327,0.0
4.966666666666667,malecns_connected,0.0,0.47881990188325224,0.0,0.0,-0.00025261972299938555,0.0
4.975,malecns_connected,0.0,0.4788177967188886,0.0,0.0,-0.00025261972364151996,0.0
4.983333333333333,malecns_connected,0.0,0.4788156915545197,0.0,0.0,-0.0002526197242664974,0.0
4.991666666666666,malecns_connected,0.0,0.47881358639014576,0.0,0.0,-0.0002526197248747764,0.0
5.0,malecns_connected,0.0,0.4788114812257669,0.0,0.0,-0.000252619725466803,0.0
5.008333333333333,malecns_connected,0.0,0.4788093760613832,0.0,0.0,-0.00025261972604301145,0.0
5.016666666666667,malecns_connected,0.0,0.4788072708969948,0.0,0.0,-0.00025261972660382446,0.0
5.025,malecns_connected,0.0,0.4788051657326019,0.0,0.0,-0.00025261972714965336,0.0
5.033333333333333,malecns_connected,0.0,0.47880306056820454,0.0,0.0,-0.0002526197276808985,0.0
5.041666666666667,malecns_connected,0.0,0.4788009554038029,0.0,0.0,-0.0002526197281979495,0.0
5.05,malecns_connected,0.0,0.47879885023939706,0.0,0.0,-0.00025261972870118564,0.0
5.058333333333334,malecns_connected,0.0,0.47879674507498715,0.0,0.0,-0.00025261972919097604,0.0
5.066666666666666,malecns_connected,0.0,0.47879463991057325,0.0,0.0,-0.00025261972966767994,0.0
5.075,malecns_connected,0.0,0.47879253474615546,0.0,0.0,-0.000252619730131647,0.0
5.083333333333333,malecns_connected,0.0,0.47879042958173396,0.0,0.0,-0.0002526197305832175,0.0
5.091666666666667,malecns_connected,0.0,0.4787883244173088,0.0,0.0,-0.0002526197310227227,0.0
5.1,malecns_connected,0.0,0.47878621925288,0.0,0.0,-0.0002526197314504849,0.0
5.108333333333333,malecns_connected,0.0,0.4787841140884478,0.0,0.0,-0.0002526197318668179,0.0
5.116666666666666,malecns_connected,0.0,0.4787820089240122,0.0,0.0,-0.00025261973227202713,0.0
5.125,malecns_connected,0.0,0.4787799037595733,0.0,0.0,-0.00025261973266640973,0.0
5.133333333333333,malecns_connected,0.0,0.4787777985951312,0.0,0.0,-0.000252619733050255,0.0
5.141666666666667,malecns_connected,0.0,0.478775693430686,0.0,0.0,-0.0002526197334238445,0.0
5.15,malecns_connected,0.0,0.4787735882662378,0.0,0.0,-0.0002526197337874522,0.0
5.158333333333333,malecns_connected,0.0,0.4787714831017866,0.0,0.0,-0.00025261973414134476,0.0
5.166666666666667,malecns_connected,0.0,0.47876937793733254,0.0,0.0,-0.00025261973448578186,0.0
5.175,malecns_connected,0.0,0.4787672727728757,0.0,0.0,-0.0002526197348210161,0.0
5.183333333333334,malecns_connected,0.0,0.4787651676084161,0.0,0.0,-0.00025261973514729334,0.0
5.191666666666666,malecns_connected,0.0,0.4787630624439539,0.0,0.0,-0.00025261973546485296,0.0
5.2,malecns_connected,0.0,0.4787609572794891,0.0,0.0,-0.0002526197357739278,0.0
5.208333333333333,malecns_connected,0.0,0.4787588521150218,0.0,0.0,-0.0002526197360747446,0.0
5.216666666666667,malecns_connected,0.0,0.47875674695055204,0.0,0.0,-0.00025261973636752397,0.0
5.225,malecns_connected,0.0,0.47875464178607996,0.0,0.0,-0.0002526197366524807,0.0
5.233333333333333,malecns_connected,0.0,0.47875253662160555,0.0,0.0,-0.0002526197369298238,0.0
5.241666666666666,malecns_connected,0.0,0.47875043145712887,0.0,0.0,-0.00025261973719975674,0.0
5.25,malecns_connected,0.0,0.47874832629265,0.0,0.0,-0.0002526197374624774,0.0
5.258333333333333,malecns_connected,0.0,0.47874622112816906,0.0,0.0,-0.0002526197377181786,0.0
5.266666666666667,malecns_connected,0.0,0.478744115963686,0.0,0.0,-0.00025261973796704776,0.0
5.275,malecns_connected,0.0,0.4787420107992009,0.0,0.0,-0.00025261973820926747,0.0
5.283333333333333,malecns_connected,0.0,0.47873990563471386,0.0,0.0,-0.00025261973844501546,0.0
5.291666666666667,malecns_connected,0.0,0.4787378004702249,0.0,0.0,-0.00025261973867446463,0.0
5.3,malecns_connected,0.0,0.47873569530573407,0.0,0.0,-0.0002526197388977832,0.0
5.308333333333334,malecns_connected,0.0,0.47873359014124145,0.0,0.0,-0.000252619739115135,0.0
5.316666666666666,malecns_connected,0.0,0.47873148497674706,0.0,0.0,-0.0002526197393266795,0.0
5.325,malecns_connected,0.0,0.47872937981225094,0.0,0.0,-0.0002526197395325719,0.0
5.333333333333333,malecns_connected,0.0,0.47872727464775316,0.0,0.0,-0.000252619739732963,0.0
5.341666666666667,malecns_connected,0.0,0.4787251694832538,0.0,0.0,-0.000252619739928,0.0
5.35,malecns_connected,0.0,0.4787230643187528,0.0,0.0,-0.0002526197401178259,0.0
5.358333333333333,malecns_connected,0.0,0.4787209591542503,0.0,0.0,-0.0002526197403025799,0.0
5.366666666666666,malecns_connected,0.0,0.4787188539897463,0.0,0.0,-0.00025261974048239755,0.0
5.375,malecns_connected,0.0,0.4787167488252408,0.0,0.0,-0.00025261974065741077,0.0
5.383333333333333,malecns_connected,0.0,0.4787146436607339,0.0,0.0,-0.0002526197408277478,0.0
5.391666666666667,malecns_connected,0.0,0.47871253849622564,0.0,0.0,-0.0002526197409935337,0.0
5.4,malecns_connected,0.0,0.47871043333171603,0.0,0.0,-0.00025261974115489005,0.0
5.408333333333333,malecns_connected,0.0,0.4787083281672051,0.0,0.0,-0.0002526197413119352,0.0
5.416666666666667,malecns_connected,0.0,0.4787062230026929,0.0,0.0,-0.00025261974146478436,0.0
5.425,malecns_connected,0.0,0.47870411783817945,0.0,0.0,-0.0002526197416135496,0.0
5.433333333333334,malecns_connected,0.0,0.4787020126736648,0.0,0.0,-0.00025261974175834,0.0
5.441666666666666,malecns_connected,0.0,0.478699907509149,0.0,0.0,-0.00025261974189926185,0.0
5.45,malecns_connected,0.0,0.478697802344632,0.0,0.0,-0.0002526197420364184,0.0
5.458333333333333,malecns_connected,0.0,0.4786956971801139,0.0,0.0,-0.00025261974216991037,0.0
5.466666666666667,malecns_connected,0.0,0.47869359201559475,0.0,0.0,-0.00025261974229983563,0.0
5.475,malecns_connected,0.0,0.47869148685107454,0.0,0.0,-0.0002526197424262895,0.0
5.483333333333333,malecns_connected,0.0,0.4786893816865533,0.0,0.0,-0.00025261974254936465,0.0
5.491666666666666,malecns_connected,0.0,0.478687276522031,0.0,0.0,-0.0002526197426691514,0.0
5.5,malecns_connected,0.0,0.4786851713575078,0.0,0.0,-0.0002526197427857377,0.0
5.508333333333333,malecns_connected,0.0,0.4786830661929837,0.0,0.0,-0.0002526197428992089,0.0
5.516666666666667,malecns_connected,0.0,0.4786809610284586,0.0,0.0,-0.0002526197430096483,0.0
5.525,malecns_connected,0.0,0.4786788558639326,0.0,0.0,-0.000252619743117137,0.0
5.533333333333333,malecns_connected,0.0,0.47867675069940574,0.0,0.0,-0.0002526197432217537,0.0
5.541666666666667,malecns_connected,0.0,0.47867464553487804,0.0,0.0,-0.0002526197433235752,0.0
5.55,malecns_connected,0.0,0.4786725403703495,0.0,0.0,-0.00025261974342267616,0.0
5.558333333333334,malecns_connected,0.0,0.4786704352058202,0.0,0.0,-0.0002526197435191293,0.0
5.566666666666666,malecns_connected,0.0,0.4786683300412901,0.0,0.0,-0.0002526197436130053,0.0
5.575,malecns_connected,0.0,0.47866622487675925,0.0,0.0,-0.0002526197437043731,0.0
5.583333333333333,malecns_connected,0.0,0.47866411971222766,0.0,0.0,-0.00025261974379329967,0.0
5.591666666666667,malecns_connected,0.0,0.47866201454769536,0.0,0.0,-0.00025261974387985023,0.0
5.6,malecns_connected,0.0,0.47865990938316233,0.0,0.0,-0.00025261974396408835,0.0
5.608333333333333,malecns_connected,0.0,0.47865780421862864,0.0,0.0,-0.0002526197440460757,0.0
5.616666666666666,malecns_connected,0.0,0.4786556990540943,0.0,0.0,-0.00025261974412587245,0.0
5.625,malecns_connected,0.0,0.47865359388955925,0.0,0.0,-0.00025261974420353716,0.0
5.633333333333333,malecns_connected,0.0,0.4786514887250236,0.0,0.0,-0.0002526197442791268,0.0
5.641666666666667,malecns_connected,0.0,0.47864938356048736,0.0,0.0,-0.0002526197443526968,0.0
5.65,malecns_connected,0.0,0.4786472783959505,0.0,0.0,-0.0002526197444243011,0.0
5.658333333333333,malecns_connected,0.0,0.47864517323141303,0.0,0.0,-0.0002526197444939922,0.0
5.666666666666667,malecns_connected,0.0,0.478643068066875,0.0,0.0,-0.00025261974456182126,0.0
5.675,malecns_connected,0.0,0.47864096290233643,0.0,0.0,-0.00025261974462783806,0.0
5.683333333333334,malecns_connected,0.0,0.47863885773779735,0.0,0.0,-0.00025261974469209097,0.0
5.691666666666666,malecns_connected,0.0,0.4786367525732577,0.0,0.0,-0.00025261974475462715,0.0
5.7,malecns_connected,0.0,0.4786346474087176,0.0,0.0,-0.00025261974481549247,0.0
5.708333333333333,malecns_connected,0.0,0.47863254224417695,0.0,0.0,-0.00025261974487473154,0.0
5.716666666666667,malecns_connected,0.0,0.4786304370796359,0.0,0.0,-0.00025261974493238784,0.0
5.725,malecns_connected,0.0,0.4786283319150943,0.0,0.0,-0.00025261974498850366,0.0
5.733333333333333,malecns_connected,0.0,0.4786262267505523,0.0,0.0,-0.0002526197450431201,0.0
5.741666666666666,malecns_connected,0.0,0.4786241215860098,0.0,0.0,-0.0002526197450962773,0.0
5.75,malecns_connected,0.0,0.4786220164214669,0.0,0.0,-0.0002526197451480142,0.0
5.758333333333333,malecns_connected,0.0,0.4786199112569236,0.0,0.0,-0.0002526197451983687,0.0
5.766666666666667,malecns_connected,0.0,0.47861780609237986,0.0,0.0,-0.00025261974524737785,0.0
5.775,malecns_connected,0.0,0.47861570092783573,0.0,0.0,-0.00025261974529507754,0.0
5.783333333333333,malecns_connected,0.0,0.4786135957632912,0.0,0.0,-0.00025261974534150275,0.0
5.791666666666667,malecns_connected,0.0,0.4786114905987463,0.0,0.0,-0.0002526197453866876,0.0
5.8,malecns_connected,0.0,0.47860938543420106,0.0,0.0,-0.00025261974543066515,0.0
5.808333333333334,malecns_connected,0.0,0.47860728026965543,0.0,0.0,-0.0002526197454734677,0.0
5.816666666666666,malecns_connected,0.0,0.47860517510510947,0.0,0.0,-0.0002526197455151266,0.0
5.825,malecns_connected,0.0,0.4786030699405632,0.0,0.0,-0.00025261974555567247,0.0
5.833333333333333,malecns_connected,0.0,0.47860096477601655,0.0,0.0,-0.000252619745595135,0.0
5.841666666666667,malecns_connected,0.0,0.4785988596114696,0.0,0.0,-0.0002526197456335431,0.0
5.85,malecns_connected,0.0,0.47859675444692235,0.0,0.0,-0.000252619745670925,0.0
5.858333333333333,malecns_connected,0.0,0.4785946492823748,0.0,0.0,-0.0002526197457073081,0.0
5.866666666666666,malecns_connected,0.0,0.4785925441178269,0.0,0.0,-0.00025261974574271914,0.0
5.875,malecns_connected,0.0,0.4785904389532788,0.0,0.0,-0.00025261974577718403,0.0
5.883333333333333,malecns_connected,0.0,0.4785883337887304,0.0,0.0,-0.00025261974581072805,0.0
5.891666666666667,malecns_connected,0.0,0.4785862286241817,0.0,0.0,-0.00025261974584337587,0.0
5.9,malecns_connected,0.0,0.47858412345963275,0.0,0.0,-0.00025261974587515134,0.0
5.908333333333333,malecns_connected,0.0,0.4785820182950835,0.0,0.0,-0.00025261974590607783,0.0
5.916666666666667,malecns_connected,0.0,0.47857991313053405,0.0,0.0,-0.000252619745936178,0.0
5.925,malecns_connected,0.0,0.4785778079659843,0.0,0.0,-0.0002526197459654739,0.0
5.933333333333334,malecns_connected,0.0,0.47857570280143436,0.0,0.0,-0.00025261974599398706,0.0
5.941666666666666,malecns_connected,0.0,0.4785735976368842,0.0,0.0,-0.0002526197460217384,0.0
5.95,malecns_connected,0.0,0.47857149247233377,0.0,0.0,-0.0002526197460487483,0.0
5.958333333333333,malecns_connected,0.0,0.47856938730778315,0.0,0.0,-0.00025261974607503654,0.0
5.966666666666667,malecns_connected,0.0,0.4785672821432323,0.0,0.0,-0.0002526197461006224,0.0
5.975,malecns_connected,0.0,0.47856517697868123,0.0,0.0,-0.00025261974612552463,0.0
5.983333333333333,malecns_connected,0.0,0.47856307181413,0.0,0.0,-0.0002526197461497615,0.0
5.991666666666666,malecns_connected,0.0,0.47856096664957853,0.0,0.0,-0.0002526197461733508,0.0
6.0,malecns_connected,0.0,0.4785588614850269,0.0,0.0,-0.0002526197461963098,0.0
6.008333333333333,malecns_connected,0.0,0.47855675632047506,0.0,0.0,-0.0002526197462186554,0.0
6.016666666666667,malecns_connected,0.0,0.47855465115592305,0.0,0.0,-0.00025261974624040393,0.0
6.025,malecns_connected,0.0,0.47855254599137087,0.0,0.0,-0.00025261974626157135,0.0
6.033333333333333,malecns_connected,0.0,0.4785504408268185,0.0,0.0,-0.00025261974628217325,0.0
6.041666666666667,malecns_connected,0.0,0.478548335662266,0.0,0.0,-0.0002526197463022247,0.0
6.05,malecns_connected,0.0,0.47854623049771333,0.0,0.0,-0.0002526197463217404,0.0
6.058333333333334,malecns_connected,0.0,0.4785441253331605,0.0,0.0,-0.00025261974634073464,0.0
6.066666666666666,malecns_connected,0.0,0.4785420201686075,0.0,0.0,-0.0002526197463592214,0.0
6.075,malecns_connected,0.0,0.47853991500405435,0.0,0.0,-0.0002526197463772142,0.0
6.083333333333333,malecns_connected,0.0,0.47853780983950106,0.0,0.0,-0.0002526197463947263,0.0
6.091666666666667,malecns_connected,0.0,0.4785357046749476,0.0,0.0,-0.00025261974641177043,0.0
6.1,malecns_connected,0.0,0.47853359951039404,0.0,0.0,-0.0002526197464283592,0.0
6.108333333333333,malecns_connected,0.0,0.47853149434584036,0.0,0.0,-0.0002526197464445048,0.0
6.116666666666666,malecns_connected,0.0,0.4785293891812865,0.0,0.0,-0.000252619746460219,0.0
6.125,malecns_connected,0.0,0.47852728401673256,0.0,0.0,-0.00025261974647551333,0.0
6.133333333333333,malecns_connected,0.0,0.4785251788521785,0.0,0.0,-0.000252619746490399,0.0
6.141666666666667,malecns_connected,0.0,0.47852307368762426,0.0,0.0,-0.000252619746504887,0.0
6.15,malecns_connected,0.0,0.4785209685230699,0.0,0.0,-0.00025261974651898784,0.0
6.158333333333333,malecns_connected,0.0,0.47851886335851546,0.0,0.0,-0.0002526197465327119,0.0
6.166666666666667,malecns_connected,0.0,0.4785167581939609,0.0,0.0,-0.00025261974654606925,0.0
6.175,malecns_connected,0.0,0.4785146530294062,0.0,0.0,-0.00025261974655906976,0.0
6.183333333333334,malecns_connected,0.0,0.4785125478648514,0.0,0.0,-0.00025261974657172294,0.0
6.191666666666666,malecns_connected,0.0,0.4785104427002966,0.0,0.0,-0.000252619746584038,0.0
6.2,malecns_connected,0.0,0.4785083375357416,0.0,0.0,-0.00025261974659602403,0.0
6.208333333333333,malecns_connected,0.0,0.47850623237118656,0.0,0.0,-0.00025261974660768983,0.0
6.216666666666667,malecns_connected,0.0,0.4785041272066314,0.0,0.0,-0.0002526197466190439,0.0
6.225,malecns_connected,0.0,0.47850202204207615,0.0,0.0,-0.00025261974663009465,0.0
6.233333333333333,malecns_connected,0.0,0.4784999168775208,0.0,0.0,-0.0002526197466408501,0.0
6.241666666666666,malecns_connected,0.0,0.47849781171296535,0.0,0.0,-0.00025261974665131824,0.0
6.25,malecns_connected,0.0,0.47849570654840984,0.0,0.0,-0.00025261974666150665,0.0
6.258333333333333,malecns_connected,0.0,0.4784936013838542,0.0,0.0,-0.0002526197466714228,0.0
6.266666666666667,malecns_connected,0.0,0.47849149621929854,0.0,0.0,-0.00025261974668107406,0.0
6.275,malecns_connected,0.0,0.4784893910547428,0.0,0.0,-0.0002526197466904674,0.0
6.283333333333333,malecns_connected,0.0,0.47848728589018696,0.0,0.0,-0.0002526197466996098,0.0
6.291666666666667,malecns_connected,0.0,0.47848518072563107,0.0,0.0,-0.0002526197467085079,0.0
6.3,malecns_connected,0.0,0.4784830755610751,0.0,0.0,-0.0002526197467171683,0.0
6.308333333333334,malecns_connected,0.0,0.47848097039651905,0.0,0.0,-0.0002526197467255973,0.0
6.316666666666666,malecns_connected,0.0,0.4784788652319629,0.0,0.0,-0.0002526197467338011,0.0
6.325,malecns_connected,0.0,0.47847676006740675,0.0,0.0,-0.0002526197467417857,0.0
6.333333333333333,malecns_connected,0.0,0.4784746549028505,0.0,0.0,-0.0002526197467495569,0.0
6.341666666666667,malecns_connected,0.0,0.47847254973829423,0.0,0.0,-0.00025261974675712054,0.0
6.35,malecns_connected,0.0,0.4784704445737379,0.0,0.0,-0.00025261974676448205,0.0
6.358333333333333,malecns_connected,0.0,0.47846833940918143,0.0,0.0,-0.0002526197467716469,0.0
6.366666666666666,malecns_connected,0.0,0.4784662342446249,0.0,0.0,-0.00025261974677862027,0.0
6.375,malecns_connected,0.0,0.47846412908006836,0.0,0.0,-0.00025261974678540737,0.0
6.383333333333333,malecns_connected,0.0,0.47846202391551174,0.0,0.0,-0.0002526197467920131,0.0
6.391666666666667,malecns_connected,0.0,0.47845991875095506,0.0,0.0,-0.00025261974679844236,0.0
6.4,malecns_connected,0.0,0.47845781358639833,0.0,0.0,-0.00025261974680469983,0.0
6.408333333333333,malecns_connected,0.0,0.4784557084218416,0.0,0.0,-0.0002526197468107901,0.0
6.416666666666667,malecns_connected,0.0,0.4784536032572848,0.0,0.0,-0.00025261974681671767,0.0
6.425,malecns_connected,0.0,0.47845149809272797,0.0,0.0,-0.0002526197468224868,0.0
6.433333333333334,malecns_connected,0.0,0.47844939292817107,0.0,0.0,-0.00025261974682810184,0.0
6.441666666666666,malecns_connected,0.0,0.4784472877636141,0.0,0.0,-0.0002526197468335668,0.0
6.45,malecns_connected,0.0,0.4784451825990571,0.0,0.0,-0.0002526197468388858,0.0
6.458333333333333,malecns_connected,0.0,0.4784430774345001,0.0,0.0,-0.00025261974684406266,0.0
6.466666666666667,malecns_connected,0.0,0.47844097226994303,0.0,0.0,-0.0002526197468491012,0.0
6.475,malecns_connected,0.0,0.4784388671053859,0.0,0.0,-0.0002526197468540051,0.0
6.483333333333333,malecns_connected,0.0,0.47843676194082874,0.0,0.0,-0.00025261974685877804,0.0
6.491666666666666,malecns_connected,0.0,0.47843465677627156,0.0,0.0,-0.0002526197468634234,0.0
6.5,malecns_connected,0.0,0.47843255161171433,0.0,0.0,-0.0002526197468679447,0.0
6.508333333333333,malecns_connected,0.0,0.47843044644715704,0.0,0.0,-0.00025261974687234515,0.0
6.516666666666667,malecns_connected,0.0,0.47842834128259976,0.0,0.0,-0.000252619746876628,0.0
6.5249999999999995,malecns_connected,0.0,0.4784262361180424,0.0,0.0,-0.00025261974688079646,0.0
6.533333333333333,malecns_connected,0.0,0.478424130953485,0.0,0.0,-0.00025261974688485354,0.0
6.541666666666667,malecns_connected,0.0,0.4784220257889276,0.0,0.0,-0.0002526197468888022,0.0
6.55,malecns_connected,0.0,0.47841992062437017,0.0,0.0,-0.0002526197468926454,0.0
6.558333333333334,malecns_connected,0.0,0.4784178154598127,0.0,0.0,-0.0002526197468963859,0.0
6.566666666666666,malecns_connected,0.0,0.4784157102952552,0.0,0.0,-0.0002526197469000264,0.0
6.575,malecns_connected,0.0,0.4784136051306977,0.0,0.0,-0.0002526197469035697,0.0
6.583333333333333,malecns_connected,0.0,0.47841149996614013,0.0,0.0,-0.00025261974690701826,0.0
6.591666666666667,malecns_connected,0.0,0.47840939480158257,0.0,0.0,-0.00025261974691037474,0.0
6.6,malecns_connected,0.0,0.47840728963702495,0.0,0.0,-0.00025261974691364155,0.0
6.608333333333333,malecns_connected,0.0,0.4784051844724673,0.0,0.0,-0.0002526197469168211,0.0
6.616666666666666,malecns_connected,0.0,0.47840307930790965,0.0,0.0,-0.0002526197469199156,0.0
6.625,malecns_connected,0.0,0.478400974143352,0.0,0.0,-0.00025261974692292747,0.0
6.633333333333333,malecns_connected,0.0,0.47839886897879424,0.0,0.0,-0.0002526197469258589,0.0
6.641666666666667,malecns_connected,0.0,0.4783967638142365,0.0,0.0,-0.00025261974692871196,0.0
6.6499999999999995,malecns_connected,0.0,0.47839465864967873,0.0,0.0,-0.0002526197469314888,0.0
6.658333333333333,malecns_connected,0.0,0.47839255348512094,0.0,0.0,-0.00025261974693419146,0.0
6.666666666666667,malecns_connected,0.0,0.47839044832056316,0.0,0.0,-0.0002526197469368219,0.0
6.675,malecns_connected,0.0,0.4783883431560053,0.0,0.0,-0.000252619746939382,0.0
6.683333333333334,malecns_connected,0.0,0.47838623799144747,0.0,0.0,-0.0002526197469418738,0.0
6.691666666666666,malecns_connected,0.0,0.47838413282688963,0.0,0.0,-0.00025261974694429894,0.0
6.7,malecns_connected,0.0,0.47838202766233173,0.0,0.0,-0.0002526197469466593,0.0
6.708333333333333,malecns_connected,0.0,0.47837992249777384,0.0,0.0,-0.0002526197469489566,0.0
6.716666666666667,malecns_connected,0.0,0.4783778173332159,0.0,0.0,-0.00025261974695119256,0.0
6.725,malecns_connected,0.0,0.47837571216865793,0.0,0.0,-0.0002526197469533688,0.0
6.733333333333333,malecns_connected,0.0,0.4783736070041,0.0,0.0,-0.0002526197469554868,0.0
6.741666666666666,malecns_connected,0.0,0.478371501839542,0.0,0.0,-0.00025261974695754827,0.0
6.75,malecns_connected,0.0,0.478369396674984,0.0,0.0,-0.00025261974695955464,0.0
6.758333333333333,malecns_connected,0.0,0.478367291510426,0.0,0.0,-0.00025261974696150745,0.0
6.766666666666667,malecns_connected,0.0,0.478365186345868,0.0,0.0,-0.00025261974696340805,0.0
6.7749999999999995,malecns_connected,0.0,0.47836308118130993,0.0,0.0,-0.00025261974696525786,0.0
6.783333333333333,malecns_connected,0.0,0.47836097601675187,0.0,0.0,-0.00025261974696705824,0.0
6.791666666666667,malecns_connected,0.0,0.4783588708521938,0.0,0.0,-0.0002526197469688105,0.0
6.8,malecns_connected,0.0,0.47835676568763574,0.0,0.0,-0.00025261974697051603,0.0
6.808333333333334,malecns_connected,0.0,0.4783546605230776,0.0,0.0,-0.00025261974697217594,0.0
6.816666666666666,malecns_connected,0.0,0.4783525553585195,0.0,0.0,-0.00025261974697379146,0.0
6.825,malecns_connected,0.0,0.4783504501939614,0.0,0.0,-0.0002526197469753638,0.0
6.833333333333333,malecns_connected,0.0,0.47834834502940327,0.0,0.0,-0.00025261974697689417,0.0
6.841666666666667,malecns_connected,0.0,0.4783462398648451,0.0,0.0,-0.00025261974697838365,0.0
6.85,malecns_connected,0.0,0.4783441347002869,0.0,0.0,-0.0002526197469798334,0.0
6.858333333333333,malecns_connected,0.0,0.47834202953572874,0.0,0.0,-0.0002526197469812443,0.0
6.866666666666666,malecns_connected,0.0,0.47833992437117057,0.0,0.0,-0.00025261974698261757,0.0
6.875,malecns_connected,0.0,0.4783378192066124,0.0,0.0,-0.0002526197469839541,0.0
6.883333333333333,malecns_connected,0.0,0.47833571404205416,0.0,0.0,-0.00025261974698525494,0.0
6.891666666666667,malecns_connected,0.0,0.47833360887749593,0.0,0.0,-0.000252619746986521,0.0
6.8999999999999995,malecns_connected,0.0,0.4783315037129377,0.0,0.0,-0.0002526197469877533,0.0
6.908333333333333,malecns_connected,0.0,0.47832939854837947,0.0,0.0,-0.00025261974698895267,0.0
6.916666666666667,malecns_connected,0.0,0.47832729338382124,0.0,0.0,-0.0002526197469901199,0.0
6.925,malecns_connected,0.0,0.47832518821926295,0.0,0.0,-0.000252619746991256,0.0
6.933333333333334,malecns_connected,0.0,0.47832308305470467,0.0,0.0,-0.0002526197469923617,0.0
6.941666666666666,malecns_connected,0.0,0.4783209778901464,0.0,0.0,-0.00025261974699343796,0.0
6.95,malecns_connected,0.0,0.4783188727255881,0.0,0.0,-0.0002526197469944854,0.0
6.958333333333333,malecns_connected,0.0,0.4783167675610298,0.0,0.0,-0.0002526197469955049,0.0
6.966666666666667,malecns_connected,0.0,0.4783146623964715,0.0,0.0,-0.0002526197469964971,0.0
6.975,malecns_connected,0.0,0.47831255723191324,0.0,0.0,-0.0002526197469974628,0.0
6.983333333333333,malecns_connected,0.0,0.4783104520673549,0.0,0.0,-0.0002526197469984027,0.0
6.991666666666666,malecns_connected,0.0,0.47830834690279656,0.0,0.0,-0.0002526197469993175,0.0
7.0,malecns_connected,0.0,0.4783062417382382,0.0,0.0,-0.0002526197470002078,0.0
7.008333333333333,malecns_connected,0.0,0.47830413657367987,0.0,0.0,-0.00025261974700107443,0.0
7.016666666666667,malecns_connected,0.0,0.47830203140912153,0.0,0.0,-0.0002526197470019179,0.0
7.0249999999999995,malecns_connected,0.0,0.4782999262445632,0.0,0.0,-0.0002526197470027388,0.0
7.033333333333333,malecns_connected,0.0,0.47829782108000485,0.0,0.0,-0.00025261974700353774,0.0
7.041666666666667,malecns_connected,0.0,0.47829571591544645,0.0,0.0,-0.0002526197470043153,0.0
7.05,malecns_connected,0.0,0.47829361075088805,0.0,0.0,-0.00025261974700507215,0.0
7.058333333333334,malecns_connected,0.0,0.47829150558632966,0.0,0.0,-0.00025261974700580876,0.0
7.066666666666666,malecns_connected,0.0,0.47828940042177126,0.0,0.0,-0.0002526197470065257,0.0
7.075,malecns_connected,0.0,0.47828729525721286,0.0,0.0,-0.0002526197470072235,0.0
7.083333333333333,malecns_connected,0.0,0.47828519009265447,0.0,0.0,-0.0002526197470079026,0.0
7.091666666666667,malecns_connected,0.0,0.47828308492809607,0.0,0.0,-0.0002526197470085636,0.0
7.1,malecns_connected,0.0,0.4782809797635377,0.0,0.0,-0.000252619747009207,0.0
7.108333333333333,malecns_connected,0.0,0.4782788745989793,0.0,0.0,-0.0002526197470098331,0.0
7.116666666666666,malecns_connected,0.0,0.4782767694344209,0.0,0.0,-0.0002526197470104425,0.0
7.125,malecns_connected,0.0,0.4782746642698624,0.0,0.0,-0.0002526197470110356,0.0
7.133333333333333,malecns_connected,0.0,0.478272559105304,0.0,0.0,-0.0002526197470116129,0.0
7.141666666666667,malecns_connected,0.0,0.4782704539407455,0.0,0.0,-0.00025261974701217476,0.0
7.1499999999999995,malecns_connected,0.0,0.47826834877618707,0.0,0.0,-0.0002526197470127216,0.0
7.158333333333333,malecns_connected,0.0,0.4782662436116286,0.0,0.0,-0.0002526197470132538,0.0
7.166666666666667,malecns_connected,0.0,0.47826413844707016,0.0,0.0,-0.0002526197470137718,0.0
7.175,malecns_connected,0.0,0.4782620332825117,0.0,0.0,-0.000252619747014276,0.0
7.183333333333334,malecns_connected,0.0,0.47825992811795326,0.0,0.0,-0.0002526197470147667,0.0
7.191666666666666,malecns_connected,0.0,0.4782578229533948,0.0,0.0,-0.0002526197470152443,0.0
7.2,malecns_connected,0.0,0.47825571778883635,0.0,0.0,-0.0002526197470157091,0.0
7.208333333333333,malecns_connected,0.0,0.4782536126242779,0.0,0.0,-0.00025261974701616154,0.0
7.216666666666667,malecns_connected,0.0,0.47825150745971945,0.0,0.0,-0.00025261974701660183,0.0
7.225,malecns_connected,0.0,0.478249402295161,0.0,0.0,-0.00025261974701703036,0.0
7.233333333333333,malecns_connected,0.0,0.47824729713060254,0.0,0.0,-0.00025261974701744745,0.0
7.241666666666666,malecns_connected,0.0,0.47824519196604404,0.0,0.0,-0.00025261974701785343,0.0
7.25,malecns_connected,0.0,0.47824308680148553,0.0,0.0,-0.00025261974701824857,0.0
7.258333333333333,malecns_connected,0.0,0.478240981636927,0.0,0.0,-0.0002526197470186331,0.0
7.266666666666667,malecns_connected,0.0,0.4782388764723685,0.0,0.0,-0.00025261974701900735,0.0
7.2749999999999995,malecns_connected,0.0,0.47823677130781,0.0,0.0,-0.00025261974701937164,0.0
7.283333333333333,malecns_connected,0.0,0.4782346661432515,0.0,0.0,-0.0002526197470197262,0.0
7.291666666666667,malecns_connected,0.0,0.478232560978693,0.0,0.0,-0.0002526197470200713,0.0
7.3,malecns_connected,0.0,0.4782304558141345,0.0,0.0,-0.00025261974702040716,0.0
7.308333333333334,malecns_connected,0.0,0.478228350649576,0.0,0.0,-0.00025261974702073405,0.0
7.316666666666666,malecns_connected,0.0,0.47822624548501746,0.0,0.0,-0.0002526197470210522,0.0
7.325,malecns_connected,0.0,0.47822414032045896,0.0,0.0,-0.00025261974702136186,0.0
7.333333333333333,malecns_connected,0.0,0.47822203515590045,0.0,0.0,-0.0002526197470216632,0.0
7.341666666666667,malecns_connected,0.0,0.47821992999134194,0.0,0.0,-0.00025261974702195654,0.0
7.35,malecns_connected,0.0,0.47821782482678343,0.0,0.0,-0.000252619747022242,0.0
7.358333333333333,malecns_connected,0.0,0.4782157196622249,0.0,0.0,-0.0002526197470225199,0.0
7.366666666666666,malecns_connected,0.0,0.4782136144976664,0.0,0.0,-0.0002526197470227903,0.0
7.375,malecns_connected,0.0,0.4782115093331079,0.0,0.0,-0.0002526197470230535,0.0
7.383333333333333,malecns_connected,0.0,0.4782094041685494,0.0,0.0,-0.0002526197470233097,0.0
7.391666666666667,malecns_connected,0.0,0.4782072990039909,0.0,0.0,-0.000252619747023559,0.0
7.3999999999999995,malecns_connected,0.0,0.4782051938394324,0.0,0.0,-0.00025261974702380164,0.0
7.408333333333333,malecns_connected,0.0,0.4782030886748739,0.0,0.0,-0.00025261974702403783,0.0
7.416666666666667,malecns_connected,0.0,0.47820098351031537,0.0,0.0,-0.00025261974702426774,0.0
7.425,malecns_connected,0.0,0.4781988783457568,0.0,0.0,-0.0002526197470244915,0.0
7.433333333333334,malecns_connected,0.0,0.47819677318119824,0.0,0.0,-0.0002526197470247092,0.0
7.441666666666666,malecns_connected,0.0,0.4781946680166397,0.0,0.0,-0.00025261974702492113,0.0
7.45,malecns_connected,0.0,0.4781925628520811,0.0,0.0,-0.0002526197470251274,0.0
7.458333333333333,malecns_connected,0.0,0.47819045768752255,0.0,0.0,-0.0002526197470253282,0.0
7.466666666666667,malecns_connected,0.0,0.478188352522964,0.0,0.0,-0.0002526197470255236,0.0
7.475,malecns_connected,0.0,0.4781862473584054,0.0,0.0,-0.0002526197470257138,0.0
7.483333333333333,malecns_connected,0.0,0.47818414219384686,0.0,0.0,-0.00025261974702589886,0.0
7.491666666666666,malecns_connected,0.0,0.4781820370292883,0.0,0.0,-0.000252619747026079,0.0
7.5,malecns_connected,0.0,0.47817993186472973,0.0,0.0,-0.0002526197470262544,0.0
7.508333333333333,malecns_connected,0.0,0.47817782670017117,0.0,0.0,-0.00025261974702642503,0.0
7.516666666666667,malecns_connected,0.0,0.4781757215356126,0.0,0.0,-0.00025261974702659113,0.0
7.5249999999999995,malecns_connected,0.0,0.47817361637105404,0.0,0.0,-0.0002526197470267528,0.0
7.533333333333333,malecns_connected,0.0,0.4781715112064955,0.0,0.0,-0.0002526197470269101,0.0
7.541666666666667,malecns_connected,0.0,0.4781694060419369,0.0,0.0,-0.00025261974702706324,0.0
7.55,malecns_connected,0.0,0.47816730087737835,0.0,0.0,-0.00025261974702721227,0.0
7.558333333333334,malecns_connected,0.0,0.4781651957128198,0.0,0.0,-0.00025261974702735733,0.0
7.566666666666666,malecns_connected,0.0,0.4781630905482612,0.0,0.0,-0.00025261974702749855,0.0
7.575,malecns_connected,0.0,0.47816098538370266,0.0,0.0,-0.0002526197470276359,0.0
7.583333333333333,malecns_connected,0.0,0.4781588802191441,0.0,0.0,-0.00025261974702776966,0.0
7.591666666666667,malecns_connected,0.0,0.47815677505458554,0.0,0.0,-0.0002526197470278998,0.0
7.6,malecns_connected,0.0,0.478154669890027,0.0,0.0,-0.0002526197470280265,0.0
7.608333333333333,malecns_connected,0.0,0.4781525647254684,0.0,0.0,-0.00025261974702814983,0.0
7.616666666666666,malecns_connected,0.0,0.47815045956090985,0.0,0.0,-0.00025261974702826985,0.0
7.625,malecns_connected,0.0,0.4781483543963513,0.0,0.0,-0.0002526197470283867,0.0
7.633333333333333,malecns_connected,0.0,0.4781462492317927,0.0,0.0,-0.00025261974702850035,0.0
7.641666666666667,malecns_connected,0.0,0.47814414406723416,0.0,0.0,-0.000252619747028611,0.0
7.6499999999999995,malecns_connected,0.0,0.4781420389026756,0.0,0.0,-0.00025261974702871866,0.0
7.658333333333333,malecns_connected,0.0,0.47813993373811703,0.0,0.0,-0.00025261974702882345,0.0
7.666666666666667,malecns_connected,0.0,0.47813782857355847,0.0,0.0,-0.00025261974702892547,0.0
7.675,malecns_connected,0.0,0.4781357234089999,0.0,0.0,-0.00025261974702902473,0.0
7.683333333333334,malecns_connected,0.0,0.47813361824444134,0.0,0.0,-0.0002526197470291214,0.0
7.691666666666666,malecns_connected,0.0,0.4781315130798828,0.0,0.0,-0.00025261974702921544,0.0
7.7,malecns_connected,0.0,0.4781294079153242,0.0,0.0,-0.000252619747029307,0.0
7.708333333333333,malecns_connected,0.0,0.47812730275076565,0.0,0.0,-0.0002526197470293961,0.0
7.716666666666667,malecns_connected,0.0,0.4781251975862071,0.0,0.0,-0.00025261974702948286,0.0
7.725,malecns_connected,0.0,0.4781230924216485,0.0,0.0,-0.00025261974702956726,0.0
7.733333333333333,malecns_connected,0.0,0.47812098725708996,0.0,0.0,-0.0002526197470296494,0.0
7.741666666666666,malecns_connected,0.0,0.4781188820925314,0.0,0.0,-0.0002526197470297293,0.0
7.75,malecns_connected,0.0,0.47811677692797283,0.0,0.0,-0.0002526197470298071,0.0
7.758333333333333,malecns_connected,0.0,0.47811467176341427,0.0,0.0,-0.0002526197470298828,0.0
7.766666666666667,malecns_connected,0.0,0.4781125665988557,0.0,0.0,-0.0002526197470299565,0.0
7.7749999999999995,malecns_connected,0.0,0.47811046143429714,0.0,0.0,-0.0002526197470300282,0.0
7.783333333333333,malecns_connected,0.0,0.4781083562697386,0.0,0.0,-0.00025261974703009803,0.0
7.791666666666667,malecns_connected,0.0,0.47810625110518,0.0,0.0,-0.000252619747030166,0.0
7.8,malecns_connected,0.0,0.47810414594062145,0.0,0.0,-0.00025261974703023215,0.0
7.808333333333334,malecns_connected,0.0,0.4781020407760629,0.0,0.0,-0.00025261974703029655,0.0
7.816666666666666,malecns_connected,0.0,0.4780999356115043,0.0,0.0,-0.0002526197470303592,0.0
7.825,malecns_connected,0.0,0.47809783044694576,0.0,0.0,-0.0002526197470304202,0.0
7.833333333333333,malecns_connected,0.0,0.4780957252823872,0.0,0.0,-0.00025261974703047956,0.0
7.841666666666667,malecns_connected,0.0,0.47809362011782863,0.0,0.0,-0.00025261974703053735,0.0
7.85,malecns_connected,0.0,0.47809151495327007,0.0,0.0,-0.00025261974703059357,0.0
7.858333333333333,malecns_connected,0.0,0.4780894097887115,0.0,0.0,-0.0002526197470306483,0.0
7.866666666666666,malecns_connected,0.0,0.47808730462415294,0.0,0.0,-0.00025261974703070155,0.0
7.875,malecns_connected,0.0,0.4780851994595944,0.0,0.0,-0.0002526197470307534,0.0
7.883333333333333,malecns_connected,0.0,0.4780830942950358,0.0,0.0,-0.0002526197470308038,0.0
7.891666666666667,malecns_connected,0.0,0.47808098913047725,0.0,0.0,-0.00025261974703085285,0.0
7.8999999999999995,malecns_connected,0.0,0.4780788839659187,0.0,0.0,-0.0002526197470309006,0.0
7.908333333333333,malecns_connected,0.0,0.47807677880136007,0.0,0.0,-0.0002526197470309471,0.0
7.916666666666667,malecns_connected,0.0,0.47807467363680145,0.0,0.0,-0.0002526197470309924,0.0
7.925,malecns_connected,0.0,0.47807256847224283,0.0,0.0,-0.00025261974703103646,0.0
7.933333333333334,malecns_connected,0.0,0.4780704633076842,0.0,0.0,-0.00025261974703107934,0.0
7.941666666666666,malecns_connected,0.0,0.4780683581431256,0.0,0.0,-0.0002526197470311211,0.0
7.95,malecns_connected,0.0,0.478066252978567,0.0,0.0,-0.0002526197470311617,0.0
7.958333333333333,malecns_connected,0.0,0.47806414781400836,0.0,0.0,-0.0002526197470312012,0.0
7.966666666666667,malecns_connected,0.0,0.47806204264944974,0.0,0.0,-0.0002526197470312397,0.0
7.975,malecns_connected,0.0,0.4780599374848911,0.0,0.0,-0.00025261974703127716,0.0
7.983333333333333,malecns_connected,0.0,0.4780578323203325,0.0,0.0,-0.00025261974703131364,0.0
7.991666666666666,malecns_connected,0.0,0.4780557271557739,0.0,0.0,-0.00025261974703134915,0.0
8.0,malecns_connected,0.0,0.47805362199121526,0.0,0.0,-0.0002526197470313837,0.0
8.008333333333333,malecns_connected,0.0,0.47805151682665664,0.0,0.0,-0.0002526197470314173,0.0
8.016666666666666,malecns_connected,0.0,0.478049411662098,0.0,0.0,-0.00025261974703145003,0.0
8.025,malecns_connected,0.0,0.4780473064975394,0.0,0.0,-0.00025261974703148185,0.0
8.033333333333333,malecns_connected,0.0,0.4780452013329808,0.0,0.0,-0.00025261974703151286,0.0
8.041666666666666,malecns_connected,0.0,0.47804309616842217,0.0,0.0,-0.00025261974703154306,0.0
8.05,malecns_connected,0.0,0.47804099100386355,0.0,0.0,-0.00025261974703157244,0.0
8.058333333333334,malecns_connected,0.0,0.47803888583930493,0.0,0.0,-0.000252619747031601,0.0
8.066666666666666,malecns_connected,0.0,0.4780367806747463,0.0,0.0,-0.0002526197470316288,0.0
8.075,malecns_connected,0.0,0.4780346755101877,0.0,0.0,-0.0002526197470316559,0.0
8.083333333333334,malecns_connected,0.0,0.47803257034562907,0.0,0.0,-0.0002526197470316822,0.0
8.091666666666667,malecns_connected,0.0,0.47803046518107045,0.0,0.0,-0.0002526197470317078,0.0
8.1,malecns_connected,0.0,0.47802836001651183,0.0,0.0,-0.00025261974703173274,0.0
8.108333333333333,malecns_connected,0.0,0.4780262548519532,0.0,0.0,-0.00025261974703175697,0.0
8.116666666666667,malecns_connected,0.0,0.4780241496873946,0.0,0.0,-0.00025261974703178055,0.0
8.125,malecns_connected,0.0,0.478022044522836,0.0,0.0,-0.00025261974703180354,0.0
8.133333333333333,malecns_connected,0.0,0.47801993935827736,0.0,0.0,-0.0002526197470318259,0.0
8.141666666666666,malecns_connected,0.0,0.47801783419371874,0.0,0.0,-0.0002526197470318477,0.0
8.15,malecns_connected,0.0,0.4780157290291601,0.0,0.0,-0.0002526197470318689,0.0
8.158333333333333,malecns_connected,0.0,0.4780136238646015,0.0,0.0,-0.0002526197470318895,0.0
8.166666666666666,malecns_connected,0.0,0.4780115187000429,0.0,0.0,-0.00025261974703190957,0.0
8.175,malecns_connected,0.0,0.47800941353548426,0.0,0.0,-0.0002526197470319291,0.0
8.183333333333334,malecns_connected,0.0,0.47800730837092564,0.0,0.0,-0.0002526197470319481,0.0
8.191666666666666,malecns_connected,0.0,0.478005203206367,0.0,0.0,-0.0002526197470319666,0.0
8.2,malecns_connected,0.0,0.4780030980418084,0.0,0.0,-0.0002526197470319846,0.0
8.208333333333334,malecns_connected,0.0,0.4780009928772498,0.0,0.0,-0.00025261974703200216,0.0
8.216666666666667,malecns_connected,0.0,0.47799888771269117,0.0,0.0,-0.00025261974703201924,0.0
8.225,malecns_connected,0.0,0.47799678254813255,0.0,0.0,-0.00025261974703203583,0.0
8.233333333333333,malecns_connected,0.0,0.47799467738357393,0.0,0.0,-0.000252619747032052,0.0
8.241666666666667,malecns_connected,0.0,0.4779925722190153,0.0,0.0,-0.0002526197470320677,0.0
8.25,malecns_connected,0.0,0.4779904670544567,0.0,0.0,-0.00025261974703208304,0.0
8.258333333333333,malecns_connected,0.0,0.4779883618898981,0.0,0.0,-0.00025261974703209795,0.0
8.266666666666666,malecns_connected,0.0,0.47798625672533945,0.0,0.0,-0.0002526197470321125,0.0
8.275,malecns_connected,0.0,0.47798415156078083,0.0,0.0,-0.00025261974703212663,0.0
8.283333333333333,malecns_connected,0.0,0.4779820463962222,0.0,0.0,-0.0002526197470321404,0.0
8.291666666666666,malecns_connected,0.0,0.4779799412316636,0.0,0.0,-0.0002526197470321538,0.0
8.3,malecns_connected,0.0,0.477977836067105,0.0,0.0,-0.0002526197470321668,0.0
8.308333333333334,malecns_connected,0.0,0.47797573090254636,0.0,0.0,-0.0002526197470321795,0.0
8.316666666666666,malecns_connected,0.0,0.47797362573798774,0.0,0.0,-0.00025261974703219184,0.0
8.325,malecns_connected,0.0,0.4779715205734291,0.0,0.0,-0.0002526197470322039,0.0
8.333333333333334,malecns_connected,0.0,0.4779694154088705,0.0,0.0,-0.0002526197470322156,0.0
8.341666666666667,malecns_connected,0.0,0.4779673102443119,0.0,0.0,-0.00025261974703222697,0.0
8.35,malecns_connected,0.0,0.47796520507975326,0.0,0.0,-0.00025261974703223803,0.0
8.358333333333333,malecns_connected,0.0,0.47796309991519464,0.0,0.0,-0.0002526197470322488,0.0
8.366666666666667,malecns_connected,0.0,0.477960994750636,0.0,0.0,-0.00025261974703225934,0.0
8.375,malecns_connected,0.0,0.4779588895860774,0.0,0.0,-0.00025261974703226953,0.0
8.383333333333333,malecns_connected,0.0,0.4779567844215188,0.0,0.0,-0.00025261974703227945,0.0
8.391666666666666,malecns_connected,0.0,0.47795467925696017,0.0,0.0,-0.0002526197470322891,0.0
8.4,malecns_connected,0.0,0.47795257409240155,0.0,0.0,-0.00025261974703229853,0.0
8.408333333333333,malecns_connected,0.0,0.47795046892784293,0.0,0.0,-0.0002526197470323077,0.0
8.416666666666666,malecns_connected,0.0,0.4779483637632843,0.0,0.0,-0.00025261974703231664,0.0
8.425,malecns_connected,0.0,0.4779462585987257,0.0,0.0,-0.0002526197470323253,0.0
8.433333333333334,malecns_connected,0.0,0.4779441534341671,0.0,0.0,-0.00025261974703233377,0.0
8.441666666666666,malecns_connected,0.0,0.47794204826960845,0.0,0.0,-0.000252619747032342,0.0
8.45,malecns_connected,0.0,0.47793994310504984,0.0,0.0,-0.00025261974703235003,0.0
8.458333333333334,malecns_connected,0.0,0.4779378379404912,0.0,0.0,-0.00025261974703235784,0.0
8.466666666666667,malecns_connected,0.0,0.4779357327759326,0.0,0.0,-0.0002526197470323654,0.0
8.475,malecns_connected,0.0,0.477933627611374,0.0,0.0,-0.0002526197470323728,0.0
8.483333333333333,malecns_connected,0.0,0.47793152244681536,0.0,0.0,-0.00025261974703238,0.0
8.491666666666667,malecns_connected,0.0,0.47792941728225674,0.0,0.0,-0.000252619747032387,0.0
8.5,malecns_connected,0.0,0.4779273121176981,0.0,0.0,-0.00025261974703239383,0.0
8.508333333333333,malecns_connected,0.0,0.4779252069531395,0.0,0.0,-0.00025261974703240045,0.0
8.516666666666666,malecns_connected,0.0,0.4779231017885809,0.0,0.0,-0.0002526197470324069,0.0
8.525,malecns_connected,0.0,0.47792099662402227,0.0,0.0,-0.0002526197470324132,0.0
8.533333333333333,malecns_connected,0.0,0.47791889145946365,0.0,0.0,-0.0002526197470324193,0.0
8.541666666666666,malecns_connected,0.0,0.477916786294905,0.0,0.0,-0.0002526197470324253,0.0
8.55,malecns_connected,0.0,0.4779146811303464,0.0,0.0,-0.0002526197470324311,0.0
8.558333333333334,malecns_connected,0.0,0.4779125759657878,0.0,0.0,-0.0002526197470324367,0.0
8.566666666666666,malecns_connected,0.0,0.47791047080122917,0.0,0.0,-0.0002526197470324422,0.0
8.575,malecns_connected,0.0,0.47790836563667055,0.0,0.0,-0.0002526197470324475,0.0
8.583333333333334,malecns_connected,0.0,0.47790626047211193,0.0,0.0,-0.0002526197470324527,0.0
8.591666666666667,malecns_connected,0.0,0.4779041553075533,0.0,0.0,-0.00025261974703245775,0.0
8.6,malecns_connected,0.0,0.4779020501429947,0.0,0.0,-0.0002526197470324627,0.0
8.608333333333333,malecns_connected,0.0,0.4778999449784361,0.0,0.0,-0.00025261974703246745,0.0
8.616666666666667,malecns_connected,0.0,0.47789783981387746,0.0,0.0,-0.0002526197470324721,0.0
8.625,malecns_connected,0.0,0.47789573464931884,0.0,0.0,-0.00025261974703247666,0.0
8.633333333333333,malecns_connected,0.0,0.4778936294847602,0.0,0.0,-0.00025261974703248106,0.0
8.641666666666666,malecns_connected,0.0,0.4778915243202016,0.0,0.0,-0.00025261974703248534,0.0
8.65,malecns_connected,0.0,0.477889419155643,0.0,0.0,-0.0002526197470324895,0.0
8.658333333333333,malecns_connected,0.0,0.47788731399108436,0.0,0.0,-0.0002526197470324936,0.0
8.666666666666666,malecns_connected,0.0,0.47788520882652574,0.0,0.0,-0.00025261974703249754,0.0
8.675,malecns_connected,0.0,0.4778831036619671,0.0,0.0,-0.0002526197470325014,0.0
8.683333333333334,malecns_connected,0.0,0.4778809984974085,0.0,0.0,-0.0002526197470325051,0.0
8.691666666666666,malecns_connected,0.0,0.4778788933328499,0.0,0.0,-0.00025261974703250876,0.0
8.7,malecns_connected,0.0,0.47787678816829127,0.0,0.0,-0.00025261974703251233,0.0
8.708333333333334,malecns_connected,0.0,0.47787468300373265,0.0,0.0,-0.0002526197470325158,0.0
8.716666666666667,malecns_connected,0.0,0.47787257783917403,0.0,0.0,-0.00025261974703251917,0.0
8.725,malecns_connected,0.0,0.4778704726746154,0.0,0.0,-0.00025261974703252247,0.0
8.733333333333333,malecns_connected,0.0,0.4778683675100568,0.0,0.0,-0.00025261974703252567,0.0
8.741666666666667,malecns_connected,0.0,0.47786626234549817,0.0,0.0,-0.00025261974703252876,0.0
8.75,malecns_connected,0.0,0.47786415718093955,0.0,0.0,-0.0002526197470325318,0.0
8.758333333333333,malecns_connected,0.0,0.47786205201638093,0.0,0.0,-0.0002526197470325347,0.0
8.766666666666666,malecns_connected,0.0,0.4778599468518223,0.0,0.0,-0.0002526197470325376,0.0
8.775,malecns_connected,0.0,0.4778578416872637,0.0,0.0,-0.00025261974703254036,0.0
8.783333333333333,malecns_connected,0.0,0.4778557365227051,0.0,0.0,-0.00025261974703254307,0.0
8.791666666666666,malecns_connected,0.0,0.47785363135814646,0.0,0.0,-0.00025261974703254573,0.0
8.8,malecns_connected,0.0,0.47785152619358784,0.0,0.0,-0.0002526197470325483,0.0
8.808333333333334,malecns_connected,0.0,0.4778494210290292,0.0,0.0,-0.00025261974703255077,0.0
8.816666666666666,malecns_connected,0.0,0.4778473158644706,0.0,0.0,-0.0002526197470325532,0.0
8.825,malecns_connected,0.0,0.477845210699912,0.0,0.0,-0.0002526197470325556,0.0
8.833333333333334,malecns_connected,0.0,0.47784310553535336,0.0,0.0,-0.0002526197470325579,0.0
8.841666666666667,malecns_connected,0.0,0.47784100037079474,0.0,0.0,-0.00025261974703256015,0.0
8.85,malecns_connected,0.0,0.4778388952062361,0.0,0.0,-0.0002526197470325623,0.0
8.858333333333333,malecns_connected,0.0,0.4778367900416775,0.0,0.0,-0.00025261974703256443,0.0
8.866666666666667,malecns_connected,0.0,0.4778346848771189,0.0,0.0,-0.0002526197470325665,0.0
8.875,malecns_connected,0.0,0.47783257971256027,0.0,0.0,-0.0002526197470325685,0.0
8.883333333333333,malecns_connected,0.0,0.47783047454800165,0.0,0.0,-0.00025261974703257045,0.0
8.891666666666666,malecns_connected,0.0,0.47782836938344303,0.0,0.0,-0.00025261974703257235,0.0
8.9,malecns_connected,0.0,0.4778262642188844,0.0,0.0,-0.0002526197470325742,0.0
8.908333333333333,malecns_connected,0.0,0.4778241590543258,0.0,0.0,-0.000252619747032576,0.0
8.916666666666666,malecns_connected,0.0,0.4778220538897672,0.0,0.0,-0.00025261974703257777,0.0
8.925,malecns_connected,0.0,0.47781994872520855,0.0,0.0,-0.0002526197470325795,0.0
8.933333333333334,malecns_connected,0.0,0.47781784356064994,0.0,0.0,-0.0002526197470325812,0.0
8.941666666666666,malecns_connected,0.0,0.4778157383960913,0.0,0.0,-0.0002526197470325828,0.0
8.95,malecns_connected,0.0,0.4778136332315327,0.0,0.0,-0.0002526197470325844,0.0
8.958333333333334,malecns_connected,0.0,0.4778115280669741,0.0,0.0,-0.0002526197470325859,0.0
8.966666666666667,malecns_connected,0.0,0.47780942290241546,0.0,0.0,-0.0002526197470325874,0.0
8.975,malecns_connected,0.0,0.47780731773785684,0.0,0.0,-0.0002526197470325889,0.0
8.983333333333333,malecns_connected,0.0,0.4778052125732982,0.0,0.0,-0.0002526197470325903,0.0
8.991666666666667,malecns_connected,0.0,0.4778031074087396,0.0,0.0,-0.0002526197470325917,0.0
9.0,malecns_connected,0.0,0.477801002244181,0.0,0.0,-0.00025261974703259305,0.0
9.008333333333333,malecns_connected,0.0,0.47779889707962236,0.0,0.0,-0.00025261974703259435,0.0
9.016666666666666,malecns_connected,0.0,0.47779679191506375,0.0,0.0,-0.00025261974703259566,0.0
9.025,malecns_connected,0.0,0.4777946867505051,0.0,0.0,-0.0002526197470325969,0.0
9.033333333333333,malecns_connected,0.0,0.4777925815859465,0.0,0.0,-0.0002526197470325981,0.0
9.041666666666666,malecns_connected,0.0,0.4777904764213879,0.0,0.0,-0.0002526197470325993,0.0
9.05,malecns_connected,0.0,0.47778837125682927,0.0,0.0,-0.0002526197470326004,0.0
9.058333333333334,malecns_connected,0.0,0.47778626609227065,0.0,0.0,-0.00025261974703260156,0.0
9.066666666666666,malecns_connected,0.0,0.47778416092771203,0.0,0.0,-0.00025261974703260265,0.0
9.075,malecns_connected,0.0,0.4777820557631534,0.0,0.0,-0.0002526197470326037,0.0
9.083333333333334,malecns_connected,0.0,0.4777799505985948,0.0,0.0,-0.0002526197470326047,0.0
9.091666666666667,malecns_connected,0.0,0.4777778454340362,0.0,0.0,-0.0002526197470326057,0.0
9.1,malecns_connected,0.0,0.47777574026947756,0.0,0.0,-0.00025261974703260666,0.0
9.108333333333333,malecns_connected,0.0,0.47777363510491894,0.0,0.0,-0.0002526197470326076,0.0
9.116666666666667,malecns_connected,0.0,0.4777715299403603,0.0,0.0,-0.0002526197470326085,0.0
9.125,malecns_connected,0.0,0.4777694247758017,0.0,0.0,-0.0002526197470326094,0.0
9.133333333333333,malecns_connected,0.0,0.4777673196112431,0.0,0.0,-0.0002526197470326103,0.0
9.141666666666666,malecns_connected,0.0,0.47776521444668446,0.0,0.0,-0.00025261974703261116,0.0
9.15,malecns_connected,0.0,0.47776310928212584,0.0,0.0,-0.000252619747032612,0.0
9.158333333333333,malecns_connected,0.0,0.4777610041175672,0.0,0.0,-0.0002526197470326128,0.0
9.166666666666666,malecns_connected,0.0,0.4777588989530086,0.0,0.0,-0.00025261974703261355,0.0
9.175,malecns_connected,0.0,0.47775679378845,0.0,0.0,-0.0002526197470326143,0.0
9.183333333333334,malecns_connected,0.0,0.47775468862389137,0.0,0.0,-0.00025261974703261506,0.0
9.191666666666666,malecns_connected,0.0,0.47775258345933275,0.0,0.0,-0.00025261974703261577,0.0
9.2,malecns_connected,0.0,0.47775047829477413,0.0,0.0,-0.00025261974703261647,0.0
9.208333333333334,malecns_connected,0.0,0.4777483731302155,0.0,0.0,-0.0002526197470326172,0.0
9.216666666666667,malecns_connected,0.0,0.4777462679656569,0.0,0.0,-0.00025261974703261783,0.0
9.225,malecns_connected,0.0,0.47774416280109827,0.0,0.0,-0.0002526197470326185,0.0
9.233333333333333,malecns_connected,0.0,0.47774205763653965,0.0,0.0,-0.00025261974703261913,0.0
9.241666666666667,malecns_connected,0.0,0.47773995247198103,0.0,0.0,-0.0002526197470326197,0.0
9.25,malecns_connected,0.0,0.4777378473074224,0.0,0.0,-0.0002526197470326203,0.0
9.258333333333333,malecns_connected,0.0,0.4777357421428638,0.0,0.0,-0.0002526197470326209,0.0
9.266666666666666,malecns_connected,0.0,0.4777336369783052,0.0,0.0,-0.00025261974703262146,0.0
9.275,malecns_connected,0.0,0.47773153181374656,0.0,0.0,-0.000252619747032622,0.0
9.283333333333333,malecns_connected,0.0,0.47772942664918794,0.0,0.0,-0.00025261974703262254,0.0
9.291666666666666,malecns_connected,0.0,0.4777273214846293,0.0,0.0,-0.0002526197470326231,0.0
9.3,malecns_connected,0.0,0.4777252163200707,0.0,0.0,-0.0002526197470326236,0.0
9.308333333333334,malecns_connected,0.0,0.4777231111555121,0.0,0.0,-0.00025261974703262406,0.0
9.316666666666666,malecns_connected,0.0,0.47772100599095346,0.0,0.0,-0.00025261974703262455,0.0
9.325,malecns_connected,0.0,0.47771890082639484,0.0,0.0,-0.00025261974703262504,0.0
9.333333333333334,malecns_connected,0.0,0.4777167956618362,0.0,0.0,-0.00025261974703262547,0.0
9.341666666666667,malecns_connected,0.0,0.4777146904972776,0.0,0.0,-0.0002526197470326259,0.0
9.35,malecns_connected,0.0,0.477712585332719,0.0,0.0,-0.00025261974703262634,0.0
9.358333333333333,malecns_connected,0.0,0.47771048016816037,0.0,0.0,-0.00025261974703262677,0.0
9.366666666666667,malecns_connected,0.0,0.47770837500360175,0.0,0.0,-0.0002526197470326272,0.0
9.375,malecns_connected,0.0,0.47770626983904313,0.0,0.0,-0.0002526197470326276,0.0
9.383333333333333,malecns_connected,0.0,0.4777041646744845,0.0,0.0,-0.00025261974703262796,0.0
9.391666666666666,malecns_connected,0.0,0.4777020595099259,0.0,0.0,-0.00025261974703262834,0.0
9.4,malecns_connected,0.0,0.4776999543453673,0.0,0.0,-0.0002526197470326287,0.0
9.408333333333333,malecns_connected,0.0,0.47769784918080865,0.0,0.0,-0.0002526197470326291,0.0
9.416666666666666,malecns_connected,0.0,0.47769574401625003,0.0,0.0,-0.00025261974703262943,0.0
9.425,malecns_connected,0.0,0.4776936388516914,0.0,0.0,-0.00025261974703262975,0.0
9.433333333333334,malecns_connected,0.0,0.4776915336871328,0.0,0.0,-0.0002526197470326301,0.0
9.441666666666666,malecns_connected,0.0,0.4776894285225742,0.0,0.0,-0.0002526197470326304,0.0
9.45,malecns_connected,0.0,0.47768732335801556,0.0,0.0,-0.00025261974703263073,0.0
9.458333333333334,malecns_connected,0.0,0.47768521819345694,0.0,0.0,-0.00025261974703263105,0.0
9.466666666666667,malecns_connected,0.0,0.4776831130288983,0.0,0.0,-0.0002526197470326314,0.0
9.475,malecns_connected,0.0,0.4776810078643397,0.0,0.0,-0.00025261974703263165,0.0
9.483333333333333,malecns_connected,0.0,0.4776789026997811,0.0,0.0,-0.0002526197470326319,0.0
9.491666666666667,malecns_connected,0.0,0.47767679753522246,0.0,0.0,-0.0002526197470326322,0.0
9.5,malecns_connected,0.0,0.47767469237066384,0.0,0.0,-0.00025261974703263246,0.0
9.508333333333333,malecns_connected,0.0,0.4776725872061052,0.0,0.0,-0.00025261974703263274,0.0
9.516666666666666,malecns_connected,0.0,0.4776704820415466,0.0,0.0,-0.000252619747032633,0.0
9.525,malecns_connected,0.0,0.477668376876988,0.0,0.0,-0.0002526197470326333,0.0
9.533333333333333,malecns_connected,0.0,0.47766627171242937,0.0,0.0,-0.0002526197470326335,0.0
9.541666666666666,malecns_connected,0.0,0.47766416654787075,0.0,0.0,-0.0002526197470326337,0.0
9.55,malecns_connected,0.0,0.47766206138331213,0.0,0.0,-0.00025261974703263393,0.0
9.558333333333334,malecns_connected,0.0,0.4776599562187535,0.0,0.0,-0.00025261974703263414,0.0
9.566666666666666,malecns_connected,0.0,0.4776578510541949,0.0,0.0,-0.00025261974703263436,0.0
9.575,malecns_connected,0.0,0.4776557458896363,0.0,0.0,-0.0002526197470326346,0.0
9.583333333333334,malecns_connected,0.0,0.47765364072507766,0.0,0.0,-0.0002526197470326348,0.0
9.591666666666667,malecns_connected,0.0,0.47765153556051904,0.0,0.0,-0.000252619747032635,0.0
9.6,malecns_connected,0.0,0.4776494303959604,0.0,0.0,-0.00025261974703263523,0.0
9.608333333333333,malecns_connected,0.0,0.4776473252314018,0.0,0.0,-0.0002526197470326354,0.0
9.616666666666667,malecns_connected,0.0,0.4776452200668432,0.0,0.0,-0.00025261974703263555,0.0
9.625,malecns_connected,0.0,0.47764311490228456,0.0,0.0,-0.0002526197470326357,0.0
9.633333333333333,malecns_connected,0.0,0.47764100973772594,0.0,0.0,-0.0002526197470326359,0.0
9.641666666666666,malecns_connected,0.0,0.4776389045731673,0.0,0.0,-0.00025261974703263604,0.0
9.65,malecns_connected,0.0,0.4776367994086087,0.0,0.0,-0.0002526197470326362,0.0
9.658333333333333,malecns_connected,0.0,0.4776346942440501,0.0,0.0,-0.00025261974703263637,0.0
9.666666666666666,malecns_connected,0.0,0.47763258907949147,0.0,0.0,-0.00025261974703263653,0.0
9.675,malecns_connected,0.0,0.47763048391493285,0.0,0.0,-0.0002526197470326367,0.0
9.683333333333334,malecns_connected,0.0,0.4776283787503742,0.0,0.0,-0.00025261974703263686,0.0
9.691666666666666,malecns_connected,0.0,0.4776262735858156,0.0,0.0,-0.000252619747032637,0.0
9.7,malecns_connected,0.0,0.477624168421257,0.0,0.0,-0.0002526197470326372,0.0
9.708333333333334,malecns_connected,0.0,0.47762206325669837,0.0,0.0,-0.0002526197470326373,0.0
9.716666666666667,malecns_connected,0.0,0.47761995809213975,0.0,0.0,-0.0002526197470326374,0.0
9.725,malecns_connected,0.0,0.47761785292758113,0.0,0.0,-0.0002526197470326375,0.0
9.733333333333333,malecns_connected,0.0,0.4776157477630225,0.0,0.0,-0.0002526197470326376,0.0
9.741666666666667,malecns_connected,0.0,0.4776136425984639,0.0,0.0,-0.0002526197470326377,0.0
9.75,malecns_connected,0.0,0.4776115374339053,0.0,0.0,-0.00025261974703263783,0.0
9.758333333333333,malecns_connected,0.0,0.47760943226934666,0.0,0.0,-0.00025261974703263794,0.0
9.766666666666666,malecns_connected,0.0,0.47760732710478804,0.0,0.0,-0.00025261974703263805,0.0
9.775,malecns_connected,0.0,0.4776052219402294,0.0,0.0,-0.00025261974703263816,0.0
9.783333333333333,malecns_connected,0.0,0.4776031167756708,0.0,0.0,-0.00025261974703263826,0.0
9.791666666666666,malecns_connected,0.0,0.4776010116111122,0.0,0.0,-0.0002526197470326384,0.0
9.8,malecns_connected,0.0,0.47759890644655356,0.0,0.0,-0.0002526197470326385,0.0
9.808333333333334,malecns_connected,0.0,0.47759680128199494,0.0,0.0,-0.0002526197470326386,0.0
9.816666666666666,malecns_connected,0.0,0.4775946961174363,0.0,0.0,-0.0002526197470326387,0.0
9.825,malecns_connected,0.0,0.4775925909528777,0.0,0.0,-0.0002526197470326388,0.0
9.833333333333334,malecns_connected,0.0,0.4775904857883191,0.0,0.0,-0.0002526197470326389,0.0
9.841666666666667,malecns_connected,0.0,0.47758838062376047,0.0,0.0,-0.000252619747032639,0.0
9.85,malecns_connected,0.0,0.47758627545920185,0.0,0.0,-0.00025261974703263913,0.0
9.858333333333333,malecns_connected,0.0,0.47758417029464323,0.0,0.0,-0.00025261974703263924,0.0
9.866666666666667,malecns_connected,0.0,0.4775820651300846,0.0,0.0,-0.0002526197470326393,0.0
9.875,malecns_connected,0.0,0.477579959965526,0.0,0.0,-0.00025261974703263935,0.0
9.883333333333333,malecns_connected,0.0,0.47757785480096737,0.0,0.0,-0.0002526197470326394,0.0
9.891666666666666,malecns_connected,0.0,0.47757574963640875,0.0,0.0,-0.00025261974703263946,0.0
9.9,malecns_connected,0.0,0.47757364447185013,0.0,0.0,-0.0002526197470326395,0.0
9.908333333333333,malecns_connected,0.0,0.4775715393072915,0.0,0.0,-0.00025261974703263957,0.0
9.916666666666666,malecns_connected,0.0,0.4775694341427329,0.0,0.0,-0.0002526197470326396,0.0
9.925,malecns_connected,0.0,0.4775673289781743,0.0,0.0,-0.0002526197470326397,0.0
9.933333333333334,malecns_connected,0.0,0.47756522381361566,0.0,0.0,-0.00025261974703263973,0.0
9.941666666666666,malecns_connected,0.0,0.47756311864905704,0.0,0.0,-0.0002526197470326398,0.0
9.95,malecns_connected,0.0,0.4775610134844984,0.0,0.0,-0.00025261974703263984,0.0
9.958333333333334,malecns_connected,0.0,0.4775589083199398,0.0,0.0,-0.0002526197470326399,0.0
9.966666666666667,malecns_connected,0.0,0.4775568031553812,0.0,0.0,-0.00025261974703263995,0.0
9.975,malecns_connected,0.0,0.47755469799082256,0.0,0.0,-0.00025261974703264,0.0
9.983333333333333,malecns_connected,0.0,0.47755259282626394,0.0,0.0,-0.00025261974703264005,0.0
9.991666666666667,malecns_connected,0.0,0.4775504876617053,0.0,0.0,-0.0002526197470326401,0.0
10.0,malecns_connected,0.0,0.4775483824971467,0.0,0.0,-0.00025261974703264016,0.0
10.008333333333333,malecns_connected,0.0,0.4775462773325881,0.0,0.0,-0.0002526197470326402,0.0
10.016666666666666,malecns_connected,0.0,0.47754417216802947,0.0,0.0,-0.00025261974703264027,0.0
10.025,malecns_connected,0.0,0.47754206700347085,0.0,0.0,-0.0002526197470326403,0.0
10.033333333333333,malecns_connected,0.0,0.47753996183891223,0.0,0.0,-0.0002526197470326404,0.0
10.041666666666666,malecns_connected,0.0,0.4775378566743536,0.0,0.0,-0.00025261974703264043,0.0
10.05,malecns_connected,0.0,0.477535751509795,0.0,0.0,-0.0002526197470326405,0.0
10.058333333333334,malecns_connected,0.0,0.4775336463452364,0.0,0.0,-0.00025261974703264054,0.0
10.066666666666666,malecns_connected,0.0,0.47753154118067775,0.0,0.0,-0.0002526197470326406,0.0
10.075,malecns_connected,0.0,0.47752943601611914,0.0,0.0,-0.00025261974703264065,0.0
10.083333333333334,malecns_connected,0.0,0.4775273308515605,0.0,0.0,-0.0002526197470326407,0.0
10.091666666666667,malecns_connected,0.0,0.4775252256870019,0.0,0.0,-0.00025261974703264076,0.0
10.1,malecns_connected,0.0,0.4775231205224433,0.0,0.0,-0.0002526197470326408,0.0
10.108333333333333,malecns_connected,0.0,0.47752101535788466,0.0,0.0,-0.00025261974703264087,0.0
10.116666666666667,malecns_connected,0.0,0.47751891019332604,0.0,0.0,-0.0002526197470326409,0.0
10.125,malecns_connected,0.0,0.4775168050287674,0.0,0.0,-0.000252619747032641,0.0
10.133333333333333,malecns_connected,0.0,0.4775146998642088,0.0,0.0,-0.00025261974703264103,0.0
10.141666666666666,malecns_connected,0.0,0.4775125946996502,0.0,0.0,-0.0002526197470326411,0.0
10.15,malecns_connected,0.0,0.47751048953509156,0.0,0.0,-0.00025261974703264114,0.0
10.158333333333333,malecns_connected,0.0,0.47750838437053295,0.0,0.0,-0.0002526197470326412,0.0
10.166666666666666,malecns_connected,0.0,0.4775062792059743,0.0,0.0,-0.00025261974703264125,0.0
10.175,malecns_connected,0.0,0.4775041740414157,0.0,0.0,-0.00025261974703264125,0.0
10.183333333333334,malecns_connected,0.0,0.4775020688768571,0.0,0.0,-0.00025261974703264125,0.0
10.191666666666666,malecns_connected,0.0,0.47749996371229847,0.0,0.0,-0.00025261974703264125,0.0
10.2,malecns_connected,0.0,0.47749785854773985,0.0,0.0,-0.00025261974703264125,0.0
10.208333333333334,malecns_connected,0.0,0.47749575338318123,0.0,0.0,-0.00025261974703264125,0.0
10.216666666666667,malecns_connected,0.0,0.4774936482186226,0.0,0.0,-0.00025261974703264125,0.0
10.225,malecns_connected,0.0,0.477491543054064,0.0,0.0,-0.00025261974703264125,0.0
10.233333333333333,malecns_connected,0.0,0.4774894378895054,0.0,0.0,-0.00025261974703264125,0.0
10.241666666666667,malecns_connected,0.0,0.47748733272494676,0.0,0.0,-0.00025261974703264125,0.0
10.25,malecns_connected,0.0,0.47748522756038814,0.0,0.0,-0.00025261974703264125,0.0
10.258333333333333,malecns_connected,0.0,0.4774831223958295,0.0,0.0,-0.00025261974703264125,0.0
10.266666666666666,malecns_connected,0.0,0.4774810172312709,0.0,0.0,-0.00025261974703264125,0.0
10.275,malecns_connected,0.0,0.4774789120667123,0.0,0.0,-0.00025261974703264125,0.0
10.283333333333333,malecns_connected,0.0,0.47747680690215366,0.0,0.0,-0.00025261974703264125,0.0
10.291666666666666,malecns_connected,0.0,0.47747470173759504,0.0,0.0,-0.00025261974703264125,0.0
10.3,malecns_connected,0.0,0.4774725965730364,0.0,0.0,-0.00025261974703264125,0.0
10.308333333333334,malecns_connected,0.0,0.4774704914084778,0.0,0.0,-0.00025261974703264125,0.0
10.316666666666666,malecns_connected,0.0,0.4774683862439192,0.0,0.0,-0.00025261974703264125,0.0
10.325,malecns_connected,0.0,0.47746628107936057,0.0,0.0,-0.00025261974703264125,0.0
10.333333333333334,malecns_connected,0.0,0.47746417591480195,0.0,0.0,-0.00025261974703264125,0.0
10.341666666666667,malecns_connected,0.0,0.47746207075024333,0.0,0.0,-0.00025261974703264125,0.0
10.35,malecns_connected,0.0,0.4774599655856847,0.0,0.0,-0.00025261974703264125,0.0
10.358333333333333,malecns_connected,0.0,0.4774578604211261,0.0,0.0,-0.00025261974703264125,0.0
10.366666666666667,malecns_connected,0.0,0.47745575525656747,0.0,0.0,-0.00025261974703264125,0.0
10.375,malecns_connected,0.0,0.47745365009200885,0.0,0.0,-0.00025261974703264125,0.0
10.383333333333333,malecns_connected,0.0,0.47745154492745023,0.0,0.0,-0.00025261974703264125,0.0
10.391666666666666,malecns_connected,0.0,0.4774494397628916,0.0,0.0,-0.00025261974703264125,0.0
10.4,malecns_connected,0.0,0.477447334598333,0.0,0.0,-0.00025261974703264125,0.0
10.408333333333333,malecns_connected,0.0,0.4774452294337744,0.0,0.0,-0.00025261974703264125,0.0
10.416666666666666,malecns_connected,0.0,0.47744312426921576,0.0,0.0,-0.00025261974703264125,0.0
10.425,malecns_connected,0.0,0.47744101910465714,0.0,0.0,-0.00025261974703264125,0.0
10.433333333333334,malecns_connected,0.0,0.4774389139400985,0.0,0.0,-0.00025261974703264125,0.0
10.441666666666666,malecns_connected,0.0,0.4774368087755399,0.0,0.0,-0.00025261974703264125,0.0
10.45,malecns_connected,0.0,0.4774347036109813,0.0,0.0,-0.00025261974703264125,0.0
10.458333333333334,malecns_connected,0.0,0.47743259844642266,0.0,0.0,-0.00025261974703264125,0.0
10.466666666666667,malecns_connected,0.0,0.47743049328186404,0.0,0.0,-0.00025261974703264125,0.0
10.475,malecns_connected,0.0,0.4774283881173054,0.0,0.0,-0.00025261974703264125,0.0
10.483333333333333,malecns_connected,0.0,0.4774262829527468,0.0,0.0,-0.00025261974703264125,0.0
10.491666666666667,malecns_connected,0.0,0.4774241777881882,0.0,0.0,-0.00025261974703264125,0.0
10.5,malecns_connected,0.0,0.47742207262362957,0.0,0.0,-0.00025261974703264125,0.0
10.508333333333333,malecns_connected,0.0,0.47741996745907095,0.0,0.0,-0.00025261974703264125,0.0
10.516666666666666,malecns_connected,0.0,0.47741786229451233,0.0,0.0,-0.00025261974703264125,0.0
10.525,malecns_connected,0.0,0.4774157571299537,0.0,0.0,-0.00025261974703264125,0.0
10.533333333333333,malecns_connected,0.0,0.4774136519653951,0.0,0.0,-0.00025261974703264125,0.0
10.541666666666666,malecns_connected,0.0,0.4774115468008365,0.0,0.0,-0.00025261974703264125,0.0
10.55,malecns_connected,0.0,0.47740944163627785,0.0,0.0,-0.00025261974703264125,0.0
10.558333333333334,malecns_connected,0.0,0.47740733647171923,0.0,0.0,-0.00025261974703264125,0.0
10.566666666666666,malecns_connected,0.0,0.4774052313071606,0.0,0.0,-0.00025261974703264125,0.0
10.575,malecns_connected,0.0,0.477403126142602,0.0,0.0,-0.00025261974703264125,0.0
10.583333333333334,malecns_connected,0.0,0.4774010209780434,0.0,0.0,-0.00025261974703264125,0.0
10.591666666666667,malecns_connected,0.0,0.47739891581348476,0.0,0.0,-0.00025261974703264125,0.0
10.6,malecns_connected,0.0,0.47739681064892614,0.0,0.0,-0.00025261974703264125,0.0
10.608333333333333,malecns_connected,0.0,0.4773947054843675,0.0,0.0,-0.00025261974703264125,0.0
10.616666666666667,malecns_connected,0.0,0.4773926003198089,0.0,0.0,-0.00025261974703264125,0.0
10.625,malecns_connected,0.0,0.4773904951552503,0.0,0.0,-0.00025261974703264125,0.0
10.633333333333333,malecns_connected,0.0,0.47738838999069166,0.0,0.0,-0.00025261974703264125,0.0
10.641666666666666,malecns_connected,0.0,0.47738628482613304,0.0,0.0,-0.00025261974703264125,0.0
10.65,malecns_connected,0.0,0.4773841796615744,0.0,0.0,-0.00025261974703264125,0.0
10.658333333333333,malecns_connected,0.0,0.4773820744970158,0.0,0.0,-0.00025261974703264125,0.0
10.666666666666666,malecns_connected,0.0,0.4773799693324572,0.0,0.0,-0.00025261974703264125,0.0
10.675,malecns_connected,0.0,0.47737786416789857,0.0,0.0,-0.00025261974703264125,0.0
10.683333333333334,malecns_connected,0.0,0.47737575900333995,0.0,0.0,-0.00025261974703264125,0.0
10.691666666666666,malecns_connected,0.0,0.47737365383878133,0.0,0.0,-0.00025261974703264125,0.0
10.7,malecns_connected,0.0,0.4773715486742227,0.0,0.0,-0.00025261974703264125,0.0
10.708333333333334,malecns_connected,0.0,0.4773694435096641,0.0,0.0,-0.00025261974703264125,0.0
10.716666666666667,malecns_connected,0.0,0.4773673383451055,0.0,0.0,-0.00025261974703264125,0.0
10.725,malecns_connected,0.0,0.47736523318054686,0.0,0.0,-0.00025261974703264125,0.0
10.733333333333333,malecns_connected,0.0,0.47736312801598824,0.0,0.0,-0.00025261974703264125,0.0
10.741666666666667,malecns_connected,0.0,0.4773610228514296,0.0,0.0,-0.00025261974703264125,0.0
10.75,malecns_connected,0.0,0.477358917686871,0.0,0.0,-0.00025261974703264125,0.0
10.758333333333333,malecns_connected,0.0,0.4773568125223124,0.0,0.0,-0.00025261974703264125,0.0
10.766666666666666,malecns_connected,0.0,0.47735470735775376,0.0,0.0,-0.00025261974703264125,0.0
10.775,malecns_connected,0.0,0.47735260219319514,0.0,0.0,-0.00025261974703264125,0.0
10.783333333333333,malecns_connected,0.0,0.4773504970286365,0.0,0.0,-0.00025261974703264125,0.0
10.791666666666666,malecns_connected,0.0,0.4773483918640779,0.0,0.0,-0.00025261974703264125,0.0
10.8,malecns_connected,0.0,0.4773462866995193,0.0,0.0,-0.00025261974703264125,0.0
10.808333333333334,malecns_connected,0.0,0.47734418153496067,0.0,0.0,-0.00025261974703264125,0.0
10.816666666666666,malecns_connected,0.0,0.47734207637040205,0.0,0.0,-0.00025261974703264125,0.0
10.825,malecns_connected,0.0,0.4773399712058434,0.0,0.0,-0.00025261974703264125,0.0
10.833333333333334,malecns_connected,0.0,0.4773378660412848,0.0,0.0,-0.00025261974703264125,0.0
10.841666666666667,malecns_connected,0.0,0.4773357608767262,0.0,0.0,-0.00025261974703264125,0.0
10.85,malecns_connected,0.0,0.47733365571216757,0.0,0.0,-0.00025261974703264125,0.0
10.858333333333333,malecns_connected,0.0,0.47733155054760895,0.0,0.0,-0.00025261974703264125,0.0
10.866666666666667,malecns_connected,0.0,0.47732944538305033,0.0,0.0,-0.00025261974703264125,0.0
10.875,malecns_connected,0.0,0.4773273402184917,0.0,0.0,-0.00025261974703264125,0.0
10.883333333333333,malecns_connected,0.0,0.4773252350539331,0.0,0.0,-0.00025261974703264125,0.0
10.891666666666666,malecns_connected,0.0,0.4773231298893745,0.0,0.0,-0.00025261974703264125,0.0
10.9,malecns_connected,0.0,0.47732102472481586,0.0,0.0,-0.00025261974703264125,0.0
10.908333333333333,malecns_connected,0.0,0.47731891956025724,0.0,0.0,-0.00025261974703264125,0.0
10.916666666666666,malecns_connected,0.0,0.4773168143956986,0.0,0.0,-0.00025261974703264125,0.0
10.925,malecns_connected,0.0,0.47731470923114,0.0,0.0,-0.00025261974703264125,0.0
10.933333333333334,malecns_connected,0.0,0.4773126040665814,0.0,0.0,-0.00025261974703264125,0.0
10.941666666666666,malecns_connected,0.0,0.47731049890202276,0.0,0.0,-0.00025261974703264125,0.0
10.95,malecns_connected,0.0,0.47730839373746414,0.0,0.0,-0.00025261974703264125,0.0
10.958333333333334,malecns_connected,0.0,0.4773062885729055,0.0,0.0,-0.00025261974703264125,0.0
10.966666666666667,malecns_connected,0.0,0.4773041834083469,0.0,0.0,-0.00025261974703264125,0.0
10.975,malecns_connected,0.0,0.4773020782437883,0.0,0.0,-0.00025261974703264125,0.0
10.983333333333333,malecns_connected,0.0,0.47729997307922967,0.0,0.0,-0.00025261974703264125,0.0
10.991666666666667,malecns_connected,0.0,0.47729786791467105,0.0,0.0,-0.00025261974703264125,0.0
11.0,malecns_connected,0.0,0.47729576275011243,0.0,0.0,-0.00025261974703264125,0.0
11.008333333333333,malecns_connected,0.0,0.4772936575855538,0.0,0.0,-0.00025261974703264125,0.0
11.016666666666666,malecns_connected,0.0,0.4772915524209952,0.0,0.0,-0.00025261974703264125,0.0
11.025,malecns_connected,0.0,0.47728944725643657,0.0,0.0,-0.00025261974703264125,0.0
11.033333333333333,malecns_connected,0.0,0.47728734209187795,0.0,0.0,-0.00025261974703264125,0.0
11.041666666666666,malecns_connected,0.0,0.47728523692731933,0.0,0.0,-0.00025261974703264125,0.0
11.05,malecns_connected,0.0,0.4772831317627607,0.0,0.0,-0.00025261974703264125,0.0
11.058333333333334,malecns_connected,0.0,0.4772810265982021,0.0,0.0,-0.00025261974703264125,0.0
11.066666666666666,malecns_connected,0.0,0.4772789214336435,0.0,0.0,-0.00025261974703264125,0.0
11.075,malecns_connected,0.0,0.47727681626908486,0.0,0.0,-0.00025261974703264125,0.0
11.083333333333334,malecns_connected,0.0,0.47727471110452624,0.0,0.0,-0.00025261974703264125,0.0
11.091666666666667,malecns_connected,0.0,0.4772726059399676,0.0,0.0,-0.00025261974703264125,0.0
11.1,malecns_connected,0.0,0.477270500775409,0.0,0.0,-0.00025261974703264125,0.0
11.108333333333333,malecns_connected,0.0,0.4772683956108504,0.0,0.0,-0.00025261974703264125,0.0
11.116666666666667,malecns_connected,0.0,0.47726629044629176,0.0,0.0,-0.00025261974703264125,0.0
11.125,malecns_connected,0.0,0.47726418528173314,0.0,0.0,-0.00025261974703264125,0.0
11.133333333333333,malecns_connected,0.0,0.4772620801171745,0.0,0.0,-0.00025261974703264125,0.0
11.141666666666666,malecns_connected,0.0,0.4772599749526159,0.0,0.0,-0.00025261974703264125,0.0
11.15,malecns_connected,0.0,0.4772578697880573,0.0,0.0,-0.00025261974703264125,0.0
11.158333333333333,malecns_connected,0.0,0.47725576462349867,0.0,0.0,-0.00025261974703264125,0.0
11.166666666666666,malecns_connected,0.0,0.47725365945894005,0.0,0.0,-0.00025261974703264125,0.0
11.175,malecns_connected,0.0,0.47725155429438143,0.0,0.0,-0.00025261974703264125,0.0
11.183333333333334,malecns_connected,0.0,0.4772494491298228,0.0,0.0,-0.00025261974703264125,0.0
11.191666666666666,malecns_connected,0.0,0.4772473439652642,0.0,0.0,-0.00025261974703264125,0.0
11.2,malecns_connected,0.0,0.4772452388007056,0.0,0.0,-0.00025261974703264125,0.0
11.208333333333334,malecns_connected,0.0,0.47724313363614695,0.0,0.0,-0.00025261974703264125,0.0
11.216666666666667,malecns_connected,0.0,0.47724102847158834,0.0,0.0,-0.00025261974703264125,0.0
11.225,malecns_connected,0.0,0.4772389233070297,0.0,0.0,-0.00025261974703264125,0.0
11.233333333333333,malecns_connected,0.0,0.4772368181424711,0.0,0.0,-0.00025261974703264125,0.0
11.241666666666667,malecns_connected,0.0,0.4772347129779125,0.0,0.0,-0.00025261974703264125,0.0
11.25,malecns_connected,0.0,0.47723260781335386,0.0,0.0,-0.00025261974703264125,0.0
11.258333333333333,malecns_connected,0.0,0.47723050264879524,0.0,0.0,-0.00025261974703264125,0.0
11.266666666666666,malecns_connected,0.0,0.4772283974842366,0.0,0.0,-0.00025261974703264125,0.0
11.275,malecns_connected,0.0,0.477226292319678,0.0,0.0,-0.00025261974703264125,0.0
11.283333333333333,malecns_connected,0.0,0.4772241871551194,0.0,0.0,-0.00025261974703264125,0.0
11.291666666666666,malecns_connected,0.0,0.47722208199056076,0.0,0.0,-0.00025261974703264125,0.0
11.3,malecns_connected,0.0,0.47721997682600215,0.0,0.0,-0.00025261974703264125,0.0
11.308333333333334,malecns_connected,0.0,0.4772178716614435,0.0,0.0,-0.00025261974703264125,0.0
11.316666666666666,malecns_connected,0.0,0.4772157664968849,0.0,0.0,-0.00025261974703264125,0.0
11.325,malecns_connected,0.0,0.4772136613323263,0.0,0.0,-0.00025261974703264125,0.0
11.333333333333334,malecns_connected,0.0,0.47721155616776767,0.0,0.0,-0.00025261974703264125,0.0
11.341666666666667,malecns_connected,0.0,0.47720945100320905,0.0,0.0,-0.00025261974703264125,0.0
11.35,malecns_connected,0.0,0.47720734583865043,0.0,0.0,-0.00025261974703264125,0.0
11.358333333333333,malecns_connected,0.0,0.4772052406740918,0.0,0.0,-0.00025261974703264125,0.0
11.366666666666667,malecns_connected,0.0,0.4772031355095332,0.0,0.0,-0.00025261974703264125,0.0
11.375,malecns_connected,0.0,0.4772010303449746,0.0,0.0,-0.00025261974703264125,0.0
11.383333333333333,malecns_connected,0.0,0.47719892518041596,0.0,0.0,-0.00025261974703264125,0.0
11.391666666666666,malecns_connected,0.0,0.47719682001585734,0.0,0.0,-0.00025261974703264125,0.0
11.4,malecns_connected,0.0,0.4771947148512987,0.0,0.0,-0.00025261974703264125,0.0
11.408333333333333,malecns_connected,0.0,0.4771926096867401,0.0,0.0,-0.00025261974703264125,0.0
11.416666666666666,malecns_connected,0.0,0.4771905045221815,0.0,0.0,-0.00025261974703264125,0.0
11.425,malecns_connected,0.0,0.47718839935762286,0.0,0.0,-0.00025261974703264125,0.0
11.433333333333334,malecns_connected,0.0,0.47718629419306424,0.0,0.0,-0.00025261974703264125,0.0
11.441666666666666,malecns_connected,0.0,0.4771841890285056,0.0,0.0,-0.00025261974703264125,0.0
11.45,malecns_connected,0.0,0.477182083863947,0.0,0.0,-0.00025261974703264125,0.0
11.458333333333334,malecns_connected,0.0,0.4771799786993884,0.0,0.0,-0.00025261974703264125,0.0
11.466666666666667,malecns_connected,0.0,0.47717787353482977,0.0,0.0,-0.00025261974703264125,0.0
11.475,malecns_connected,0.0,0.47717576837027115,0.0,0.0,-0.00025261974703264125,0.0
11.483333333333333,malecns_connected,0.0,0.47717366320571253,0.0,0.0,-0.00025261974703264125,0.0
11.491666666666667,malecns_connected,0.0,0.4771715580411539,0.0,0.0,-0.00025261974703264125,0.0
11.5,malecns_connected,0.0,0.4771694528765953,0.0,0.0,-0.00025261974703264125,0.0
11.508333333333333,malecns_connected,0.0,0.47716734771203667,0.0,0.0,-0.00025261974703264125,0.0
11.516666666666666,malecns_connected,0.0,0.47716524254747805,0.0,0.0,-0.00025261974703264125,0.0
11.525,malecns_connected,0.0,0.47716313738291943,0.0,0.0,-0.00025261974703264125,0.0
11.533333333333333,malecns_connected,0.0,0.4771610322183608,0.0,0.0,-0.00025261974703264125,0.0
11.541666666666666,malecns_connected,0.0,0.4771589270538022,0.0,0.0,-0.00025261974703264125,0.0
11.55,malecns_connected,0.0,0.4771568218892436,0.0,0.0,-0.00025261974703264125,0.0
11.558333333333334,malecns_connected,0.0,0.47715471672468496,0.0,0.0,-0.00025261974703264125,0.0
11.566666666666666,malecns_connected,0.0,0.47715261156012634,0.0,0.0,-0.00025261974703264125,0.0
11.575,malecns_connected,0.0,0.4771505063955677,0.0,0.0,-0.00025261974703264125,0.0
11.583333333333334,malecns_connected,0.0,0.4771484012310091,0.0,0.0,-0.00025261974703264125,0.0
11.591666666666667,malecns_connected,0.0,0.4771462960664505,0.0,0.0,-0.00025261974703264125,0.0
11.6,malecns_connected,0.0,0.47714419090189186,0.0,0.0,-0.00025261974703264125,0.0
11.608333333333333,malecns_connected,0.0,0.47714208573733324,0.0,0.0,-0.00025261974703264125,0.0
11.616666666666667,malecns_connected,0.0,0.4771399805727746,0.0,0.0,-0.00025261974703264125,0.0
11.625,malecns_connected,0.0,0.477137875408216,0.0,0.0,-0.00025261974703264125,0.0
11.633333333333333,malecns_connected,0.0,0.4771357702436574,0.0,0.0,-0.00025261974703264125,0.0
11.641666666666666,malecns_connected,0.0,0.47713366507909877,0.0,0.0,-0.00025261974703264125,0.0
11.65,malecns_connected,0.0,0.47713155991454015,0.0,0.0,-0.00025261974703264125,0.0
11.658333333333333,malecns_connected,0.0,0.47712945474998153,0.0,0.0,-0.00025261974703264125,0.0
11.666666666666666,malecns_connected,0.0,0.4771273495854229,0.0,0.0,-0.00025261974703264125,0.0
11.675,malecns_connected,0.0,0.4771252444208643,0.0,0.0,-0.00025261974703264125,0.0
11.683333333333334,malecns_connected,0.0,0.4771231392563057,0.0,0.0,-0.00025261974703264125,0.0
11.691666666666666,malecns_connected,0.0,0.47712103409174705,0.0,0.0,-0.00025261974703264125,0.0
11.7,malecns_connected,0.0,0.47711892892718843,0.0,0.0,-0.00025261974703264125,0.0
11.708333333333334,malecns_connected,0.0,0.4771168237626298,0.0,0.0,-0.00025261974703264125,0.0
11.716666666666667,malecns_connected,0.0,0.4771147185980712,0.0,0.0,-0.00025261974703264125,0.0
11.725,malecns_connected,0.0,0.4771126134335126,0.0,0.0,-0.00025261974703264125,0.0
11.733333333333333,malecns_connected,0.0,0.47711050826895396,0.0,0.0,-0.00025261974703264125,0.0
11.741666666666667,malecns_connected,0.0,0.47710840310439534,0.0,0.0,-0.00025261974703264125,0.0
11.75,malecns_connected,0.0,0.4771062979398367,0.0,0.0,-0.00025261974703264125,0.0
11.758333333333333,malecns_connected,0.0,0.4771041927752781,0.0,0.0,-0.00025261974703264125,0.0
11.766666666666666,malecns_connected,0.0,0.4771020876107195,0.0,0.0,-0.00025261974703264125,0.0
11.775,malecns_connected,0.0,0.47709998244616086,0.0,0.0,-0.00025261974703264125,0.0
11.783333333333333,malecns_connected,0.0,0.47709787728160225,0.0,0.0,-0.00025261974703264125,0.0
11.791666666666666,malecns_connected,0.0,0.4770957721170436,0.0,0.0,-0.00025261974703264125,0.0
11.8,malecns_connected,0.0,0.477093666952485,0.0,0.0,-0.00025261974703264125,0.0
11.808333333333334,malecns_connected,0.0,0.4770915617879264,0.0,0.0,-0.00025261974703264125,0.0
11.816666666666666,malecns_connected,0.0,0.47708945662336777,0.0,0.0,-0.00025261974703264125,0.0
11.825,malecns_connected,0.0,0.47708735145880915,0.0,0.0,-0.00025261974703264125,0.0
11.833333333333334,malecns_connected,0.0,0.47708524629425053,0.0,0.0,-0.00025261974703264125,0.0
11.841666666666667,malecns_connected,0.0,0.4770831411296919,0.0,0.0,-0.00025261974703264125,0.0
11.85,malecns_connected,0.0,0.4770810359651333,0.0,0.0,-0.00025261974703264125,0.0
11.858333333333333,malecns_connected,0.0,0.4770789308005747,0.0,0.0,-0.00025261974703264125,0.0
11.866666666666667,malecns_connected,0.0,0.47707682563601606,0.0,0.0,-0.00025261974703264125,0.0
11.875,malecns_connected,0.0,0.47707472047145744,0.0,0.0,-0.00025261974703264125,0.0
11.883333333333333,malecns_connected,0.0,0.4770726153068988,0.0,0.0,-0.00025261974703264125,0.0
11.891666666666666,malecns_connected,0.0,0.4770705101423402,0.0,0.0,-0.00025261974703264125,0.0
11.9,malecns_connected,0.0,0.4770684049777816,0.0,0.0,-0.00025261974703264125,0.0
11.908333333333333,malecns_connected,0.0,0.47706629981322296,0.0,0.0,-0.00025261974703264125,0.0
11.916666666666666,malecns_connected,0.0,0.47706419464866434,0.0,0.0,-0.00025261974703264125,0.0
11.925,malecns_connected,0.0,0.4770620894841057,0.0,0.0,-0.00025261974703264125,0.0
11.933333333333334,malecns_connected,0.0,0.4770599843195471,0.0,0.0,-0.00025261974703264125,0.0
11.941666666666666,malecns_connected,0.0,0.4770578791549885,0.0,0.0,-0.00025261974703264125,0.0
11.95,malecns_connected,0.0,0.47705577399042987,0.0,0.0,-0.00025261974703264125,0.0
11.958333333333334,malecns_connected,0.0,0.47705366882587125,0.0,0.0,-0.00025261974703264125,0.0
11.966666666666667,malecns_connected,0.0,0.4770515636613126,0.0,0.0,-0.00025261974703264125,0.0
11.975,malecns_connected,0.0,0.477049458496754,0.0,0.0,-0.00025261974703264125,0.0
11.983333333333333,malecns_connected,0.0,0.4770473533321954,0.0,0.0,-0.00025261974703264125,0.0
11.991666666666667,malecns_connected,0.0,0.47704524816763677,0.0,0.0,-0.00025261974703264125,0.0
12.0,malecns_connected,0.0,0.47704314300307815,0.0,0.0,-0.00025261974703264125,0.0
12.008333333333333,malecns_connected,0.0,0.47704103783851953,0.0,0.0,-0.00025261974703264125,0.0
12.016666666666666,malecns_connected,0.0,0.4770389326739609,0.0,0.0,-0.00025261974703264125,0.0
12.025,malecns_connected,0.0,0.4770368275094023,0.0,0.0,-0.00025261974703264125,0.0
12.033333333333333,malecns_connected,0.0,0.4770347223448437,0.0,0.0,-0.00025261974703264125,0.0
12.041666666666666,malecns_connected,0.0,0.47703261718028506,0.0,0.0,-0.00025261974703264125,0.0
12.05,malecns_connected,0.0,0.47703051201572644,0.0,0.0,-0.00025261974703264125,0.0
12.058333333333334,malecns_connected,0.0,0.4770284068511678,0.0,0.0,-0.00025261974703264125,0.0
12.066666666666666,malecns_connected,0.0,0.4770263016866092,0.0,0.0,-0.00025261974703264125,0.0
12.075,malecns_connected,0.0,0.4770241965220506,0.0,0.0,-0.00025261974703264125,0.0
12.083333333333334,malecns_connected,0.0,0.47702209135749196,0.0,0.0,-0.00025261974703264125,0.0
12.091666666666667,malecns_connected,0.0,0.47701998619293334,0.0,0.0,-0.00025261974703264125,0.0
12.1,malecns_connected,0.0,0.4770178810283747,0.0,0.0,-0.00025261974703264125,0.0
12.108333333333333,malecns_connected,0.0,0.4770157758638161,0.0,0.0,-0.00025261974703264125,0.0
12.116666666666667,malecns_connected,0.0,0.4770136706992575,0.0,0.0,-0.00025261974703264125,0.0
12.125,malecns_connected,0.0,0.47701156553469887,0.0,0.0,-0.00025261974703264125,0.0
12.133333333333333,malecns_connected,0.0,0.47700946037014025,0.0,0.0,-0.00025261974703264125,0.0
12.141666666666666,malecns_connected,0.0,0.47700735520558163,0.0,0.0,-0.00025261974703264125,0.0
12.15,malecns_connected,0.0,0.477005250041023,0.0,0.0,-0.00025261974703264125,0.0
12.158333333333333,malecns_connected,0.0,0.4770031448764644,0.0,0.0,-0.00025261974703264125,0.0
12.166666666666666,malecns_connected,0.0,0.47700103971190577,0.0,0.0,-0.00025261974703264125,0.0
12.175,malecns_connected,0.0,0.47699893454734715,0.0,0.0,-0.00025261974703264125,0.0
12.183333333333334,malecns_connected,0.0,0.47699682938278853,0.0,0.0,-0.00025261974703264125,0.0
12.191666666666666,malecns_connected,0.0,0.4769947242182299,0.0,0.0,-0.00025261974703264125,0.0
12.2,malecns_connected,0.0,0.4769926190536713,0.0,0.0,-0.00025261974703264125,0.0
12.208333333333334,malecns_connected,0.0,0.4769905138891127,0.0,0.0,-0.00025261974703264125,0.0
12.216666666666667,malecns_connected,0.0,0.47698840872455406,0.0,0.0,-0.00025261974703264125,0.0
12.225,malecns_connected,0.0,0.47698630355999544,0.0,0.0,-0.00025261974703264125,0.0
12.233333333333333,malecns_connected,0.0,0.4769841983954368,0.0,0.0,-0.00025261974703264125,0.0
12.241666666666667,malecns_connected,0.0,0.4769820932308782,0.0,0.0,-0.00025261974703264125,0.0
12.25,malecns_connected,0.0,0.4769799880663196,0.0,0.0,-0.00025261974703264125,0.0
12.258333333333333,malecns_connected,0.0,0.47697788290176096,0.0,0.0,-0.00025261974703264125,0.0
12.266666666666666,malecns_connected,0.0,0.47697577773720234,0.0,0.0,-0.00025261974703264125,0.0
12.275,malecns_connected,0.0,0.4769736725726437,0.0,0.0,-0.00025261974703264125,0.0
12.283333333333333,malecns_connected,0.0,0.4769715674080851,0.0,0.0,-0.00025261974703264125,0.0
12.291666666666666,malecns_connected,0.0,0.4769694622435265,0.0,0.0,-0.00025261974703264125,0.0
12.3,malecns_connected,0.0,0.47696735707896787,0.0,0.0,-0.00025261974703264125,0.0
12.308333333333334,malecns_connected,0.0,0.47696525191440925,0.0,0.0,-0.00025261974703264125,0.0
12.316666666666666,malecns_connected,0.0,0.47696314674985063,0.0,0.0,-0.00025261974703264125,0.0
12.325,malecns_connected,0.0,0.476961041585292,0.0,0.0,-0.00025261974703264125,0.0
12.333333333333334,malecns_connected,0.0,0.4769589364207334,0.0,0.0,-0.00025261974703264125,0.0
12.341666666666667,malecns_connected,0.0,0.4769568312561748,0.0,0.0,-0.00025261974703264125,0.0
12.35,malecns_connected,0.0,0.47695472609161615,0.0,0.0,-0.00025261974703264125,0.0
12.358333333333333,malecns_connected,0.0,0.47695262092705754,0.0,0.0,-0.00025261974703264125,0.0
12.366666666666667,malecns_connected,0.0,0.4769505157624989,0.0,0.0,-0.00025261974703264125,0.0
12.375,malecns_connected,0.0,0.4769484105979403,0.0,0.0,-0.00025261974703264125,0.0
12.383333333333333,malecns_connected,0.0,0.4769463054333817,0.0,0.0,-0.00025261974703264125,0.0
12.391666666666666,malecns_connected,0.0,0.47694420026882306,0.0,0.0,-0.00025261974703264125,0.0
12.4,malecns_connected,0.0,0.47694209510426444,0.0,0.0,-0.00025261974703264125,0.0
12.408333333333333,malecns_connected,0.0,0.4769399899397058,0.0,0.0,-0.00025261974703264125,0.0
12.416666666666666,malecns_connected,0.0,0.4769378847751472,0.0,0.0,-0.00025261974703264125,0.0
12.425,malecns_connected,0.0,0.4769357796105886,0.0,0.0,-0.00025261974703264125,0.0
12.433333333333334,malecns_connected,0.0,0.47693367444602996,0.0,0.0,-0.00025261974703264125,0.0
12.441666666666666,malecns_connected,0.0,0.47693156928147135,0.0,0.0,-0.00025261974703264125,0.0
12.45,malecns_connected,0.0,0.4769294641169127,0.0,0.0,-0.00025261974703264125,0.0
12.458333333333334,malecns_connected,0.0,0.4769273589523541,0.0,0.0,-0.00025261974703264125,0.0
12.466666666666667,malecns_connected,0.0,0.4769252537877955,0.0,0.0,-0.00025261974703264125,0.0
12.475,malecns_connected,0.0,0.47692314862323687,0.0,0.0,-0.00025261974703264125,0.0
12.483333333333333,malecns_connected,0.0,0.47692104345867825,0.0,0.0,-0.00025261974703264125,0.0
12.491666666666667,malecns_connected,0.0,0.47691893829411963,0.0,0.0,-0.00025261974703264125,0.0
12.5,malecns_connected,0.0,0.476916833129561,0.0,0.0,-0.00025261974703264125,0.0
12.508333333333333,malecns_connected,0.0,0.4769147279650024,0.0,0.0,-0.00025261974703264125,0.0
12.516666666666666,malecns_connected,0.0,0.4769126228004438,0.0,0.0,-0.00025261974703264125,0.0
12.525,malecns_connected,0.0,0.47691051763588516,0.0,0.0,-0.00025261974703264125,0.0
12.533333333333333,malecns_connected,0.0,0.47690841247132654,0.0,0.0,-0.00025261974703264125,0.0
12.541666666666666,malecns_connected,0.0,0.4769063073067679,0.0,0.0,-0.00025261974703264125,0.0
12.55,malecns_connected,0.0,0.4769042021422093,0.0,0.0,-0.00025261974703264125,0.0
12.558333333333334,malecns_connected,0.0,0.4769020969776507,0.0,0.0,-0.00025261974703264125,0.0
12.566666666666666,malecns_connected,0.0,0.47689999181309206,0.0,0.0,-0.00025261974703264125,0.0
12.575,malecns_connected,0.0,0.47689788664853344,0.0,0.0,-0.00025261974703264125,0.0
12.583333333333334,malecns_connected,0.0,0.4768957814839748,0.0,0.0,-0.00025261974703264125,0.0
12.591666666666667,malecns_connected,0.0,0.4768936763194162,0.0,0.0,-0.00025261974703264125,0.0
12.6,malecns_connected,0.0,0.4768915711548576,0.0,0.0,-0.00025261974703264125,0.0
12.608333333333333,malecns_connected,0.0,0.47688946599029897,0.0,0.0,-0.00025261974703264125,0.0
12.616666666666667,malecns_connected,0.0,0.47688736082574035,0.0,0.0,-0.00025261974703264125,0.0
12.625,malecns_connected,0.0,0.47688525566118173,0.0,0.0,-0.00025261974703264125,0.0
12.633333333333333,malecns_connected,0.0,0.4768831504966231,0.0,0.0,-0.00025261974703264125,0.0
12.641666666666666,malecns_connected,0.0,0.4768810453320645,0.0,0.0,-0.00025261974703264125,0.0
12.65,malecns_connected,0.0,0.47687894016750587,0.0,0.0,-0.00025261974703264125,0.0
12.658333333333333,malecns_connected,0.0,0.47687683500294725,0.0,0.0,-0.00025261974703264125,0.0
12.666666666666666,malecns_connected,0.0,0.47687472983838863,0.0,0.0,-0.00025261974703264125,0.0
12.675,malecns_connected,0.0,0.47687262467383,0.0,0.0,-0.00025261974703264125,0.0
12.683333333333334,malecns_connected,0.0,0.4768705195092714,0.0,0.0,-0.00025261974703264125,0.0
12.691666666666666,malecns_connected,0.0,0.4768684143447128,0.0,0.0,-0.00025261974703264125,0.0
12.7,malecns_connected,0.0,0.47686630918015416,0.0,0.0,-0.00025261974703264125,0.0
12.708333333333334,malecns_connected,0.0,0.47686420401559554,0.0,0.0,-0.00025261974703264125,0.0
12.716666666666667,malecns_connected,0.0,0.4768620988510369,0.0,0.0,-0.00025261974703264125,0.0
12.725,malecns_connected,0.0,0.4768599936864783,0.0,0.0,-0.00025261974703264125,0.0
12.733333333333333,malecns_connected,0.0,0.4768578885219197,0.0,0.0,-0.00025261974703264125,0.0
12.741666666666667,malecns_connected,0.0,0.47685578335736106,0.0,0.0,-0.00025261974703264125,0.0
12.75,malecns_connected,0.0,0.47685367819280244,0.0,0.0,-0.00025261974703264125,0.0
12.758333333333333,malecns_connected,0.0,0.4768515730282438,0.0,0.0,-0.00025261974703264125,0.0
12.766666666666666,malecns_connected,0.0,0.4768494678636852,0.0,0.0,-0.00025261974703264125,0.0
12.775,malecns_connected,0.0,0.4768473626991266,0.0,0.0,-0.00025261974703264125,0.0
12.783333333333333,malecns_connected,0.0,0.47684525753456797,0.0,0.0,-0.00025261974703264125,0.0
12.791666666666666,malecns_connected,0.0,0.47684315237000935,0.0,0.0,-0.00025261974703264125,0.0
12.8,malecns_connected,0.0,0.47684104720545073,0.0,0.0,-0.00025261974703264125,0.0
12.808333333333334,malecns_connected,0.0,0.4768389420408921,0.0,0.0,-0.00025261974703264125,0.0
12.816666666666666,malecns_connected,0.0,0.4768368368763335,0.0,0.0,-0.00025261974703264125,0.0
12.825,malecns_connected,0.0,0.4768347317117749,0.0,0.0,-0.00025261974703264125,0.0
12.833333333333334,malecns_connected,0.0,0.47683262654721625,0.0,0.0,-0.00025261974703264125,0.0
12.841666666666667,malecns_connected,0.0,0.47683052138265763,0.0,0.0,-0.00025261974703264125,0.0
12.85,malecns_connected,0.0,0.476828416218099,0.0,0.0,-0.00025261974703264125,0.0
12.858333333333333,malecns_connected,0.0,0.4768263110535404,0.0,0.0,-0.00025261974703264125,0.0
12.866666666666667,malecns_connected,0.0,0.4768242058889818,0.0,0.0,-0.00025261974703264125,0.0
12.875,malecns_connected,0.0,0.47682210072442316,0.0,0.0,-0.00025261974703264125,0.0
12.883333333333333,malecns_connected,0.0,0.47681999555986454,0.0,0.0,-0.00025261974703264125,0.0
12.891666666666666,malecns_connected,0.0,0.4768178903953059,0.0,0.0,-0.00025261974703264125,0.0
12.9,malecns_connected,0.0,0.4768157852307473,0.0,0.0,-0.00025261974703264125,0.0
12.908333333333333,malecns_connected,0.0,0.4768136800661887,0.0,0.0,-0.00025261974703264125,0.0
12.916666666666666,malecns_connected,0.0,0.47681157490163006,0.0,0.0,-0.00025261974703264125,0.0
12.924999999999999,malecns_connected,0.0,0.47680946973707145,0.0,0.0,-0.00025261974703264125,0.0
12.933333333333334,malecns_connected,0.0,0.4768073645725128,0.0,0.0,-0.00025261974703264125,0.0
12.941666666666666,malecns_connected,0.0,0.4768052594079542,0.0,0.0,-0.00025261974703264125,0.0
12.95,malecns_connected,0.0,0.4768031542433956,0.0,0.0,-0.00025261974703264125,0.0
12.958333333333334,malecns_connected,0.0,0.47680104907883697,0.0,0.0,-0.00025261974703264125,0.0
12.966666666666667,malecns_connected,0.0,0.47679894391427835,0.0,0.0,-0.00025261974703264125,0.0
12.975,malecns_connected,0.0,0.47679683874971973,0.0,0.0,-0.00025261974703264125,0.0
12.983333333333333,malecns_connected,0.0,0.4767947335851611,0.0,0.0,-0.00025261974703264125,0.0
12.991666666666667,malecns_connected,0.0,0.4767926284206025,0.0,0.0,-0.00025261974703264125,0.0
13.0,malecns_connected,0.0,0.4767905232560439,0.0,0.0,-0.00025261974703264125,0.0
13.008333333333333,malecns_connected,0.0,0.47678841809148526,0.0,0.0,-0.00025261974703264125,0.0
13.016666666666666,malecns_connected,0.0,0.47678631292692664,0.0,0.0,-0.00025261974703264125,0.0
13.025,malecns_connected,0.0,0.476784207762368,0.0,0.0,-0.00025261974703264125,0.0
13.033333333333333,malecns_connected,0.0,0.4767821025978094,0.0,0.0,-0.00025261974703264125,0.0
13.041666666666666,malecns_connected,0.0,0.4767799974332508,0.0,0.0,-0.00025261974703264125,0.0
13.049999999999999,malecns_connected,0.0,0.47677789226869216,0.0,0.0,-0.00025261974703264125,0.0
13.058333333333334,malecns_connected,0.0,0.47677578710413354,0.0,0.0,-0.00025261974703264125,0.0
13.066666666666666,malecns_connected,0.0,0.4767736819395749,0.0,0.0,-0.00025261974703264125,0.0
13.075,malecns_connected,0.0,0.4767715767750163,0.0,0.0,-0.00025261974703264125,0.0
13.083333333333334,malecns_connected,0.0,0.4767694716104577,0.0,0.0,-0.00025261974703264125,0.0
13.091666666666667,malecns_connected,0.0,0.47676736644589907,0.0,0.0,-0.00025261974703264125,0.0
13.1,malecns_connected,0.0,0.47676526128134045,0.0,0.0,-0.00025261974703264125,0.0
13.108333333333333,malecns_connected,0.0,0.4767631561167818,0.0,0.0,-0.00025261974703264125,0.0
13.116666666666667,malecns_connected,0.0,0.4767610509522232,0.0,0.0,-0.00025261974703264125,0.0
13.125,malecns_connected,0.0,0.4767589457876646,0.0,0.0,-0.00025261974703264125,0.0
13.133333333333333,malecns_connected,0.0,0.47675684062310597,0.0,0.0,-0.00025261974703264125,0.0
13.141666666666666,malecns_connected,0.0,0.47675473545854735,0.0,0.0,-0.00025261974703264125,0.0
13.15,malecns_connected,0.0,0.47675263029398873,0.0,0.0,-0.00025261974703264125,0.0
13.158333333333333,malecns_connected,0.0,0.4767505251294301,0.0,0.0,-0.00025261974703264125,0.0
13.166666666666666,malecns_connected,0.0,0.4767484199648715,0.0,0.0,-0.00025261974703264125,0.0
13.174999999999999,malecns_connected,0.0,0.4767463148003129,0.0,0.0,-0.00025261974703264125,0.0
13.183333333333334,malecns_connected,0.0,0.47674420963575426,0.0,0.0,-0.00025261974703264125,0.0
13.191666666666666,malecns_connected,0.0,0.47674210447119564,0.0,0.0,-0.00025261974703264125,0.0
13.2,malecns_connected,0.0,0.476739999306637,0.0,0.0,-0.00025261974703264125,0.0
13.208333333333334,malecns_connected,0.0,0.4767378941420784,0.0,0.0,-0.00025261974703264125,0.0
13.216666666666667,malecns_connected,0.0,0.4767357889775198,0.0,0.0,-0.00025261974703264125,0.0
13.225,malecns_connected,0.0,0.47673368381296116,0.0,0.0,-0.00025261974703264125,0.0
13.233333333333333,malecns_connected,0.0,0.47673157864840254,0.0,0.0,-0.00025261974703264125,0.0
13.241666666666667,malecns_connected,0.0,0.4767294734838439,0.0,0.0,-0.00025261974703264125,0.0
13.25,malecns_connected,0.0,0.4767273683192853,0.0,0.0,-0.00025261974703264125,0.0
13.258333333333333,malecns_connected,0.0,0.4767252631547267,0.0,0.0,-0.00025261974703264125,0.0
13.266666666666666,malecns_connected,0.0,0.47672315799016807,0.0,0.0,-0.00025261974703264125,0.0
13.275,malecns_connected,0.0,0.47672105282560945,0.0,0.0,-0.00025261974703264125,0.0
13.283333333333333,malecns_connected,0.0,0.47671894766105083,0.0,0.0,-0.00025261974703264125,0.0
13.291666666666666,malecns_connected,0.0,0.4767168424964922,0.0,0.0,-0.00025261974703264125,0.0
13.299999999999999,malecns_connected,0.0,0.4767147373319336,0.0,0.0,-0.00025261974703264125,0.0
13.308333333333334,malecns_connected,0.0,0.476712632167375,0.0,0.0,-0.00025261974703264125,0.0
13.316666666666666,malecns_connected,0.0,0.47671052700281635,0.0,0.0,-0.00025261974703264125,0.0
13.325,malecns_connected,0.0,0.47670842183825773,0.0,0.0,-0.00025261974703264125,0.0
13.333333333333334,malecns_connected,0.0,0.4767063166736991,0.0,0.0,-0.00025261974703264125,0.0
13.341666666666667,malecns_connected,0.0,0.4767042115091405,0.0,0.0,-0.00025261974703264125,0.0
13.35,malecns_connected,0.0,0.4767021063445819,0.0,0.0,-0.00025261974703264125,0.0
13.358333333333333,malecns_connected,0.0,0.47670000118002326,0.0,0.0,-0.00025261974703264125,0.0
13.366666666666667,malecns_connected,0.0,0.47669789601546464,0.0,0.0,-0.00025261974703264125,0.0
13.375,malecns_connected,0.0,0.476695790850906,0.0,0.0,-0.00025261974703264125,0.0
13.383333333333333,malecns_connected,0.0,0.4766936856863474,0.0,0.0,-0.00025261974703264125,0.0
13.391666666666666,malecns_connected,0.0,0.4766915805217888,0.0,0.0,-0.00025261974703264125,0.0
13.4,malecns_connected,0.0,0.47668947535723016,0.0,0.0,-0.00025261974703264125,0.0
13.408333333333333,malecns_connected,0.0,0.47668737019267154,0.0,0.0,-0.00025261974703264125,0.0
13.416666666666666,malecns_connected,0.0,0.4766852650281129,0.0,0.0,-0.00025261974703264125,0.0
13.424999999999999,malecns_connected,0.0,0.4766831598635543,0.0,0.0,-0.00025261974703264125,0.0
13.433333333333334,malecns_connected,0.0,0.4766810546989957,0.0,0.0,-0.00025261974703264125,0.0
13.441666666666666,malecns_connected,0.0,0.47667894953443707,0.0,0.0,-0.00025261974703264125,0.0
13.45,malecns_connected,0.0,0.47667684436987845,0.0,0.0,-0.00025261974703264125,0.0
13.458333333333334,malecns_connected,0.0,0.47667473920531983,0.0,0.0,-0.00025261974703264125,0.0
13.466666666666667,malecns_connected,0.0,0.4766726340407612,0.0,0.0,-0.00025261974703264125,0.0
13.475,malecns_connected,0.0,0.4766705288762026,0.0,0.0,-0.00025261974703264125,0.0
13.483333333333333,malecns_connected,0.0,0.476668423711644,0.0,0.0,-0.00025261974703264125,0.0
13.491666666666667,malecns_connected,0.0,0.47666631854708535,0.0,0.0,-0.00025261974703264125,0.0
13.5,malecns_connected,0.0,0.47666421338252674,0.0,0.0,-0.00025261974703264125,0.0
13.508333333333333,malecns_connected,0.0,0.4766621082179681,0.0,0.0,-0.00025261974703264125,0.0
13.516666666666666,malecns_connected,0.0,0.4766600030534095,0.0,0.0,-0.00025261974703264125,0.0
13.525,malecns_connected,0.0,0.4766578978888509,0.0,0.0,-0.00025261974703264125,0.0
13.533333333333333,malecns_connected,0.0,0.47665579272429226,0.0,0.0,-0.00025261974703264125,0.0
13.541666666666666,malecns_connected,0.0,0.47665368755973364,0.0,0.0,-0.00025261974703264125,0.0
13.549999999999999,malecns_connected,0.0,0.476651582395175,0.0,0.0,-0.00025261974703264125,0.0
13.558333333333334,malecns_connected,0.0,0.4766494772306164,0.0,0.0,-0.00025261974703264125,0.0
13.566666666666666,malecns_connected,0.0,0.4766473720660578,0.0,0.0,-0.00025261974703264125,0.0
13.575,malecns_connected,0.0,0.47664526690149916,0.0,0.0,-0.00025261974703264125,0.0
13.583333333333334,malecns_connected,0.0,0.47664316173694055,0.0,0.0,-0.00025261974703264125,0.0
13.591666666666667,malecns_connected,0.0,0.4766410565723819,0.0,0.0,-0.00025261974703264125,0.0
13.6,malecns_connected,0.0,0.4766389514078233,0.0,0.0,-0.00025261974703264125,0.0
13.608333333333333,malecns_connected,0.0,0.4766368462432647,0.0,0.0,-0.00025261974703264125,0.0
13.616666666666667,malecns_connected,0.0,0.47663474107870607,0.0,0.0,-0.00025261974703264125,0.0
13.625,malecns_connected,0.0,0.47663263591414745,0.0,0.0,-0.00025261974703264125,0.0
13.633333333333333,malecns_connected,0.0,0.47663053074958883,0.0,0.0,-0.00025261974703264125,0.0
13.641666666666666,malecns_connected,0.0,0.4766284255850302,0.0,0.0,-0.00025261974703264125,0.0
13.65,malecns_connected,0.0,0.4766263204204716,0.0,0.0,-0.00025261974703264125,0.0
13.658333333333333,malecns_connected,0.0,0.476624215255913,0.0,0.0,-0.00025261974703264125,0.0
13.666666666666666,malecns_connected,0.0,0.47662211009135436,0.0,0.0,-0.00025261974703264125,0.0
13.674999999999999,malecns_connected,0.0,0.47662000492679574,0.0,0.0,-0.00025261974703264125,0.0
13.683333333333334,malecns_connected,0.0,0.4766178997622371,0.0,0.0,-0.00025261974703264125,0.0
13.691666666666666,malecns_connected,0.0,0.4766157945976785,0.0,0.0,-0.00025261974703264125,0.0
13.7,malecns_connected,0.0,0.4766136894331199,0.0,0.0,-0.00025261974703264125,0.0
13.708333333333334,malecns_connected,0.0,0.47661158426856126,0.0,0.0,-0.00025261974703264125,0.0
13.716666666666667,malecns_connected,0.0,0.47660947910400264,0.0,0.0,-0.00025261974703264125,0.0
13.725,malecns_connected,0.0,0.476607373939444,0.0,0.0,-0.00025261974703264125,0.0
13.733333333333333,malecns_connected,0.0,0.4766052687748854,0.0,0.0,-0.00025261974703264125,0.0
13.741666666666667,malecns_connected,0.0,0.4766031636103268,0.0,0.0,-0.00025261974703264125,0.0
13.75,malecns_connected,0.0,0.47660105844576817,0.0,0.0,-0.00025261974703264125,0.0
13.758333333333333,malecns_connected,0.0,0.47659895328120955,0.0,0.0,-0.00025261974703264125,0.0
13.766666666666666,malecns_connected,0.0,0.47659684811665093,0.0,0.0,-0.00025261974703264125,0.0
13.775,malecns_connected,0.0,0.4765947429520923,0.0,0.0,-0.00025261974703264125,0.0
13.783333333333333,malecns_connected,0.0,0.4765926377875337,0.0,0.0,-0.00025261974703264125,0.0
13.791666666666666,malecns_connected,0.0,0.47659053262297507,0.0,0.0,-0.00025261974703264125,0.0
13.799999999999999,malecns_connected,0.0,0.47658842745841645,0.0,0.0,-0.00025261974703264125,0.0
13.808333333333334,malecns_connected,0.0,0.47658632229385783,0.0,0.0,-0.00025261974703264125,0.0
13.816666666666666,malecns_connected,0.0,0.4765842171292992,0.0,0.0,-0.00025261974703264125,0.0
13.825,malecns_connected,0.0,0.4765821119647406,0.0,0.0,-0.00025261974703264125,0.0
13.833333333333334,malecns_connected,0.0,0.476580006800182,0.0,0.0,-0.00025261974703264125,0.0
13.841666666666667,malecns_connected,0.0,0.47657790163562336,0.0,0.0,-0.00025261974703264125,0.0
13.85,malecns_connected,0.0,0.47657579647106474,0.0,0.0,-0.00025261974703264125,0.0
13.858333333333333,malecns_connected,0.0,0.4765736913065061,0.0,0.0,-0.00025261974703264125,0.0
13.866666666666667,malecns_connected,0.0,0.4765715861419475,0.0,0.0,-0.00025261974703264125,0.0
13.875,malecns_connected,0.0,0.4765694809773889,0.0,0.0,-0.00025261974703264125,0.0
13.883333333333333,malecns_connected,0.0,0.47656737581283026,0.0,0.0,-0.00025261974703264125,0.0
13.891666666666666,malecns_connected,0.0,0.47656527064827164,0.0,0.0,-0.00025261974703264125,0.0
13.9,malecns_connected,0.0,0.476563165483713,0.0,0.0,-0.00025261974703264125,0.0
13.908333333333333,malecns_connected,0.0,0.4765610603191544,0.0,0.0,-0.00025261974703264125,0.0
13.916666666666666,malecns_connected,0.0,0.4765589551545958,0.0,0.0,-0.00025261974703264125,0.0
13.924999999999999,malecns_connected,0.0,0.47655684999003717,0.0,0.0,-0.00025261974703264125,0.0
13.933333333333334,malecns_connected,0.0,0.47655474482547855,0.0,0.0,-0.00025261974703264125,0.0
13.941666666666666,malecns_connected,0.0,0.47655263966091993,0.0,0.0,-0.00025261974703264125,0.0
13.95,malecns_connected,0.0,0.4765505344963613,0.0,0.0,-0.00025261974703264125,0.0
13.958333333333334,malecns_connected,0.0,0.4765484293318027,0.0,0.0,-0.00025261974703264125,0.0
13.966666666666667,malecns_connected,0.0,0.4765463241672441,0.0,0.0,-0.00025261974703264125,0.0
13.975,malecns_connected,0.0,0.47654421900268545,0.0,0.0,-0.00025261974703264125,0.0
13.983333333333333,malecns_connected,0.0,0.47654211383812684,0.0,0.0,-0.00025261974703264125,0.0
13.991666666666667,malecns_connected,0.0,0.4765400086735682,0.0,0.0,-0.00025261974703264125,0.0
14.0,malecns_connected,0.0,0.4765379035090096,0.0,0.0,-0.00025261974703264125,0.0
14.008333333333333,malecns_connected,0.0,0.476535798344451,0.0,0.0,-0.00025261974703264125,0.0
14.016666666666666,malecns_connected,0.0,0.47653369317989236,0.0,0.0,-0.00025261974703264125,0.0
14.025,malecns_connected,0.0,0.47653158801533374,0.0,0.0,-0.00025261974703264125,0.0
14.033333333333333,malecns_connected,0.0,0.4765294828507751,0.0,0.0,-0.00025261974703264125,0.0
14.041666666666666,malecns_connected,0.0,0.4765273776862165,0.0,0.0,-0.00025261974703264125,0.0
14.049999999999999,malecns_connected,0.0,0.4765252725216579,0.0,0.0,-0.00025261974703264125,0.0
14.058333333333334,malecns_connected,0.0,0.47652316735709926,0.0,0.0,-0.00025261974703264125,0.0
14.066666666666666,malecns_connected,0.0,0.47652106219254065,0.0,0.0,-0.00025261974703264125,0.0
14.075,malecns_connected,0.0,0.476518957027982,0.0,0.0,-0.00025261974703264125,0.0
14.083333333333334,malecns_connected,0.0,0.4765168518634234,0.0,0.0,-0.00025261974703264125,0.0
14.091666666666667,malecns_connected,0.0,0.4765147466988648,0.0,0.0,-0.00025261974703264125,0.0
14.1,malecns_connected,0.0,0.47651264153430617,0.0,0.0,-0.00025261974703264125,0.0
14.108333333333333,malecns_connected,0.0,0.47651053636974755,0.0,0.0,-0.00025261974703264125,0.0
14.116666666666667,malecns_connected,0.0,0.47650843120518893,0.0,0.0,-0.00025261974703264125,0.0
14.125,malecns_connected,0.0,0.4765063260406303,0.0,0.0,-0.00025261974703264125,0.0
14.133333333333333,malecns_connected,0.0,0.4765042208760717,0.0,0.0,-0.00025261974703264125,0.0
14.141666666666666,malecns_connected,0.0,0.4765021157115131,0.0,0.0,-0.00025261974703264125,0.0
14.15,malecns_connected,0.0,0.47650001054695446,0.0,0.0,-0.00025261974703264125,0.0
14.158333333333333,malecns_connected,0.0,0.47649790538239584,0.0,0.0,-0.00025261974703264125,0.0
14.166666666666666,malecns_connected,0.0,0.4764958002178372,0.0,0.0,-0.00025261974703264125,0.0
14.174999999999999,malecns_connected,0.0,0.4764936950532786,0.0,0.0,-0.00025261974703264125,0.0
14.183333333333334,malecns_connected,0.0,0.47649158988872,0.0,0.0,-0.00025261974703264125,0.0
14.191666666666666,malecns_connected,0.0,0.47648948472416136,0.0,0.0,-0.00025261974703264125,0.0
14.2,malecns_connected,0.0,0.47648737955960274,0.0,0.0,-0.00025261974703264125,0.0
14.208333333333334,malecns_connected,0.0,0.4764852743950441,0.0,0.0,-0.00025261974703264125,0.0
14.216666666666667,malecns_connected,0.0,0.4764831692304855,0.0,0.0,-0.00025261974703264125,0.0
14.225,malecns_connected,0.0,0.4764810640659269,0.0,0.0,-0.00025261974703264125,0.0
14.233333333333333,malecns_connected,0.0,0.47647895890136827,0.0,0.0,-0.00025261974703264125,0.0
14.241666666666667,malecns_connected,0.0,0.47647685373680965,0.0,0.0,-0.00025261974703264125,0.0
14.25,malecns_connected,0.0,0.47647474857225103,0.0,0.0,-0.00025261974703264125,0.0
14.258333333333333,malecns_connected,0.0,0.4764726434076924,0.0,0.0,-0.00025261974703264125,0.0
14.266666666666666,malecns_connected,0.0,0.4764705382431338,0.0,0.0,-0.00025261974703264125,0.0
14.275,malecns_connected,0.0,0.47646843307857517,0.0,0.0,-0.00025261974703264125,0.0
14.283333333333333,malecns_connected,0.0,0.47646632791401655,0.0,0.0,-0.00025261974703264125,0.0
14.291666666666666,malecns_connected,0.0,0.47646422274945793,0.0,0.0,-0.00025261974703264125,0.0
14.299999999999999,malecns_connected,0.0,0.4764621175848993,0.0,0.0,-0.00025261974703264125,0.0
14.308333333333334,malecns_connected,0.0,0.4764600124203407,0.0,0.0,-0.00025261974703264125,0.0
14.316666666666666,malecns_connected,0.0,0.4764579072557821,0.0,0.0,-0.00025261974703264125,0.0
14.325,malecns_connected,0.0,0.47645580209122346,0.0,0.0,-0.00025261974703264125,0.0
14.333333333333334,malecns_connected,0.0,0.47645369692666484,0.0,0.0,-0.00025261974703264125,0.0
14.341666666666667,malecns_connected,0.0,0.4764515917621062,0.0,0.0,-0.00025261974703264125,0.0
14.35,malecns_connected,0.0,0.4764494865975476,0.0,0.0,-0.00025261974703264125,0.0
14.358333333333333,malecns_connected,0.0,0.476447381432989,0.0,0.0,-0.00025261974703264125,0.0
14.366666666666667,malecns_connected,0.0,0.47644527626843036,0.0,0.0,-0.00025261974703264125,0.0
14.375,malecns_connected,0.0,0.47644317110387174,0.0,0.0,-0.00025261974703264125,0.0
14.383333333333333,malecns_connected,0.0,0.4764410659393131,0.0,0.0,-0.00025261974703264125,0.0
14.391666666666666,malecns_connected,0.0,0.4764389607747545,0.0,0.0,-0.00025261974703264125,0.0
14.4,malecns_connected,0.0,0.4764368556101959,0.0,0.0,-0.00025261974703264125,0.0
14.408333333333333,malecns_connected,0.0,0.47643475044563727,0.0,0.0,-0.00025261974703264125,0.0
14.416666666666666,malecns_connected,0.0,0.47643264528107865,0.0,0.0,-0.00025261974703264125,0.0
14.424999999999999,malecns_connected,0.0,0.47643054011652003,0.0,0.0,-0.00025261974703264125,0.0
14.433333333333334,malecns_connected,0.0,0.4764284349519614,0.0,0.0,-0.00025261974703264125,0.0
14.441666666666666,malecns_connected,0.0,0.4764263297874028,0.0,0.0,-0.00025261974703264125,0.0
14.45,malecns_connected,0.0,0.4764242246228442,0.0,0.0,-0.00025261974703264125,0.0
14.458333333333334,malecns_connected,0.0,0.47642211945828555,0.0,0.0,-0.00025261974703264125,0.0
14.466666666666667,malecns_connected,0.0,0.47642001429372693,0.0,0.0,-0.00025261974703264125,0.0
14.475,malecns_connected,0.0,0.4764179091291683,0.0,0.0,-0.00025261974703264125,0.0
14.483333333333333,malecns_connected,0.0,0.4764158039646097,0.0,0.0,-0.00025261974703264125,0.0
14.491666666666667,malecns_connected,0.0,0.4764136988000511,0.0,0.0,-0.00025261974703264125,0.0
14.5,malecns_connected,0.0,0.47641159363549246,0.0,0.0,-0.00025261974703264125,0.0
14.508333333333333,malecns_connected,0.0,0.47640948847093384,0.0,0.0,-0.00025261974703264125,0.0
14.516666666666666,malecns_connected,0.0,0.4764073833063752,0.0,0.0,-0.00025261974703264125,0.0
14.525,malecns_connected,0.0,0.4764052781418166,0.0,0.0,-0.00025261974703264125,0.0
14.533333333333333,malecns_connected,0.0,0.476403172977258,0.0,0.0,-0.00025261974703264125,0.0
14.541666666666666,malecns_connected,0.0,0.47640106781269936,0.0,0.0,-0.00025261974703264125,0.0
14.549999999999999,malecns_connected,0.0,0.47639896264814074,0.0,0.0,-0.00025261974703264125,0.0
14.558333333333334,malecns_connected,0.0,0.4763968574835821,0.0,0.0,-0.00025261974703264125,0.0
14.566666666666666,malecns_connected,0.0,0.4763947523190235,0.0,0.0,-0.00025261974703264125,0.0
14.575,malecns_connected,0.0,0.4763926471544649,0.0,0.0,-0.00025261974703264125,0.0
14.583333333333334,malecns_connected,0.0,0.47639054198990627,0.0,0.0,-0.00025261974703264125,0.0
14.591666666666667,malecns_connected,0.0,0.47638843682534765,0.0,0.0,-0.00025261974703264125,0.0
14.6,malecns_connected,0.0,0.47638633166078903,0.0,0.0,-0.00025261974703264125,0.0
14.608333333333333,malecns_connected,0.0,0.4763842264962304,0.0,0.0,-0.00025261974703264125,0.0
14.616666666666667,malecns_connected,0.0,0.4763821213316718,0.0,0.0,-0.00025261974703264125,0.0
14.625,malecns_connected,0.0,0.4763800161671132,0.0,0.0,-0.00025261974703264125,0.0
14.633333333333333,malecns_connected,0.0,0.47637791100255455,0.0,0.0,-0.00025261974703264125,0.0
14.641666666666666,malecns_connected,0.0,0.47637580583799594,0.0,0.0,-0.00025261974703264125,0.0
14.65,malecns_connected,0.0,0.4763737006734373,0.0,0.0,-0.00025261974703264125,0.0
14.658333333333333,malecns_connected,0.0,0.4763715955088787,0.0,0.0,-0.00025261974703264125,0.0
14.666666666666666,malecns_connected,0.0,0.4763694903443201,0.0,0.0,-0.00025261974703264125,0.0
14.674999999999999,malecns_connected,0.0,0.47636738517976146,0.0,0.0,-0.00025261974703264125,0.0
14.683333333333334,malecns_connected,0.0,0.47636528001520284,0.0,0.0,-0.00025261974703264125,0.0
14.691666666666666,malecns_connected,0.0,0.4763631748506442,0.0,0.0,-0.00025261974703264125,0.0
14.7,malecns_connected,0.0,0.4763610696860856,0.0,0.0,-0.00025261974703264125,0.0
14.708333333333334,malecns_connected,0.0,0.476358964521527,0.0,0.0,-0.00025261974703264125,0.0
14.716666666666667,malecns_connected,0.0,0.47635685935696837,0.0,0.0,-0.00025261974703264125,0.0
14.725,malecns_connected,0.0,0.47635475419240975,0.0,0.0,-0.00025261974703264125,0.0
14.733333333333333,malecns_connected,0.0,0.4763526490278511,0.0,0.0,-0.00025261974703264125,0.0
14.741666666666667,malecns_connected,0.0,0.4763505438632925,0.0,0.0,-0.00025261974703264125,0.0
14.75,malecns_connected,0.0,0.4763484386987339,0.0,0.0,-0.00025261974703264125,0.0
14.758333333333333,malecns_connected,0.0,0.47634633353417527,0.0,0.0,-0.00025261974703264125,0.0
14.766666666666666,malecns_connected,0.0,0.47634422836961665,0.0,0.0,-0.00025261974703264125,0.0
14.775,malecns_connected,0.0,0.47634212320505803,0.0,0.0,-0.00025261974703264125,0.0
14.783333333333333,malecns_connected,0.0,0.4763400180404994,0.0,0.0,-0.00025261974703264125,0.0
14.791666666666666,malecns_connected,0.0,0.4763379128759408,0.0,0.0,-0.00025261974703264125,0.0
14.799999999999999,malecns_connected,0.0,0.4763358077113822,0.0,0.0,-0.00025261974703264125,0.0
14.808333333333334,malecns_connected,0.0,0.47633370254682356,0.0,0.0,-0.00025261974703264125,0.0
14.816666666666666,malecns_connected,0.0,0.47633159738226494,0.0,0.0,-0.00025261974703264125,0.0
14.825,malecns_connected,0.0,0.4763294922177063,0.0,0.0,-0.00025261974703264125,0.0
14.833333333333334,malecns_connected,0.0,0.4763273870531477,0.0,0.0,-0.00025261974703264125,0.0
14.841666666666667,malecns_connected,0.0,0.4763252818885891,0.0,0.0,-0.00025261974703264125,0.0
14.85,malecns_connected,0.0,0.47632317672403046,0.0,0.0,-0.00025261974703264125,0.0
14.858333333333333,malecns_connected,0.0,0.47632107155947184,0.0,0.0,-0.00025261974703264125,0.0
14.866666666666667,malecns_connected,0.0,0.4763189663949132,0.0,0.0,-0.00025261974703264125,0.0
14.875,malecns_connected,0.0,0.4763168612303546,0.0,0.0,-0.00025261974703264125,0.0
14.883333333333333,malecns_connected,0.0,0.476314756065796,0.0,0.0,-0.00025261974703264125,0.0
14.891666666666666,malecns_connected,0.0,0.47631265090123737,0.0,0.0,-0.00025261974703264125,0.0
14.9,malecns_connected,0.0,0.47631054573667875,0.0,0.0,-0.00025261974703264125,0.0
14.908333333333333,malecns_connected,0.0,0.47630844057212013,0.0,0.0,-0.00025261974703264125,0.0
14.916666666666666,malecns_connected,0.0,0.4763063354075615,0.0,0.0,-0.00025261974703264125,0.0
14.924999999999999,malecns_connected,0.0,0.4763042302430029,0.0,0.0,-0.00025261974703264125,0.0
14.933333333333334,malecns_connected,0.0,0.47630212507844427,0.0,0.0,-0.00025261974703264125,0.0
14.941666666666666,malecns_connected,0.0,0.47630001991388565,0.0,0.0,-0.00025261974703264125,0.0
14.95,malecns_connected,0.0,0.47629791474932703,0.0,0.0,-0.00025261974703264125,0.0
14.958333333333334,malecns_connected,0.0,0.4762958095847684,0.0,0.0,-0.00025261974703264125,0.0
14.966666666666667,malecns_connected,0.0,0.4762937044202098,0.0,0.0,-0.00025261974703264125,0.0
14.975,malecns_connected,0.0,0.4762915992556512,0.0,0.0,-0.00025261974703264125,0.0
14.983333333333333,malecns_connected,0.0,0.47628949409109256,0.0,0.0,-0.00025261974703264125,0.0
14.991666666666667,malecns_connected,0.0,0.47628738892653394,0.0,0.0,-0.00025261974703264125,0.0
15.0,malecns_connected,0.0,0.4762852837619753,0.0,0.0,-0.00025261974703264125,0.0
15.008333333333333,malecns_connected,0.0,0.4762831785974167,0.0,0.0,-0.00025261974703264125,0.0
15.016666666666666,malecns_connected,0.0,0.4762810734328581,0.0,0.0,-0.00025261974703264125,0.0
15.025,malecns_connected,0.0,0.47627896826829946,0.0,0.0,-0.00025261974703264125,0.0
15.033333333333333,malecns_connected,0.0,0.47627686310374084,0.0,0.0,-0.00025261974703264125,0.0
15.041666666666666,malecns_connected,0.0,0.4762747579391822,0.0,0.0,-0.00025261974703264125,0.0
15.049999999999999,malecns_connected,0.0,0.4762726527746236,0.0,0.0,-0.00025261974703264125,0.0
15.058333333333334,malecns_connected,0.0,0.476270547610065,0.0,0.0,-0.00025261974703264125,0.0
15.066666666666666,malecns_connected,0.0,0.47626844244550637,0.0,0.0,-0.00025261974703264125,0.0
15.075,malecns_connected,0.0,0.47626633728094775,0.0,0.0,-0.00025261974703264125,0.0
15.083333333333334,malecns_connected,0.0,0.47626423211638913,0.0,0.0,-0.00025261974703264125,0.0
15.091666666666667,malecns_connected,0.0,0.4762621269518305,0.0,0.0,-0.00025261974703264125,0.0
15.1,malecns_connected,0.0,0.4762600217872719,0.0,0.0,-0.00025261974703264125,0.0
15.108333333333333,malecns_connected,0.0,0.4762579166227133,0.0,0.0,-0.00025261974703264125,0.0
15.116666666666667,malecns_connected,0.0,0.47625581145815465,0.0,0.0,-0.00025261974703264125,0.0
15.125,malecns_connected,0.0,0.47625370629359604,0.0,0.0,-0.00025261974703264125,0.0
15.133333333333333,malecns_connected,0.0,0.4762516011290374,0.0,0.0,-0.00025261974703264125,0.0
15.141666666666666,malecns_connected,0.0,0.4762494959644788,0.0,0.0,-0.00025261974703264125,0.0
15.15,malecns_connected,0.0,0.4762473907999202,0.0,0.0,-0.00025261974703264125,0.0
15.158333333333333,malecns_connected,0.0,0.47624528563536156,0.0,0.0,-0.00025261974703264125,0.0
15.166666666666666,malecns_connected,0.0,0.47624318047080294,0.0,0.0,-0.00025261974703264125,0.0
15.174999999999999,malecns_connected,0.0,0.4762410753062443,0.0,0.0,-0.00025261974703264125,0.0
15.183333333333334,malecns_connected,0.0,0.4762389701416857,0.0,0.0,-0.00025261974703264125,0.0
15.191666666666666,malecns_connected,0.0,0.4762368649771271,0.0,0.0,-0.00025261974703264125,0.0
15.2,malecns_connected,0.0,0.47623475981256846,0.0,0.0,-0.00025261974703264125,0.0
15.208333333333334,malecns_connected,0.0,0.47623265464800985,0.0,0.0,-0.00025261974703264125,0.0
15.216666666666667,malecns_connected,0.0,0.4762305494834512,0.0,0.0,-0.00025261974703264125,0.0
15.225,malecns_connected,0.0,0.4762284443188926,0.0,0.0,-0.00025261974703264125,0.0
15.233333333333333,malecns_connected,0.0,0.476226339154334,0.0,0.0,-0.00025261974703264125,0.0
15.241666666666667,malecns_connected,0.0,0.47622423398977537,0.0,0.0,-0.00025261974703264125,0.0
15.25,malecns_connected,0.0,0.47622212882521675,0.0,0.0,-0.00025261974703264125,0.0
15.258333333333333,malecns_connected,0.0,0.47622002366065813,0.0,0.0,-0.00025261974703264125,0.0
15.266666666666666,malecns_connected,0.0,0.4762179184960995,0.0,0.0,-0.00025261974703264125,0.0
15.275,malecns_connected,0.0,0.4762158133315409,0.0,0.0,-0.00025261974703264125,0.0
15.283333333333333,malecns_connected,0.0,0.4762137081669823,0.0,0.0,-0.00025261974703264125,0.0
15.291666666666666,malecns_connected,0.0,0.47621160300242366,0.0,0.0,-0.00025261974703264125,0.0
15.299999999999999,malecns_connected,0.0,0.47620949783786504,0.0,0.0,-0.00025261974703264125,0.0
15.308333333333334,malecns_connected,0.0,0.4762073926733064,0.0,0.0,-0.00025261974703264125,0.0
15.316666666666666,malecns_connected,0.0,0.4762052875087478,0.0,0.0,-0.00025261974703264125,0.0
15.325,malecns_connected,0.0,0.4762031823441892,0.0,0.0,-0.00025261974703264125,0.0
15.333333333333334,malecns_connected,0.0,0.47620107717963056,0.0,0.0,-0.00025261974703264125,0.0
15.341666666666667,malecns_connected,0.0,0.47619897201507194,0.0,0.0,-0.00025261974703264125,0.0
15.35,malecns_connected,0.0,0.4761968668505133,0.0,0.0,-0.00025261974703264125,0.0
15.358333333333333,malecns_connected,0.0,0.4761947616859547,0.0,0.0,-0.00025261974703264125,0.0
15.366666666666667,malecns_connected,0.0,0.4761926565213961,0.0,0.0,-0.00025261974703264125,0.0
15.375,malecns_connected,0.0,0.47619055135683747,0.0,0.0,-0.00025261974703264125,0.0
15.383333333333333,malecns_connected,0.0,0.47618844619227885,0.0,0.0,-0.00025261974703264125,0.0
15.391666666666666,malecns_connected,0.0,0.47618634102772023,0.0,0.0,-0.00025261974703264125,0.0
15.4,malecns_connected,0.0,0.4761842358631616,0.0,0.0,-0.00025261974703264125,0.0
15.408333333333333,malecns_connected,0.0,0.476182130698603,0.0,0.0,-0.00025261974703264125,0.0
15.416666666666666,malecns_connected,0.0,0.47618002553404437,0.0,0.0,-0.00025261974703264125,0.0
15.424999999999999,malecns_connected,0.0,0.47617792036948575,0.0,0.0,-0.00025261974703264125,0.0
15.433333333333334,malecns_connected,0.0,0.47617581520492713,0.0,0.0,-0.00025261974703264125,0.0
15.441666666666666,malecns_connected,0.0,0.4761737100403685,0.0,0.0,-0.00025261974703264125,0.0
15.45,malecns_connected,0.0,0.4761716048758099,0.0,0.0,-0.00025261974703264125,0.0
15.458333333333334,malecns_connected,0.0,0.4761694997112513,0.0,0.0,-0.00025261974703264125,0.0
15.466666666666667,malecns_connected,0.0,0.47616739454669266,0.0,0.0,-0.00025261974703264125,0.0
15.475,malecns_connected,0.0,0.47616528938213404,0.0,0.0,-0.00025261974703264125,0.0
15.483333333333333,malecns_connected,0.0,0.4761631842175754,0.0,0.0,-0.00025261974703264125,0.0
15.491666666666667,malecns_connected,0.0,0.4761610790530168,0.0,0.0,-0.00025261974703264125,0.0
15.5,malecns_connected,0.0,0.4761589738884582,0.0,0.0,-0.00025261974703264125,0.0
15.508333333333333,malecns_connected,0.0,0.47615686872389956,0.0,0.0,-0.00025261974703264125,0.0
15.516666666666666,malecns_connected,0.0,0.47615476355934094,0.0,0.0,-0.00025261974703264125,0.0
15.525,malecns_connected,0.0,0.4761526583947823,0.0,0.0,-0.00025261974703264125,0.0
15.533333333333333,malecns_connected,0.0,0.4761505532302237,0.0,0.0,-0.00025261974703264125,0.0
15.541666666666666,malecns_connected,0.0,0.4761484480656651,0.0,0.0,-0.00025261974703264125,0.0
15.549999999999999,malecns_connected,0.0,0.47614634290110647,0.0,0.0,-0.00025261974703264125,0.0
15.558333333333334,malecns_connected,0.0,0.47614423773654785,0.0,0.0,-0.00025261974703264125,0.0
15.566666666666666,malecns_connected,0.0,0.47614213257198923,0.0,0.0,-0.00025261974703264125,0.0
15.575,malecns_connected,0.0,0.4761400274074306,0.0,0.0,-0.00025261974703264125,0.0
15.583333333333334,malecns_connected,0.0,0.476137922242872,0.0,0.0,-0.00025261974703264125,0.0
15.591666666666667,malecns_connected,0.0,0.4761358170783134,0.0,0.0,-0.00025261974703264125,0.0
15.6,malecns_connected,0.0,0.47613371191375475,0.0,0.0,-0.00025261974703264125,0.0
15.608333333333333,malecns_connected,0.0,0.47613160674919613,0.0,0.0,-0.00025261974703264125,0.0
15.616666666666667,malecns_connected,0.0,0.4761295015846375,0.0,0.0,-0.00025261974703264125,0.0
15.625,malecns_connected,0.0,0.4761273964200789,0.0,0.0,-0.00025261974703264125,0.0
15.633333333333333,malecns_connected,0.0,0.4761252912555203,0.0,0.0,-0.00025261974703264125,0.0
15.641666666666666,malecns_connected,0.0,0.47612318609096166,0.0,0.0,-0.00025261974703264125,0.0
15.65,malecns_connected,0.0,0.47612108092640304,0.0,0.0,-0.00025261974703264125,0.0
15.658333333333333,malecns_connected,0.0,0.4761189757618444,0.0,0.0,-0.00025261974703264125,0.0
15.666666666666666,malecns_connected,0.0,0.4761168705972858,0.0,0.0,-0.00025261974703264125,0.0
15.674999999999999,malecns_connected,0.0,0.4761147654327272,0.0,0.0,-0.00025261974703264125,0.0
15.683333333333334,malecns_connected,0.0,0.47611266026816856,0.0,0.0,-0.00025261974703264125,0.0
15.691666666666666,malecns_connected,0.0,0.47611055510360994,0.0,0.0,-0.00025261974703264125,0.0
15.7,malecns_connected,0.0,0.4761084499390513,0.0,0.0,-0.00025261974703264125,0.0
15.708333333333334,malecns_connected,0.0,0.4761063447744927,0.0,0.0,-0.00025261974703264125,0.0
15.716666666666667,malecns_connected,0.0,0.4761042396099341,0.0,0.0,-0.00025261974703264125,0.0
15.725,malecns_connected,0.0,0.47610213444537547,0.0,0.0,-0.00025261974703264125,0.0
15.733333333333333,malecns_connected,0.0,0.47610002928081685,0.0,0.0,-0.00025261974703264125,0.0
15.741666666666667,malecns_connected,0.0,0.47609792411625823,0.0,0.0,-0.00025261974703264125,0.0
15.75,malecns_connected,0.0,0.4760958189516996,0.0,0.0,-0.00025261974703264125,0.0
15.758333333333333,malecns_connected,0.0,0.476093713787141,0.0,0.0,-0.00025261974703264125,0.0
15.766666666666666,malecns_connected,0.0,0.4760916086225824,0.0,0.0,-0.00025261974703264125,0.0
15.775,malecns_connected,0.0,0.47608950345802376,0.0,0.0,-0.00025261974703264125,0.0
15.783333333333333,malecns_connected,0.0,0.47608739829346514,0.0,0.0,-0.00025261974703264125,0.0
15.791666666666666,malecns_connected,0.0,0.4760852931289065,0.0,0.0,-0.00025261974703264125,0.0
15.799999999999999,malecns_connected,0.0,0.4760831879643479,0.0,0.0,-0.00025261974703264125,0.0
15.808333333333334,malecns_connected,0.0,0.4760810827997893,0.0,0.0,-0.00025261974703264125,0.0
15.816666666666666,malecns_connected,0.0,0.47607897763523066,0.0,0.0,-0.00025261974703264125,0.0
15.825,malecns_connected,0.0,0.47607687247067204,0.0,0.0,-0.00025261974703264125,0.0
15.833333333333334,malecns_connected,0.0,0.4760747673061134,0.0,0.0,-0.00025261974703264125,0.0
15.841666666666667,malecns_connected,0.0,0.4760726621415548,0.0,0.0,-0.00025261974703264125,0.0
15.85,malecns_connected,0.0,0.4760705569769962,0.0,0.0,-0.00025261974703264125,0.0
15.858333333333333,malecns_connected,0.0,0.47606845181243757,0.0,0.0,-0.00025261974703264125,0.0
15.866666666666667,malecns_connected,0.0,0.47606634664787895,0.0,0.0,-0.00025261974703264125,0.0
15.875,malecns_connected,0.0,0.4760642414833203,0.0,0.0,-0.00025261974703264125,0.0
15.883333333333333,malecns_connected,0.0,0.4760621363187617,0.0,0.0,-0.00025261974703264125,0.0
15.891666666666666,malecns_connected,0.0,0.4760600311542031,0.0,0.0,-0.00025261974703264125,0.0
15.9,malecns_connected,0.0,0.47605792598964447,0.0,0.0,-0.00025261974703264125,0.0
15.908333333333333,malecns_connected,0.0,0.47605582082508585,0.0,0.0,-0.00025261974703264125,0.0
15.916666666666666,malecns_connected,0.0,0.47605371566052723,0.0,0.0,-0.00025261974703264125,0.0
15.924999999999999,malecns_connected,0.0,0.4760516104959686,0.0,0.0,-0.00025261974703264125,0.0
15.933333333333334,malecns_connected,0.0,0.47604950533141,0.0,0.0,-0.00025261974703264125,0.0
15.941666666666666,malecns_connected,0.0,0.4760474001668514,0.0,0.0,-0.00025261974703264125,0.0
15.95,malecns_connected,0.0,0.47604529500229276,0.0,0.0,-0.00025261974703264125,0.0
15.958333333333334,malecns_connected,0.0,0.47604318983773414,0.0,0.0,-0.00025261974703264125,0.0
15.966666666666667,malecns_connected,0.0,0.4760410846731755,0.0,0.0,-0.00025261974703264125,0.0
15.975,malecns_connected,0.0,0.4760389795086169,0.0,0.0,-0.00025261974703264125,0.0
15.983333333333333,malecns_connected,0.0,0.4760368743440583,0.0,0.0,-0.00025261974703264125,0.0
15.991666666666667,malecns_connected,0.0,0.47603476917949966,0.0,0.0,-0.00025261974703264125,0.0
16.0,malecns_connected,0.0,0.47603266401494104,0.0,0.0,-0.00025261974703264125,0.0
16.008333333333333,malecns_connected,0.0,0.4760305588503824,0.0,0.0,-0.00025261974703264125,0.0
16.016666666666666,malecns_connected,0.0,0.4760284536858238,0.0,0.0,-0.00025261974703264125,0.0
16.025,malecns_connected,0.0,0.4760263485212652,0.0,0.0,-0.00025261974703264125,0.0
16.03333333333333,malecns_connected,0.0,0.47602424335670657,0.0,0.0,-0.00025261974703264125,0.0
16.041666666666668,malecns_connected,0.0,0.47602213819214795,0.0,0.0,-0.00025261974703264125,0.0
16.05,malecns_connected,0.0,0.47602003302758933,0.0,0.0,-0.00025261974703264125,0.0
16.058333333333334,malecns_connected,0.0,0.4760179278630307,0.0,0.0,-0.00025261974703264125,0.0
16.066666666666666,malecns_connected,0.0,0.4760158226984721,0.0,0.0,-0.00025261974703264125,0.0
16.075,malecns_connected,0.0,0.47601371753391347,0.0,0.0,-0.00025261974703264125,0.0
16.083333333333332,malecns_connected,0.0,0.47601161236935485,0.0,0.0,-0.00025261974703264125,0.0
16.091666666666665,malecns_connected,0.0,0.47600950720479623,0.0,0.0,-0.00025261974703264125,0.0
16.1,malecns_connected,0.0,0.4760074020402376,0.0,0.0,-0.00025261974703264125,0.0
16.108333333333334,malecns_connected,0.0,0.476005296875679,0.0,0.0,-0.00025261974703264125,0.0
16.116666666666667,malecns_connected,0.0,0.4760031917111204,0.0,0.0,-0.00025261974703264125,0.0
16.125,malecns_connected,0.0,0.47600108654656176,0.0,0.0,-0.00025261974703264125,0.0
16.133333333333333,malecns_connected,0.0,0.47599898138200314,0.0,0.0,-0.00025261974703264125,0.0
16.141666666666666,malecns_connected,0.0,0.4759968762174445,0.0,0.0,-0.00025261974703264125,0.0
16.15,malecns_connected,0.0,0.4759947710528859,0.0,0.0,-0.00025261974703264125,0.0
16.15833333333333,malecns_connected,0.0,0.4759926658883273,0.0,0.0,-0.00025261974703264125,0.0
16.166666666666668,malecns_connected,0.0,0.47599056072376866,0.0,0.0,-0.00025261974703264125,0.0
16.175,malecns_connected,0.0,0.47598845555921004,0.0,0.0,-0.00025261974703264125,0.0
16.183333333333334,malecns_connected,0.0,0.4759863503946514,0.0,0.0,-0.00025261974703264125,0.0
16.191666666666666,malecns_connected,0.0,0.4759842452300928,0.0,0.0,-0.00025261974703264125,0.0
16.2,malecns_connected,0.0,0.4759821400655342,0.0,0.0,-0.00025261974703264125,0.0
16.208333333333332,malecns_connected,0.0,0.47598003490097557,0.0,0.0,-0.00025261974703264125,0.0
16.216666666666665,malecns_connected,0.0,0.47597792973641695,0.0,0.0,-0.00025261974703264125,0.0
16.225,malecns_connected,0.0,0.47597582457185833,0.0,0.0,-0.00025261974703264125,0.0
16.233333333333334,malecns_connected,0.0,0.4759737194072997,0.0,0.0,-0.00025261974703264125,0.0
16.241666666666667,malecns_connected,0.0,0.4759716142427411,0.0,0.0,-0.00025261974703264125,0.0
16.25,malecns_connected,0.0,0.4759695090781825,0.0,0.0,-0.00025261974703264125,0.0
16.258333333333333,malecns_connected,0.0,0.47596740391362385,0.0,0.0,-0.00025261974703264125,0.0
16.266666666666666,malecns_connected,0.0,0.47596529874906524,0.0,0.0,-0.00025261974703264125,0.0
16.275,malecns_connected,0.0,0.4759631935845066,0.0,0.0,-0.00025261974703264125,0.0
16.28333333333333,malecns_connected,0.0,0.475961088419948,0.0,0.0,-0.00025261974703264125,0.0
16.291666666666668,malecns_connected,0.0,0.4759589832553894,0.0,0.0,-0.00025261974703264125,0.0
16.3,malecns_connected,0.0,0.47595687809083076,0.0,0.0,-0.00025261974703264125,0.0
16.308333333333334,malecns_connected,0.0,0.47595477292627214,0.0,0.0,-0.00025261974703264125,0.0
16.316666666666666,malecns_connected,0.0,0.4759526677617135,0.0,0.0,-0.00025261974703264125,0.0
16.325,malecns_connected,0.0,0.4759505625971549,0.0,0.0,-0.00025261974703264125,0.0
16.333333333333332,malecns_connected,0.0,0.4759484574325963,0.0,0.0,-0.00025261974703264125,0.0
16.341666666666665,malecns_connected,0.0,0.47594635226803766,0.0,0.0,-0.00025261974703264125,0.0
16.35,malecns_connected,0.0,0.47594424710347905,0.0,0.0,-0.00025261974703264125,0.0
16.358333333333334,malecns_connected,0.0,0.4759421419389204,0.0,0.0,-0.00025261974703264125,0.0
16.366666666666667,malecns_connected,0.0,0.4759400367743618,0.0,0.0,-0.00025261974703264125,0.0
16.375,malecns_connected,0.0,0.4759379316098032,0.0,0.0,-0.00025261974703264125,0.0
16.383333333333333,malecns_connected,0.0,0.47593582644524457,0.0,0.0,-0.00025261974703264125,0.0
16.391666666666666,malecns_connected,0.0,0.47593372128068595,0.0,0.0,-0.00025261974703264125,0.0
16.4,malecns_connected,0.0,0.47593161611612733,0.0,0.0,-0.00025261974703264125,0.0
16.40833333333333,malecns_connected,0.0,0.4759295109515687,0.0,0.0,-0.00025261974703264125,0.0
16.416666666666668,malecns_connected,0.0,0.4759274057870101,0.0,0.0,-0.00025261974703264125,0.0
16.425,malecns_connected,0.0,0.4759253006224515,0.0,0.0,-0.00025261974703264125,0.0
16.433333333333334,malecns_connected,0.0,0.47592319545789286,0.0,0.0,-0.00025261974703264125,0.0
16.441666666666666,malecns_connected,0.0,0.47592109029333424,0.0,0.0,-0.00025261974703264125,0.0
16.45,malecns_connected,0.0,0.4759189851287756,0.0,0.0,-0.00025261974703264125,0.0
16.458333333333332,malecns_connected,0.0,0.475916879964217,0.0,0.0,-0.00025261974703264125,0.0
16.466666666666665,malecns_connected,0.0,0.4759147747996584,0.0,0.0,-0.00025261974703264125,0.0
16.475,malecns_connected,0.0,0.47591266963509976,0.0,0.0,-0.00025261974703264125,0.0
16.483333333333334,malecns_connected,0.0,0.47591056447054114,0.0,0.0,-0.00025261974703264125,0.0
16.491666666666667,malecns_connected,0.0,0.4759084593059825,0.0,0.0,-0.00025261974703264125,0.0
16.5,malecns_connected,0.0,0.4759063541414239,0.0,0.0,-0.00025261974703264125,0.0
16.508333333333333,malecns_connected,0.0,0.4759042489768653,0.0,0.0,-0.00025261974703264125,0.0
16.516666666666666,malecns_connected,0.0,0.47590214381230667,0.0,0.0,-0.00025261974703264125,0.0
16.525,malecns_connected,0.0,0.47590003864774805,0.0,0.0,-0.00025261974703264125,0.0
16.53333333333333,malecns_connected,0.0,0.47589793348318943,0.0,0.0,-0.00025261974703264125,0.0
16.541666666666668,malecns_connected,0.0,0.4758958283186308,0.0,0.0,-0.00025261974703264125,0.0
16.55,malecns_connected,0.0,0.4758937231540722,0.0,0.0,-0.00025261974703264125,0.0
16.558333333333334,malecns_connected,0.0,0.47589161798951357,0.0,0.0,-0.00025261974703264125,0.0
16.566666666666666,malecns_connected,0.0,0.47588951282495495,0.0,0.0,-0.00025261974703264125,0.0
16.575,malecns_connected,0.0,0.47588740766039633,0.0,0.0,-0.00025261974703264125,0.0
16.583333333333332,malecns_connected,0.0,0.4758853024958377,0.0,0.0,-0.00025261974703264125,0.0
16.591666666666665,malecns_connected,0.0,0.4758831973312791,0.0,0.0,-0.00025261974703264125,0.0
16.6,malecns_connected,0.0,0.4758810921667205,0.0,0.0,-0.00025261974703264125,0.0
16.608333333333334,malecns_connected,0.0,0.47587898700216186,0.0,0.0,-0.00025261974703264125,0.0
16.616666666666667,malecns_connected,0.0,0.47587688183760324,0.0,0.0,-0.00025261974703264125,0.0
16.625,malecns_connected,0.0,0.4758747766730446,0.0,0.0,-0.00025261974703264125,0.0
16.633333333333333,malecns_connected,0.0,0.475872671508486,0.0,0.0,-0.00025261974703264125,0.0
16.641666666666666,malecns_connected,0.0,0.4758705663439274,0.0,0.0,-0.00025261974703264125,0.0
16.65,malecns_connected,0.0,0.47586846117936876,0.0,0.0,-0.00025261974703264125,0.0
16.65833333333333,malecns_connected,0.0,0.47586635601481014,0.0,0.0,-0.00025261974703264125,0.0
16.666666666666668,malecns_connected,0.0,0.4758642508502515,0.0,0.0,-0.00025261974703264125,0.0
16.675,malecns_connected,0.0,0.4758621456856929,0.0,0.0,-0.00025261974703264125,0.0
16.683333333333334,malecns_connected,0.0,0.4758600405211343,0.0,0.0,-0.00025261974703264125,0.0
16.691666666666666,malecns_connected,0.0,0.47585793535657567,0.0,0.0,-0.00025261974703264125,0.0
16.7,malecns_connected,0.0,0.47585583019201705,0.0,0.0,-0.00025261974703264125,0.0
16.708333333333332,malecns_connected,0.0,0.47585372502745843,0.0,0.0,-0.00025261974703264125,0.0
16.716666666666665,malecns_connected,0.0,0.4758516198628998,0.0,0.0,-0.00025261974703264125,0.0
16.725,malecns_connected,0.0,0.4758495146983412,0.0,0.0,-0.00025261974703264125,0.0
16.733333333333334,malecns_connected,0.0,0.4758474095337826,0.0,0.0,-0.00025261974703264125,0.0
16.741666666666667,malecns_connected,0.0,0.47584530436922395,0.0,0.0,-0.00025261974703264125,0.0
16.75,malecns_connected,0.0,0.47584319920466533,0.0,0.0,-0.00025261974703264125,0.0
16.758333333333333,malecns_connected,0.0,0.4758410940401067,0.0,0.0,-0.00025261974703264125,0.0
16.766666666666666,malecns_connected,0.0,0.4758389888755481,0.0,0.0,-0.00025261974703264125,0.0
16.775,malecns_connected,0.0,0.4758368837109895,0.0,0.0,-0.00025261974703264125,0.0
16.78333333333333,malecns_connected,0.0,0.47583477854643086,0.0,0.0,-0.00025261974703264125,0.0
16.791666666666668,malecns_connected,0.0,0.47583267338187224,0.0,0.0,-0.00025261974703264125,0.0
16.8,malecns_connected,0.0,0.4758305682173136,0.0,0.0,-0.00025261974703264125,0.0
16.808333333333334,malecns_connected,0.0,0.475828463052755,0.0,0.0,-0.00025261974703264125,0.0
16.816666666666666,malecns_connected,0.0,0.4758263578881964,0.0,0.0,-0.00025261974703264125,0.0
16.825,malecns_connected,0.0,0.47582425272363776,0.0,0.0,-0.00025261974703264125,0.0
16.833333333333332,malecns_connected,0.0,0.47582214755907914,0.0,0.0,-0.00025261974703264125,0.0
16.841666666666665,malecns_connected,0.0,0.4758200423945205,0.0,0.0,-0.00025261974703264125,0.0
16.85,malecns_connected,0.0,0.4758179372299619,0.0,0.0,-0.00025261974703264125,0.0
16.858333333333334,malecns_connected,0.0,0.4758158320654033,0.0,0.0,-0.00025261974703264125,0.0
16.866666666666667,malecns_connected,0.0,0.47581372690084467,0.0,0.0,-0.00025261974703264125,0.0
16.875,malecns_connected,0.0,0.47581162173628605,0.0,0.0,-0.00025261974703264125,0.0
16.883333333333333,malecns_connected,0.0,0.47580951657172743,0.0,0.0,-0.00025261974703264125,0.0
16.891666666666666,malecns_connected,0.0,0.4758074114071688,0.0,0.0,-0.00025261974703264125,0.0
16.9,malecns_connected,0.0,0.4758053062426102,0.0,0.0,-0.00025261974703264125,0.0
16.90833333333333,malecns_connected,0.0,0.4758032010780516,0.0,0.0,-0.00025261974703264125,0.0
16.916666666666668,malecns_connected,0.0,0.47580109591349296,0.0,0.0,-0.00025261974703264125,0.0
16.925,malecns_connected,0.0,0.47579899074893434,0.0,0.0,-0.00025261974703264125,0.0
16.933333333333334,malecns_connected,0.0,0.4757968855843757,0.0,0.0,-0.00025261974703264125,0.0
16.941666666666666,malecns_connected,0.0,0.4757947804198171,0.0,0.0,-0.00025261974703264125,0.0
16.95,malecns_connected,0.0,0.4757926752552585,0.0,0.0,-0.00025261974703264125,0.0
16.958333333333332,malecns_connected,0.0,0.47579057009069986,0.0,0.0,-0.00025261974703264125,0.0
16.966666666666665,malecns_connected,0.0,0.47578846492614124,0.0,0.0,-0.00025261974703264125,0.0
16.975,malecns_connected,0.0,0.4757863597615826,0.0,0.0,-0.00025261974703264125,0.0
16.983333333333334,malecns_connected,0.0,0.475784254597024,0.0,0.0,-0.00025261974703264125,0.0
16.991666666666667,malecns_connected,0.0,0.4757821494324654,0.0,0.0,-0.00025261974703264125,0.0
17.0,malecns_connected,0.0,0.47578004426790677,0.0,0.0,-0.00025261974703264125,0.0
17.008333333333333,malecns_connected,0.0,0.47577793910334815,0.0,0.0,-0.00025261974703264125,0.0
17.016666666666666,malecns_connected,0.0,0.4757758339387895,0.0,0.0,-0.00025261974703264125,0.0
17.025,malecns_connected,0.0,0.4757737287742309,0.0,0.0,-0.00025261974703264125,0.0
17.03333333333333,malecns_connected,0.0,0.4757716236096723,0.0,0.0,-0.00025261974703264125,0.0
17.041666666666668,malecns_connected,0.0,0.47576951844511367,0.0,0.0,-0.00025261974703264125,0.0
17.05,malecns_connected,0.0,0.47576741328055505,0.0,0.0,-0.00025261974703264125,0.0
17.058333333333334,malecns_connected,0.0,0.47576530811599643,0.0,0.0,-0.00025261974703264125,0.0
17.066666666666666,malecns_connected,0.0,0.4757632029514378,0.0,0.0,-0.00025261974703264125,0.0
17.075,malecns_connected,0.0,0.4757610977868792,0.0,0.0,-0.00025261974703264125,0.0
17.083333333333332,malecns_connected,0.0,0.4757589926223206,0.0,0.0,-0.00025261974703264125,0.0
17.091666666666665,malecns_connected,0.0,0.47575688745776196,0.0,0.0,-0.00025261974703264125,0.0
17.1,malecns_connected,0.0,0.47575478229320334,0.0,0.0,-0.00025261974703264125,0.0
17.108333333333334,malecns_connected,0.0,0.4757526771286447,0.0,0.0,-0.00025261974703264125,0.0
17.116666666666667,malecns_connected,0.0,0.4757505719640861,0.0,0.0,-0.00025261974703264125,0.0
17.125,malecns_connected,0.0,0.4757484667995275,0.0,0.0,-0.00025261974703264125,0.0
17.133333333333333,malecns_connected,0.0,0.47574636163496886,0.0,0.0,-0.00025261974703264125,0.0
17.141666666666666,malecns_connected,0.0,0.47574425647041024,0.0,0.0,-0.00025261974703264125,0.0
17.15,malecns_connected,0.0,0.4757421513058516,0.0,0.0,-0.00025261974703264125,0.0
17.15833333333333,malecns_connected,0.0,0.475740046141293,0.0,0.0,-0.00025261974703264125,0.0
17.166666666666668,malecns_connected,0.0,0.4757379409767344,0.0,0.0,-0.00025261974703264125,0.0
17.175,malecns_connected,0.0,0.47573583581217577,0.0,0.0,-0.00025261974703264125,0.0
17.183333333333334,malecns_connected,0.0,0.47573373064761715,0.0,0.0,-0.00025261974703264125,0.0
17.191666666666666,malecns_connected,0.0,0.47573162548305853,0.0,0.0,-0.00025261974703264125,0.0
17.2,malecns_connected,0.0,0.4757295203184999,0.0,0.0,-0.00025261974703264125,0.0
17.208333333333332,malecns_connected,0.0,0.4757274151539413,0.0,0.0,-0.00025261974703264125,0.0
17.216666666666665,malecns_connected,0.0,0.47572530998938267,0.0,0.0,-0.00025261974703264125,0.0
17.225,malecns_connected,0.0,0.47572320482482405,0.0,0.0,-0.00025261974703264125,0.0
17.233333333333334,malecns_connected,0.0,0.47572109966026543,0.0,0.0,-0.00025261974703264125,0.0
17.241666666666667,malecns_connected,0.0,0.4757189944957068,0.0,0.0,-0.00025261974703264125,0.0
17.25,malecns_connected,0.0,0.4757168893311482,0.0,0.0,-0.00025261974703264125,0.0
17.258333333333333,malecns_connected,0.0,0.4757147841665896,0.0,0.0,-0.00025261974703264125,0.0
17.266666666666666,malecns_connected,0.0,0.47571267900203096,0.0,0.0,-0.00025261974703264125,0.0
17.275,malecns_connected,0.0,0.47571057383747234,0.0,0.0,-0.00025261974703264125,0.0
17.28333333333333,malecns_connected,0.0,0.4757084686729137,0.0,0.0,-0.00025261974703264125,0.0
17.291666666666668,malecns_connected,0.0,0.4757063635083551,0.0,0.0,-0.00025261974703264125,0.0
17.3,malecns_connected,0.0,0.4757042583437965,0.0,0.0,-0.00025261974703264125,0.0
17.308333333333334,malecns_connected,0.0,0.47570215317923786,0.0,0.0,-0.00025261974703264125,0.0
17.316666666666666,malecns_connected,0.0,0.47570004801467924,0.0,0.0,-0.00025261974703264125,0.0
17.325,malecns_connected,0.0,0.4756979428501206,0.0,0.0,-0.00025261974703264125,0.0
17.333333333333332,malecns_connected,0.0,0.475695837685562,0.0,0.0,-0.00025261974703264125,0.0
17.341666666666665,malecns_connected,0.0,0.4756937325210034,0.0,0.0,-0.00025261974703264125,0.0
17.35,malecns_connected,0.0,0.47569162735644477,0.0,0.0,-0.00025261974703264125,0.0
17.358333333333334,malecns_connected,0.0,0.47568952219188615,0.0,0.0,-0.00025261974703264125,0.0
17.366666666666667,malecns_connected,0.0,0.47568741702732753,0.0,0.0,-0.00025261974703264125,0.0
17.375,malecns_connected,0.0,0.4756853118627689,0.0,0.0,-0.00025261974703264125,0.0
17.383333333333333,malecns_connected,0.0,0.4756832066982103,0.0,0.0,-0.00025261974703264125,0.0
17.391666666666666,malecns_connected,0.0,0.4756811015336517,0.0,0.0,-0.00025261974703264125,0.0
17.4,malecns_connected,0.0,0.47567899636909305,0.0,0.0,-0.00025261974703264125,0.0
17.40833333333333,malecns_connected,0.0,0.47567689120453444,0.0,0.0,-0.00025261974703264125,0.0
17.416666666666668,malecns_connected,0.0,0.4756747860399758,0.0,0.0,-0.00025261974703264125,0.0
17.425,malecns_connected,0.0,0.4756726808754172,0.0,0.0,-0.00025261974703264125,0.0
17.433333333333334,malecns_connected,0.0,0.4756705757108586,0.0,0.0,-0.00025261974703264125,0.0
17.441666666666666,malecns_connected,0.0,0.47566847054629996,0.0,0.0,-0.00025261974703264125,0.0
17.45,malecns_connected,0.0,0.47566636538174134,0.0,0.0,-0.00025261974703264125,0.0
17.458333333333332,malecns_connected,0.0,0.4756642602171827,0.0,0.0,-0.00025261974703264125,0.0
17.466666666666665,malecns_connected,0.0,0.4756621550526241,0.0,0.0,-0.00025261974703264125,0.0
17.475,malecns_connected,0.0,0.4756600498880655,0.0,0.0,-0.00025261974703264125,0.0
17.483333333333334,malecns_connected,0.0,0.47565794472350686,0.0,0.0,-0.00025261974703264125,0.0
17.491666666666667,malecns_connected,0.0,0.47565583955894825,0.0,0.0,-0.00025261974703264125,0.0
17.5,malecns_connected,0.0,0.4756537343943896,0.0,0.0,-0.00025261974703264125,0.0
17.508333333333333,malecns_connected,0.0,0.475651629229831,0.0,0.0,-0.00025261974703264125,0.0
17.516666666666666,malecns_connected,0.0,0.4756495240652724,0.0,0.0,-0.00025261974703264125,0.0
17.525,malecns_connected,0.0,0.47564741890071377,0.0,0.0,-0.00025261974703264125,0.0
17.53333333333333,malecns_connected,0.0,0.47564531373615515,0.0,0.0,-0.00025261974703264125,0.0
17.541666666666668,malecns_connected,0.0,0.47564320857159653,0.0,0.0,-0.00025261974703264125,0.0
17.55,malecns_connected,0.0,0.4756411034070379,0.0,0.0,-0.00025261974703264125,0.0
17.558333333333334,malecns_connected,0.0,0.4756389982424793,0.0,0.0,-0.00025261974703264125,0.0
17.566666666666666,malecns_connected,0.0,0.4756368930779207,0.0,0.0,-0.00025261974703264125,0.0
17.575,malecns_connected,0.0,0.47563478791336206,0.0,0.0,-0.00025261974703264125,0.0
17.583333333333332,malecns_connected,0.0,0.47563268274880344,0.0,0.0,-0.00025261974703264125,0.0
17.591666666666665,malecns_connected,0.0,0.4756305775842448,0.0,0.0,-0.00025261974703264125,0.0
17.6,malecns_connected,0.0,0.4756284724196862,0.0,0.0,-0.00025261974703264125,0.0
17.608333333333334,malecns_connected,0.0,0.4756263672551276,0.0,0.0,-0.00025261974703264125,0.0
17.616666666666667,malecns_connected,0.0,0.47562426209056896,0.0,0.0,-0.00025261974703264125,0.0
17.625,malecns_connected,0.0,0.47562215692601034,0.0,0.0,-0.00025261974703264125,0.0
17.633333333333333,malecns_connected,0.0,0.4756200517614517,0.0,0.0,-0.00025261974703264125,0.0
17.641666666666666,malecns_connected,0.0,0.4756179465968931,0.0,0.0,-0.00025261974703264125,0.0
17.65,malecns_connected,0.0,0.4756158414323345,0.0,0.0,-0.00025261974703264125,0.0
17.65833333333333,malecns_connected,0.0,0.47561373626777587,0.0,0.0,-0.00025261974703264125,0.0
17.666666666666668,malecns_connected,0.0,0.47561163110321725,0.0,0.0,-0.00025261974703264125,0.0
17.675,malecns_connected,0.0,0.47560952593865863,0.0,0.0,-0.00025261974703264125,0.0
17.683333333333334,malecns_connected,0.0,0.4756074207741,0.0,0.0,-0.00025261974703264125,0.0
17.691666666666666,malecns_connected,0.0,0.4756053156095414,0.0,0.0,-0.00025261974703264125,0.0
17.7,malecns_connected,0.0,0.47560321044498277,0.0,0.0,-0.00025261974703264125,0.0
17.708333333333332,malecns_connected,0.0,0.47560110528042415,0.0,0.0,-0.00025261974703264125,0.0
17.716666666666665,malecns_connected,0.0,0.47559900011586553,0.0,0.0,-0.00025261974703264125,0.0
17.725,malecns_connected,0.0,0.4755968949513069,0.0,0.0,-0.00025261974703264125,0.0
17.733333333333334,malecns_connected,0.0,0.4755947897867483,0.0,0.0,-0.00025261974703264125,0.0
17.741666666666667,malecns_connected,0.0,0.4755926846221897,0.0,0.0,-0.00025261974703264125,0.0
17.75,malecns_connected,0.0,0.47559057945763106,0.0,0.0,-0.00025261974703264125,0.0
17.758333333333333,malecns_connected,0.0,0.47558847429307244,0.0,0.0,-0.00025261974703264125,0.0
17.766666666666666,malecns_connected,0.0,0.4755863691285138,0.0,0.0,-0.00025261974703264125,0.0
17.775,malecns_connected,0.0,0.4755842639639552,0.0,0.0,-0.00025261974703264125,0.0
17.78333333333333,malecns_connected,0.0,0.4755821587993966,0.0,0.0,-0.00025261974703264125,0.0
17.791666666666668,malecns_connected,0.0,0.47558005363483796,0.0,0.0,-0.00025261974703264125,0.0
17.8,malecns_connected,0.0,0.47557794847027934,0.0,0.0,-0.00025261974703264125,0.0
17.808333333333334,malecns_connected,0.0,0.4755758433057207,0.0,0.0,-0.00025261974703264125,0.0
17.816666666666666,malecns_connected,0.0,0.4755737381411621,0.0,0.0,-0.00025261974703264125,0.0
17.825,malecns_connected,0.0,0.4755716329766035,0.0,0.0,-0.00025261974703264125,0.0
17.833333333333332,malecns_connected,0.0,0.47556952781204487,0.0,0.0,-0.00025261974703264125,0.0
17.841666666666665,malecns_connected,0.0,0.47556742264748625,0.0,0.0,-0.00025261974703264125,0.0
17.85,malecns_connected,0.0,0.47556531748292763,0.0,0.0,-0.00025261974703264125,0.0
17.858333333333334,malecns_connected,0.0,0.475563212318369,0.0,0.0,-0.00025261974703264125,0.0
17.866666666666667,malecns_connected,0.0,0.4755611071538104,0.0,0.0,-0.00025261974703264125,0.0
17.875,malecns_connected,0.0,0.4755590019892518,0.0,0.0,-0.00025261974703264125,0.0
17.883333333333333,malecns_connected,0.0,0.47555689682469315,0.0,0.0,-0.00025261974703264125,0.0
17.891666666666666,malecns_connected,0.0,0.47555479166013453,0.0,0.0,-0.00025261974703264125,0.0
17.9,malecns_connected,0.0,0.4755526864955759,0.0,0.0,-0.00025261974703264125,0.0
17.90833333333333,malecns_connected,0.0,0.4755505813310173,0.0,0.0,-0.00025261974703264125,0.0
17.916666666666668,malecns_connected,0.0,0.4755484761664587,0.0,0.0,-0.00025261974703264125,0.0
17.925,malecns_connected,0.0,0.47554637100190006,0.0,0.0,-0.00025261974703264125,0.0
17.933333333333334,malecns_connected,0.0,0.47554426583734144,0.0,0.0,-0.00025261974703264125,0.0
17.941666666666666,malecns_connected,0.0,0.4755421606727828,0.0,0.0,-0.00025261974703264125,0.0
17.95,malecns_connected,0.0,0.4755400555082242,0.0,0.0,-0.00025261974703264125,0.0
17.958333333333332,malecns_connected,0.0,0.4755379503436656,0.0,0.0,-0.00025261974703264125,0.0
17.966666666666665,malecns_connected,0.0,0.47553584517910696,0.0,0.0,-0.00025261974703264125,0.0
17.975,malecns_connected,0.0,0.47553374001454835,0.0,0.0,-0.00025261974703264125,0.0
17.983333333333334,malecns_connected,0.0,0.4755316348499897,0.0,0.0,-0.00025261974703264125,0.0
17.991666666666667,malecns_connected,0.0,0.4755295296854311,0.0,0.0,-0.00025261974703264125,0.0
18.0,malecns_connected,0.0,0.4755274245208725,0.0,0.0,-0.00025261974703264125,0.0
18.008333333333333,malecns_connected,0.0,0.47552531935631387,0.0,0.0,-0.00025261974703264125,0.0
18.016666666666666,malecns_connected,0.0,0.47552321419175525,0.0,0.0,-0.00025261974703264125,0.0
18.025,malecns_connected,0.0,0.47552110902719663,0.0,0.0,-0.00025261974703264125,0.0
18.03333333333333,malecns_connected,0.0,0.475519003862638,0.0,0.0,-0.00025261974703264125,0.0
18.041666666666668,malecns_connected,0.0,0.4755168986980794,0.0,0.0,-0.00025261974703264125,0.0
18.05,malecns_connected,0.0,0.4755147935335208,0.0,0.0,-0.00025261974703264125,0.0
18.058333333333334,malecns_connected,0.0,0.47551268836896216,0.0,0.0,-0.00025261974703264125,0.0
18.066666666666666,malecns_connected,0.0,0.47551058320440354,0.0,0.0,-0.00025261974703264125,0.0
18.075,malecns_connected,0.0,0.4755084780398449,0.0,0.0,-0.00025261974703264125,0.0
18.083333333333332,malecns_connected,0.0,0.4755063728752863,0.0,0.0,-0.00025261974703264125,0.0
18.091666666666665,malecns_connected,0.0,0.4755042677107277,0.0,0.0,-0.00025261974703264125,0.0
18.1,malecns_connected,0.0,0.47550216254616906,0.0,0.0,-0.00025261974703264125,0.0
18.108333333333334,malecns_connected,0.0,0.47550005738161044,0.0,0.0,-0.00025261974703264125,0.0
18.116666666666667,malecns_connected,0.0,0.4754979522170518,0.0,0.0,-0.00025261974703264125,0.0
18.125,malecns_connected,0.0,0.4754958470524932,0.0,0.0,-0.00025261974703264125,0.0
18.133333333333333,malecns_connected,0.0,0.4754937418879346,0.0,0.0,-0.00025261974703264125,0.0
18.141666666666666,malecns_connected,0.0,0.47549163672337597,0.0,0.0,-0.00025261974703264125,0.0
18.15,malecns_connected,0.0,0.47548953155881735,0.0,0.0,-0.00025261974703264125,0.0
18.15833333333333,malecns_connected,0.0,0.4754874263942587,0.0,0.0,-0.00025261974703264125,0.0
18.166666666666668,malecns_connected,0.0,0.4754853212297001,0.0,0.0,-0.00025261974703264125,0.0
18.175,malecns_connected,0.0,0.4754832160651415,0.0,0.0,-0.00025261974703264125,0.0
18.183333333333334,malecns_connected,0.0,0.47548111090058287,0.0,0.0,-0.00025261974703264125,0.0
18.191666666666666,malecns_connected,0.0,0.47547900573602425,0.0,0.0,-0.00025261974703264125,0.0
18.2,malecns_connected,0.0,0.47547690057146563,0.0,0.0,-0.00025261974703264125,0.0
18.208333333333332,malecns_connected,0.0,0.475474795406907,0.0,0.0,-0.00025261974703264125,0.0
18.216666666666665,malecns_connected,0.0,0.4754726902423484,0.0,0.0,-0.00025261974703264125,0.0
18.225,malecns_connected,0.0,0.4754705850777898,0.0,0.0,-0.00025261974703264125,0.0
18.233333333333334,malecns_connected,0.0,0.47546847991323116,0.0,0.0,-0.00025261974703264125,0.0
18.241666666666667,malecns_connected,0.0,0.47546637474867254,0.0,0.0,-0.00025261974703264125,0.0
18.25,malecns_connected,0.0,0.4754642695841139,0.0,0.0,-0.00025261974703264125,0.0
18.258333333333333,malecns_connected,0.0,0.4754621644195553,0.0,0.0,-0.00025261974703264125,0.0
18.266666666666666,malecns_connected,0.0,0.4754600592549967,0.0,0.0,-0.00025261974703264125,0.0
18.275,malecns_connected,0.0,0.47545795409043806,0.0,0.0,-0.00025261974703264125,0.0
18.28333333333333,malecns_connected,0.0,0.47545584892587944,0.0,0.0,-0.00025261974703264125,0.0
18.291666666666668,malecns_connected,0.0,0.4754537437613208,0.0,0.0,-0.00025261974703264125,0.0
18.3,malecns_connected,0.0,0.4754516385967622,0.0,0.0,-0.00025261974703264125,0.0
18.308333333333334,malecns_connected,0.0,0.4754495334322036,0.0,0.0,-0.00025261974703264125,0.0
18.316666666666666,malecns_connected,0.0,0.47544742826764497,0.0,0.0,-0.00025261974703264125,0.0
18.325,malecns_connected,0.0,0.47544532310308635,0.0,0.0,-0.00025261974703264125,0.0
18.333333333333332,malecns_connected,0.0,0.47544321793852773,0.0,0.0,-0.00025261974703264125,0.0
18.341666666666665,malecns_connected,0.0,0.4754411127739691,0.0,0.0,-0.00025261974703264125,0.0
18.35,malecns_connected,0.0,0.4754390076094105,0.0,0.0,-0.00025261974703264125,0.0
18.358333333333334,malecns_connected,0.0,0.47543690244485187,0.0,0.0,-0.00025261974703264125,0.0
18.366666666666667,malecns_connected,0.0,0.47543479728029325,0.0,0.0,-0.00025261974703264125,0.0
18.375,malecns_connected,0.0,0.47543269211573463,0.0,0.0,-0.00025261974703264125,0.0
18.383333333333333,malecns_connected,0.0,0.475430586951176,0.0,0.0,-0.00025261974703264125,0.0
18.391666666666666,malecns_connected,0.0,0.4754284817866174,0.0,0.0,-0.00025261974703264125,0.0
18.4,malecns_connected,0.0,0.4754263766220588,0.0,0.0,-0.00025261974703264125,0.0
18.40833333333333,malecns_connected,0.0,0.47542427145750016,0.0,0.0,-0.00025261974703264125,0.0
18.416666666666668,malecns_connected,0.0,0.47542216629294154,0.0,0.0,-0.00025261974703264125,0.0
18.425,malecns_connected,0.0,0.4754200611283829,0.0,0.0,-0.00025261974703264125,0.0
18.433333333333334,malecns_connected,0.0,0.4754179559638243,0.0,0.0,-0.00025261974703264125,0.0
18.441666666666666,malecns_connected,0.0,0.4754158507992657,0.0,0.0,-0.00025261974703264125,0.0
18.45,malecns_connected,0.0,0.47541374563470706,0.0,0.0,-0.00025261974703264125,0.0
18.458333333333332,malecns_connected,0.0,0.47541164047014844,0.0,0.0,-0.00025261974703264125,0.0
18.466666666666665,malecns_connected,0.0,0.4754095353055898,0.0,0.0,-0.00025261974703264125,0.0
18.475,malecns_connected,0.0,0.4754074301410312,0.0,0.0,-0.00025261974703264125,0.0
18.483333333333334,malecns_connected,0.0,0.4754053249764726,0.0,0.0,-0.00025261974703264125,0.0
18.491666666666667,malecns_connected,0.0,0.47540321981191397,0.0,0.0,-0.00025261974703264125,0.0
18.5,malecns_connected,0.0,0.47540111464735535,0.0,0.0,-0.00025261974703264125,0.0
18.508333333333333,malecns_connected,0.0,0.47539900948279673,0.0,0.0,-0.00025261974703264125,0.0
18.516666666666666,malecns_connected,0.0,0.4753969043182381,0.0,0.0,-0.00025261974703264125,0.0
18.525,malecns_connected,0.0,0.4753947991536795,0.0,0.0,-0.00025261974703264125,0.0
18.53333333333333,malecns_connected,0.0,0.4753926939891209,0.0,0.0,-0.00025261974703264125,0.0
18.541666666666668,malecns_connected,0.0,0.47539058882456225,0.0,0.0,-0.00025261974703264125,0.0
18.55,malecns_connected,0.0,0.47538848366000364,0.0,0.0,-0.00025261974703264125,0.0
18.558333333333334,malecns_connected,0.0,0.475386378495445,0.0,0.0,-0.00025261974703264125,0.0
18.566666666666666,malecns_connected,0.0,0.4753842733308864,0.0,0.0,-0.00025261974703264125,0.0
18.575,malecns_connected,0.0,0.4753821681663278,0.0,0.0,-0.00025261974703264125,0.0
18.583333333333332,malecns_connected,0.0,0.47538006300176916,0.0,0.0,-0.00025261974703264125,0.0
18.591666666666665,malecns_connected,0.0,0.47537795783721054,0.0,0.0,-0.00025261974703264125,0.0
18.6,malecns_connected,0.0,0.4753758526726519,0.0,0.0,-0.00025261974703264125,0.0
18.608333333333334,malecns_connected,0.0,0.4753737475080933,0.0,0.0,-0.00025261974703264125,0.0
18.616666666666667,malecns_connected,0.0,0.4753716423435347,0.0,0.0,-0.00025261974703264125,0.0
18.625,malecns_connected,0.0,0.47536953717897606,0.0,0.0,-0.00025261974703264125,0.0
18.633333333333333,malecns_connected,0.0,0.47536743201441745,0.0,0.0,-0.00025261974703264125,0.0
18.641666666666666,malecns_connected,0.0,0.4753653268498588,0.0,0.0,-0.00025261974703264125,0.0
18.65,malecns_connected,0.0,0.4753632216853002,0.0,0.0,-0.00025261974703264125,0.0
18.65833333333333,malecns_connected,0.0,0.4753611165207416,0.0,0.0,-0.00025261974703264125,0.0
18.666666666666668,malecns_connected,0.0,0.47535901135618297,0.0,0.0,-0.00025261974703264125,0.0
18.675,malecns_connected,0.0,0.47535690619162435,0.0,0.0,-0.00025261974703264125,0.0
18.683333333333334,malecns_connected,0.0,0.47535480102706573,0.0,0.0,-0.00025261974703264125,0.0
18.691666666666666,malecns_connected,0.0,0.4753526958625071,0.0,0.0,-0.00025261974703264125,0.0
18.7,malecns_connected,0.0,0.4753505906979485,0.0,0.0,-0.00025261974703264125,0.0
18.708333333333332,malecns_connected,0.0,0.4753484855333899,0.0,0.0,-0.00025261974703264125,0.0
18.716666666666665,malecns_connected,0.0,0.47534638036883126,0.0,0.0,-0.00025261974703264125,0.0
18.725,malecns_connected,0.0,0.47534427520427264,0.0,0.0,-0.00025261974703264125,0.0
18.733333333333334,malecns_connected,0.0,0.475342170039714,0.0,0.0,-0.00025261974703264125,0.0
18.741666666666667,malecns_connected,0.0,0.4753400648751554,0.0,0.0,-0.00025261974703264125,0.0
18.75,malecns_connected,0.0,0.4753379597105968,0.0,0.0,-0.00025261974703264125,0.0
18.758333333333333,malecns_connected,0.0,0.47533585454603816,0.0,0.0,-0.00025261974703264125,0.0
18.766666666666666,malecns_connected,0.0,0.47533374938147954,0.0,0.0,-0.00025261974703264125,0.0
18.775,malecns_connected,0.0,0.4753316442169209,0.0,0.0,-0.00025261974703264125,0.0
18.78333333333333,malecns_connected,0.0,0.4753295390523623,0.0,0.0,-0.00025261974703264125,0.0
18.791666666666668,malecns_connected,0.0,0.4753274338878037,0.0,0.0,-0.00025261974703264125,0.0
18.8,malecns_connected,0.0,0.47532532872324507,0.0,0.0,-0.00025261974703264125,0.0
18.808333333333334,malecns_connected,0.0,0.47532322355868645,0.0,0.0,-0.00025261974703264125,0.0
18.816666666666666,malecns_connected,0.0,0.47532111839412783,0.0,0.0,-0.00025261974703264125,0.0
18.825,malecns_connected,0.0,0.4753190132295692,0.0,0.0,-0.00025261974703264125,0.0
18.833333333333332,malecns_connected,0.0,0.4753169080650106,0.0,0.0,-0.00025261974703264125,0.0
18.841666666666665,malecns_connected,0.0,0.47531480290045197,0.0,0.0,-0.00025261974703264125,0.0
18.85,malecns_connected,0.0,0.47531269773589335,0.0,0.0,-0.00025261974703264125,0.0
18.858333333333334,malecns_connected,0.0,0.47531059257133473,0.0,0.0,-0.00025261974703264125,0.0
18.866666666666667,malecns_connected,0.0,0.4753084874067761,0.0,0.0,-0.00025261974703264125,0.0
18.875,malecns_connected,0.0,0.4753063822422175,0.0,0.0,-0.00025261974703264125,0.0
18.883333333333333,malecns_connected,0.0,0.4753042770776589,0.0,0.0,-0.00025261974703264125,0.0
18.891666666666666,malecns_connected,0.0,0.47530217191310026,0.0,0.0,-0.00025261974703264125,0.0
18.9,malecns_connected,0.0,0.47530006674854164,0.0,0.0,-0.00025261974703264125,0.0
18.90833333333333,malecns_connected,0.0,0.475297961583983,0.0,0.0,-0.00025261974703264125,0.0
18.916666666666668,malecns_connected,0.0,0.4752958564194244,0.0,0.0,-0.00025261974703264125,0.0
18.925,malecns_connected,0.0,0.4752937512548658,0.0,0.0,-0.00025261974703264125,0.0
18.933333333333334,malecns_connected,0.0,0.47529164609030716,0.0,0.0,-0.00025261974703264125,0.0
18.941666666666666,malecns_connected,0.0,0.47528954092574854,0.0,0.0,-0.00025261974703264125,0.0
18.95,malecns_connected,0.0,0.4752874357611899,0.0,0.0,-0.00025261974703264125,0.0
18.958333333333332,malecns_connected,0.0,0.4752853305966313,0.0,0.0,-0.00025261974703264125,0.0
18.966666666666665,malecns_connected,0.0,0.4752832254320727,0.0,0.0,-0.00025261974703264125,0.0
18.975,malecns_connected,0.0,0.47528112026751407,0.0,0.0,-0.00025261974703264125,0.0
18.983333333333334,malecns_connected,0.0,0.47527901510295545,0.0,0.0,-0.00025261974703264125,0.0
18.991666666666667,malecns_connected,0.0,0.47527690993839683,0.0,0.0,-0.00025261974703264125,0.0
19.0,malecns_connected,0.0,0.4752748047738382,0.0,0.0,-0.00025261974703264125,0.0
19.008333333333333,malecns_connected,0.0,0.4752726996092796,0.0,0.0,-0.00025261974703264125,0.0
19.016666666666666,malecns_connected,0.0,0.475270594444721,0.0,0.0,-0.00025261974703264125,0.0
19.025,malecns_connected,0.0,0.47526848928016235,0.0,0.0,-0.00025261974703264125,0.0
19.03333333333333,malecns_connected,0.0,0.47526638411560373,0.0,0.0,-0.00025261974703264125,0.0
19.041666666666668,malecns_connected,0.0,0.4752642789510451,0.0,0.0,-0.00025261974703264125,0.0
19.05,malecns_connected,0.0,0.4752621737864865,0.0,0.0,-0.00025261974703264125,0.0
19.058333333333334,malecns_connected,0.0,0.4752600686219279,0.0,0.0,-0.00025261974703264125,0.0
19.066666666666666,malecns_connected,0.0,0.47525796345736926,0.0,0.0,-0.00025261974703264125,0.0
19.075,malecns_connected,0.0,0.47525585829281064,0.0,0.0,-0.00025261974703264125,0.0
19.083333333333332,malecns_connected,0.0,0.475253753128252,0.0,0.0,-0.00025261974703264125,0.0
19.091666666666665,malecns_connected,0.0,0.4752516479636934,0.0,0.0,-0.00025261974703264125,0.0
19.1,malecns_connected,0.0,0.4752495427991348,0.0,0.0,-0.00025261974703264125,0.0
19.108333333333334,malecns_connected,0.0,0.47524743763457616,0.0,0.0,-0.00025261974703264125,0.0
19.116666666666667,malecns_connected,0.0,0.47524533247001755,0.0,0.0,-0.00025261974703264125,0.0
19.125,malecns_connected,0.0,0.4752432273054589,0.0,0.0,-0.00025261974703264125,0.0
19.133333333333333,malecns_connected,0.0,0.4752411221409003,0.0,0.0,-0.00025261974703264125,0.0
19.141666666666666,malecns_connected,0.0,0.4752390169763417,0.0,0.0,-0.00025261974703264125,0.0
19.15,malecns_connected,0.0,0.47523691181178307,0.0,0.0,-0.00025261974703264125,0.0
19.15833333333333,malecns_connected,0.0,0.47523480664722445,0.0,0.0,-0.00025261974703264125,0.0
19.166666666666668,malecns_connected,0.0,0.47523270148266583,0.0,0.0,-0.00025261974703264125,0.0
19.175,malecns_connected,0.0,0.4752305963181072,0.0,0.0,-0.00025261974703264125,0.0
19.183333333333334,malecns_connected,0.0,0.4752284911535486,0.0,0.0,-0.00025261974703264125,0.0
19.191666666666666,malecns_connected,0.0,0.47522638598899,0.0,0.0,-0.00025261974703264125,0.0
19.2,malecns_connected,0.0,0.47522428082443136,0.0,0.0,-0.00025261974703264125,0.0
19.208333333333332,malecns_connected,0.0,0.47522217565987274,0.0,0.0,-0.00025261974703264125,0.0
19.216666666666665,malecns_connected,0.0,0.4752200704953141,0.0,0.0,-0.00025261974703264125,0.0
19.225,malecns_connected,0.0,0.4752179653307555,0.0,0.0,-0.00025261974703264125,0.0
19.233333333333334,malecns_connected,0.0,0.4752158601661969,0.0,0.0,-0.00025261974703264125,0.0
19.241666666666667,malecns_connected,0.0,0.47521375500163826,0.0,0.0,-0.00025261974703264125,0.0
19.25,malecns_connected,0.0,0.47521164983707964,0.0,0.0,-0.00025261974703264125,0.0
19.258333333333333,malecns_connected,0.0,0.475209544672521,0.0,0.0,-0.00025261974703264125,0.0
19.266666666666666,malecns_connected,0.0,0.4752074395079624,0.0,0.0,-0.00025261974703264125,0.0
19.275,malecns_connected,0.0,0.4752053343434038,0.0,0.0,-0.00025261974703264125,0.0
19.28333333333333,malecns_connected,0.0,0.47520322917884517,0.0,0.0,-0.00025261974703264125,0.0
19.291666666666668,malecns_connected,0.0,0.47520112401428655,0.0,0.0,-0.00025261974703264125,0.0
19.3,malecns_connected,0.0,0.4751990188497279,0.0,0.0,-0.00025261974703264125,0.0
19.308333333333334,malecns_connected,0.0,0.4751969136851693,0.0,0.0,-0.00025261974703264125,0.0
19.316666666666666,malecns_connected,0.0,0.4751948085206107,0.0,0.0,-0.00025261974703264125,0.0
19.325,malecns_connected,0.0,0.47519270335605207,0.0,0.0,-0.00025261974703264125,0.0
19.333333333333332,malecns_connected,0.0,0.47519059819149345,0.0,0.0,-0.00025261974703264125,0.0
19.341666666666665,malecns_connected,0.0,0.47518849302693483,0.0,0.0,-0.00025261974703264125,0.0
19.35,malecns_connected,0.0,0.4751863878623762,0.0,0.0,-0.00025261974703264125,0.0
19.358333333333334,malecns_connected,0.0,0.4751842826978176,0.0,0.0,-0.00025261974703264125,0.0
19.366666666666667,malecns_connected,0.0,0.475182177533259,0.0,0.0,-0.00025261974703264125,0.0
19.375,malecns_connected,0.0,0.47518007236870036,0.0,0.0,-0.00025261974703264125,0.0
19.383333333333333,malecns_connected,0.0,0.47517796720414174,0.0,0.0,-0.00025261974703264125,0.0
19.391666666666666,malecns_connected,0.0,0.4751758620395831,0.0,0.0,-0.00025261974703264125,0.0
19.4,malecns_connected,0.0,0.4751737568750245,0.0,0.0,-0.00025261974703264125,0.0
19.40833333333333,malecns_connected,0.0,0.4751716517104659,0.0,0.0,-0.00025261974703264125,0.0
19.416666666666668,malecns_connected,0.0,0.47516954654590726,0.0,0.0,-0.00025261974703264125,0.0
19.425,malecns_connected,0.0,0.47516744138134864,0.0,0.0,-0.00025261974703264125,0.0
19.433333333333334,malecns_connected,0.0,0.47516533621679,0.0,0.0,-0.00025261974703264125,0.0
19.441666666666666,malecns_connected,0.0,0.4751632310522314,0.0,0.0,-0.00025261974703264125,0.0
19.45,malecns_connected,0.0,0.4751611258876728,0.0,0.0,-0.00025261974703264125,0.0
19.458333333333332,malecns_connected,0.0,0.47515902072311417,0.0,0.0,-0.00025261974703264125,0.0
19.466666666666665,malecns_connected,0.0,0.47515691555855555,0.0,0.0,-0.00025261974703264125,0.0
19.475,malecns_connected,0.0,0.47515481039399693,0.0,0.0,-0.00025261974703264125,0.0
19.483333333333334,malecns_connected,0.0,0.4751527052294383,0.0,0.0,-0.00025261974703264125,0.0
19.491666666666667,malecns_connected,0.0,0.4751506000648797,0.0,0.0,-0.00025261974703264125,0.0
19.5,malecns_connected,0.0,0.4751484949003211,0.0,0.0,-0.00025261974703264125,0.0
19.508333333333333,malecns_connected,0.0,0.47514638973576245,0.0,0.0,-0.00025261974703264125,0.0
19.516666666666666,malecns_connected,0.0,0.47514428457120383,0.0,0.0,-0.00025261974703264125,0.0
19.525,malecns_connected,0.0,0.4751421794066452,0.0,0.0,-0.00025261974703264125,0.0
19.53333333333333,malecns_connected,0.0,0.4751400742420866,0.0,0.0,-0.00025261974703264125,0.0
19.541666666666668,malecns_connected,0.0,0.475137969077528,0.0,0.0,-0.00025261974703264125,0.0
19.55,malecns_connected,0.0,0.47513586391296936,0.0,0.0,-0.00025261974703264125,0.0
19.558333333333334,malecns_connected,0.0,0.47513375874841074,0.0,0.0,-0.00025261974703264125,0.0
19.566666666666666,malecns_connected,0.0,0.4751316535838521,0.0,0.0,-0.00025261974703264125,0.0
19.575,malecns_connected,0.0,0.4751295484192935,0.0,0.0,-0.00025261974703264125,0.0
19.583333333333332,malecns_connected,0.0,0.4751274432547349,0.0,0.0,-0.00025261974703264125,0.0
19.591666666666665,malecns_connected,0.0,0.47512533809017626,0.0,0.0,-0.00025261974703264125,0.0
19.6,malecns_connected,0.0,0.47512323292561764,0.0,0.0,-0.00025261974703264125,0.0
19.608333333333334,malecns_connected,0.0,0.475121127761059,0.0,0.0,-0.00025261974703264125,0.0
19.616666666666667,malecns_connected,0.0,0.4751190225965004,0.0,0.0,-0.00025261974703264125,0.0
19.625,malecns_connected,0.0,0.4751169174319418,0.0,0.0,-0.00025261974703264125,0.0
19.633333333333333,malecns_connected,0.0,0.47511481226738317,0.0,0.0,-0.00025261974703264125,0.0
19.641666666666666,malecns_connected,0.0,0.47511270710282455,0.0,0.0,-0.00025261974703264125,0.0
19.65,malecns_connected,0.0,0.47511060193826593,0.0,0.0,-0.00025261974703264125,0.0
19.65833333333333,malecns_connected,0.0,0.4751084967737073,0.0,0.0,-0.00025261974703264125,0.0
19.666666666666668,malecns_connected,0.0,0.4751063916091487,0.0,0.0,-0.00025261974703264125,0.0
19.675,malecns_connected,0.0,0.4751042864445901,0.0,0.0,-0.00025261974703264125,0.0
19.683333333333334,malecns_connected,0.0,0.47510218128003145,0.0,0.0,-0.00025261974703264125,0.0
19.691666666666666,malecns_connected,0.0,0.47510007611547284,0.0,0.0,-0.00025261974703264125,0.0
19.7,malecns_connected,0.0,0.4750979709509142,0.0,0.0,-0.00025261974703264125,0.0
19.708333333333332,malecns_connected,0.0,0.4750958657863556,0.0,0.0,-0.00025261974703264125,0.0
19.716666666666665,malecns_connected,0.0,0.475093760621797,0.0,0.0,-0.00025261974703264125,0.0
19.725,malecns_connected,0.0,0.47509165545723836,0.0,0.0,-0.00025261974703264125,0.0
19.733333333333334,malecns_connected,0.0,0.47508955029267974,0.0,0.0,-0.00025261974703264125,0.0
19.741666666666667,malecns_connected,0.0,0.4750874451281211,0.0,0.0,-0.00025261974703264125,0.0
19.75,malecns_connected,0.0,0.4750853399635625,0.0,0.0,-0.00025261974703264125,0.0
19.758333333333333,malecns_connected,0.0,0.4750832347990039,0.0,0.0,-0.00025261974703264125,0.0
19.766666666666666,malecns_connected,0.0,0.47508112963444526,0.0,0.0,-0.00025261974703264125,0.0
19.775,malecns_connected,0.0,0.47507902446988665,0.0,0.0,-0.00025261974703264125,0.0
19.78333333333333,malecns_connected,0.0,0.475076919305328,0.0,0.0,-0.00025261974703264125,0.0
19.791666666666668,malecns_connected,0.0,0.4750748141407694,0.0,0.0,-0.00025261974703264125,0.0
19.8,malecns_connected,0.0,0.4750727089762108,0.0,0.0,-0.00025261974703264125,0.0
19.808333333333334,malecns_connected,0.0,0.47507060381165217,0.0,0.0,-0.00025261974703264125,0.0
19.816666666666666,malecns_connected,0.0,0.47506849864709355,0.0,0.0,-0.00025261974703264125,0.0
19.825,malecns_connected,0.0,0.47506639348253493,0.0,0.0,-0.00025261974703264125,0.0
19.833333333333332,malecns_connected,0.0,0.4750642883179763,0.0,0.0,-0.00025261974703264125,0.0
19.841666666666665,malecns_connected,0.0,0.4750621831534177,0.0,0.0,-0.00025261974703264125,0.0
19.85,malecns_connected,0.0,0.4750600779888591,0.0,0.0,-0.00025261974703264125,0.0
19.858333333333334,malecns_connected,0.0,0.47505797282430046,0.0,0.0,-0.00025261974703264125,0.0
19.866666666666667,malecns_connected,0.0,0.47505586765974184,0.0,0.0,-0.00025261974703264125,0.0
19.875,malecns_connected,0.0,0.4750537624951832,0.0,0.0,-0.00025261974703264125,0.0
19.883333333333333,malecns_connected,0.0,0.4750516573306246,0.0,0.0,-0.00025261974703264125,0.0
19.891666666666666,malecns_connected,0.0,0.475049552166066,0.0,0.0,-0.00025261974703264125,0.0
19.9,malecns_connected,0.0,0.47504744700150736,0.0,0.0,-0.00025261974703264125,0.0
19.90833333333333,malecns_connected,0.0,0.47504534183694874,0.0,0.0,-0.00025261974703264125,0.0
19.916666666666668,malecns_connected,0.0,0.4750432366723901,0.0,0.0,-0.00025261974703264125,0.0
19.925,malecns_connected,0.0,0.4750411315078315,0.0,0.0,-0.00025261974703264125,0.0
19.933333333333334,malecns_connected,0.0,0.4750390263432729,0.0,0.0,-0.00025261974703264125,0.0
19.941666666666666,malecns_connected,0.0,0.47503692117871427,0.0,0.0,-0.00025261974703264125,0.0
19.95,malecns_connected,0.0,0.47503481601415565,0.0,0.0,-0.00025261974703264125,0.0
19.958333333333332,malecns_connected,0.0,0.47503271084959703,0.0,0.0,-0.00025261974703264125,0.0
19.966666666666665,malecns_connected,0.0,0.4750306056850384,0.0,0.0,-0.00025261974703264125,0.0
19.975,malecns_connected,0.0,0.4750285005204798,0.0,0.0,-0.00025261974703264125,0.0
19.983333333333334,malecns_connected,0.0,0.47502639535592117,0.0,0.0,-0.00025261974703264125,0.0
19.991666666666667,malecns_connected,0.0,0.47502429019136255,0.0,0.0,-0.00025261974703264125,0.0
20.0,malecns_connected,0.0,0.47502218502680393,0.0,0.0,-0.00025261974703264125,0.0
20.008333333333333,malecns_connected,0.0,0.4750200798622453,0.0,0.0,-0.00025261974703264125,0.0
20.016666666666666,malecns_connected,0.0,0.4750179746976867,0.0,0.0,-0.00025261974703264125,0.0
20.025,malecns_connected,0.0,0.4750158695331281,0.0,0.0,-0.00025261974703264125,0.0
20.03333333333333,malecns_connected,0.0,0.47501376436856946,0.0,0.0,-0.00025261974703264125,0.0
20.041666666666668,malecns_connected,0.0,0.47501165920401084,0.0,0.0,-0.00025261974703264125,0.0
20.05,malecns_connected,0.0,0.4750095540394522,0.0,0.0,-0.00025261974703264125,0.0
20.058333333333334,malecns_connected,0.0,0.4750074488748936,0.0,0.0,-0.00025261974703264125,0.0
20.066666666666666,malecns_connected,0.0,0.475005343710335,0.0,0.0,-0.00025261974703264125,0.0
20.075,malecns_connected,0.0,0.47500323854577636,0.0,0.0,-0.00025261974703264125,0.0
20.083333333333332,malecns_connected,0.0,0.47500113338121774,0.0,0.0,-0.00025261974703264125,0.0
20.091666666666665,malecns_connected,0.0,0.4749990282166591,0.0,0.0,-0.00025261974703264125,0.0
20.1,malecns_connected,0.0,0.4749969230521005,0.0,0.0,-0.00025261974703264125,0.0
20.108333333333334,malecns_connected,0.0,0.4749948178875419,0.0,0.0,-0.00025261974703264125,0.0
20.116666666666667,malecns_connected,0.0,0.47499271272298327,0.0,0.0,-0.00025261974703264125,0.0
20.125,malecns_connected,0.0,0.47499060755842465,0.0,0.0,-0.00025261974703264125,0.0
20.133333333333333,malecns_connected,0.0,0.47498850239386603,0.0,0.0,-0.00025261974703264125,0.0
20.141666666666666,malecns_connected,0.0,0.4749863972293074,0.0,0.0,-0.00025261974703264125,0.0
20.15,malecns_connected,0.0,0.4749842920647488,0.0,0.0,-0.00025261974703264125,0.0
20.15833333333333,malecns_connected,0.0,0.4749821869001902,0.0,0.0,-0.00025261974703264125,0.0
20.166666666666668,malecns_connected,0.0,0.47498008173563155,0.0,0.0,-0.00025261974703264125,0.0
20.175,malecns_connected,0.0,0.47497797657107294,0.0,0.0,-0.00025261974703264125,0.0
20.183333333333334,malecns_connected,0.0,0.4749758714065143,0.0,0.0,-0.00025261974703264125,0.0
20.191666666666666,malecns_connected,0.0,0.4749737662419557,0.0,0.0,-0.00025261974703264125,0.0
20.2,malecns_connected,0.0,0.4749716610773971,0.0,0.0,-0.00025261974703264125,0.0
20.208333333333332,malecns_connected,0.0,0.47496955591283846,0.0,0.0,-0.00025261974703264125,0.0
20.216666666666665,malecns_connected,0.0,0.47496745074827984,0.0,0.0,-0.00025261974703264125,0.0
20.225,malecns_connected,0.0,0.4749653455837212,0.0,0.0,-0.00025261974703264125,0.0
20.233333333333334,malecns_connected,0.0,0.4749632404191626,0.0,0.0,-0.00025261974703264125,0.0
20.241666666666667,malecns_connected,0.0,0.474961135254604,0.0,0.0,-0.00025261974703264125,0.0
20.25,malecns_connected,0.0,0.47495903009004536,0.0,0.0,-0.00025261974703264125,0.0
20.258333333333333,malecns_connected,0.0,0.47495692492548675,0.0,0.0,-0.00025261974703264125,0.0
20.266666666666666,malecns_connected,0.0,0.4749548197609281,0.0,0.0,-0.00025261974703264125,0.0
20.275,malecns_connected,0.0,0.4749527145963695,0.0,0.0,-0.00025261974703264125,0.0
20.28333333333333,malecns_connected,0.0,0.4749506094318109,0.0,0.0,-0.00025261974703264125,0.0
20.291666666666668,malecns_connected,0.0,0.47494850426725227,0.0,0.0,-0.00025261974703264125,0.0
20.3,malecns_connected,0.0,0.47494639910269365,0.0,0.0,-0.00025261974703264125,0.0
20.308333333333334,malecns_connected,0.0,0.47494429393813503,0.0,0.0,-0.00025261974703264125,0.0
20.316666666666666,malecns_connected,0.0,0.4749421887735764,0.0,0.0,-0.00025261974703264125,0.0
20.325,malecns_connected,0.0,0.4749400836090178,0.0,0.0,-0.00025261974703264125,0.0
20.333333333333332,malecns_connected,0.0,0.4749379784444592,0.0,0.0,-0.00025261974703264125,0.0
20.341666666666665,malecns_connected,0.0,0.47493587327990056,0.0,0.0,-0.00025261974703264125,0.0
20.35,malecns_connected,0.0,0.47493376811534194,0.0,0.0,-0.00025261974703264125,0.0
20.358333333333334,malecns_connected,0.0,0.4749316629507833,0.0,0.0,-0.00025261974703264125,0.0
20.366666666666667,malecns_connected,0.0,0.4749295577862247,0.0,0.0,-0.00025261974703264125,0.0
20.375,malecns_connected,0.0,0.4749274526216661,0.0,0.0,-0.00025261974703264125,0.0
20.383333333333333,malecns_connected,0.0,0.47492534745710746,0.0,0.0,-0.00025261974703264125,0.0
20.391666666666666,malecns_connected,0.0,0.47492324229254884,0.0,0.0,-0.00025261974703264125,0.0
20.4,malecns_connected,0.0,0.4749211371279902,0.0,0.0,-0.00025261974703264125,0.0
20.40833333333333,malecns_connected,0.0,0.4749190319634316,0.0,0.0,-0.00025261974703264125,0.0
20.416666666666668,malecns_connected,0.0,0.474916926798873,0.0,0.0,-0.00025261974703264125,0.0
20.425,malecns_connected,0.0,0.47491482163431437,0.0,0.0,-0.00025261974703264125,0.0
20.433333333333334,malecns_connected,0.0,0.47491271646975575,0.0,0.0,-0.00025261974703264125,0.0
20.441666666666666,malecns_connected,0.0,0.47491061130519713,0.0,0.0,-0.00025261974703264125,0.0
20.45,malecns_connected,0.0,0.4749085061406385,0.0,0.0,-0.00025261974703264125,0.0
20.458333333333332,malecns_connected,0.0,0.4749064009760799,0.0,0.0,-0.00025261974703264125,0.0
20.466666666666665,malecns_connected,0.0,0.47490429581152127,0.0,0.0,-0.00025261974703264125,0.0
20.475,malecns_connected,0.0,0.47490219064696265,0.0,0.0,-0.00025261974703264125,0.0
20.483333333333334,malecns_connected,0.0,0.47490008548240403,0.0,0.0,-0.00025261974703264125,0.0
20.491666666666667,malecns_connected,0.0,0.4748979803178454,0.0,0.0,-0.00025261974703264125,0.0
20.5,malecns_connected,0.0,0.4748958751532868,0.0,0.0,-0.00025261974703264125,0.0
20.508333333333333,malecns_connected,0.0,0.4748937699887282,0.0,0.0,-0.00025261974703264125,0.0
20.516666666666666,malecns_connected,0.0,0.47489166482416956,0.0,0.0,-0.00025261974703264125,0.0
20.525,malecns_connected,0.0,0.47488955965961094,0.0,0.0,-0.00025261974703264125,0.0
20.53333333333333,malecns_connected,0.0,0.4748874544950523,0.0,0.0,-0.00025261974703264125,0.0
20.541666666666668,malecns_connected,0.0,0.4748853493304937,0.0,0.0,-0.00025261974703264125,0.0
20.55,malecns_connected,0.0,0.4748832441659351,0.0,0.0,-0.00025261974703264125,0.0
20.558333333333334,malecns_connected,0.0,0.47488113900137646,0.0,0.0,-0.00025261974703264125,0.0
20.566666666666666,malecns_connected,0.0,0.47487903383681784,0.0,0.0,-0.00025261974703264125,0.0
20.575,malecns_connected,0.0,0.4748769286722592,0.0,0.0,-0.00025261974703264125,0.0
20.583333333333332,malecns_connected,0.0,0.4748748235077006,0.0,0.0,-0.00025261974703264125,0.0
20.591666666666665,malecns_connected,0.0,0.474872718343142,0.0,0.0,-0.00025261974703264125,0.0
20.6,malecns_connected,0.0,0.47487061317858337,0.0,0.0,-0.00025261974703264125,0.0
20.608333333333334,malecns_connected,0.0,0.47486850801402475,0.0,0.0,-0.00025261974703264125,0.0
20.616666666666667,malecns_connected,0.0,0.47486640284946613,0.0,0.0,-0.00025261974703264125,0.0
20.625,malecns_connected,0.0,0.4748642976849075,0.0,0.0,-0.00025261974703264125,0.0
20.633333333333333,malecns_connected,0.0,0.4748621925203489,0.0,0.0,-0.00025261974703264125,0.0
20.641666666666666,malecns_connected,0.0,0.4748600873557903,0.0,0.0,-0.00025261974703264125,0.0
20.65,malecns_connected,0.0,0.47485798219123165,0.0,0.0,-0.00025261974703264125,0.0
20.65833333333333,malecns_connected,0.0,0.47485587702667303,0.0,0.0,-0.00025261974703264125,0.0
20.666666666666668,malecns_connected,0.0,0.4748537718621144,0.0,0.0,-0.00025261974703264125,0.0
20.675,malecns_connected,0.0,0.4748516666975558,0.0,0.0,-0.00025261974703264125,0.0
20.683333333333334,malecns_connected,0.0,0.4748495615329972,0.0,0.0,-0.00025261974703264125,0.0
20.691666666666666,malecns_connected,0.0,0.47484745636843856,0.0,0.0,-0.00025261974703264125,0.0
20.7,malecns_connected,0.0,0.47484535120387994,0.0,0.0,-0.00025261974703264125,0.0
20.708333333333332,malecns_connected,0.0,0.4748432460393213,0.0,0.0,-0.00025261974703264125,0.0
20.716666666666665,malecns_connected,0.0,0.4748411408747627,0.0,0.0,-0.00025261974703264125,0.0
20.725,malecns_connected,0.0,0.4748390357102041,0.0,0.0,-0.00025261974703264125,0.0
20.733333333333334,malecns_connected,0.0,0.47483693054564546,0.0,0.0,-0.00025261974703264125,0.0
20.741666666666667,malecns_connected,0.0,0.47483482538108684,0.0,0.0,-0.00025261974703264125,0.0
20.75,malecns_connected,0.0,0.4748327202165282,0.0,0.0,-0.00025261974703264125,0.0
20.758333333333333,malecns_connected,0.0,0.4748306150519696,0.0,0.0,-0.00025261974703264125,0.0
20.766666666666666,malecns_connected,0.0,0.474828509887411,0.0,0.0,-0.00025261974703264125,0.0
20.775,malecns_connected,0.0,0.47482640472285237,0.0,0.0,-0.00025261974703264125,0.0
20.78333333333333,malecns_connected,0.0,0.47482429955829375,0.0,0.0,-0.00025261974703264125,0.0
20.791666666666668,malecns_connected,0.0,0.47482219439373513,0.0,0.0,-0.00025261974703264125,0.0
20.8,malecns_connected,0.0,0.4748200892291765,0.0,0.0,-0.00025261974703264125,0.0
20.808333333333334,malecns_connected,0.0,0.4748179840646179,0.0,0.0,-0.00025261974703264125,0.0
20.816666666666666,malecns_connected,0.0,0.4748158789000593,0.0,0.0,-0.00025261974703264125,0.0
20.825,malecns_connected,0.0,0.47481377373550065,0.0,0.0,-0.00025261974703264125,0.0
20.833333333333332,malecns_connected,0.0,0.47481166857094204,0.0,0.0,-0.00025261974703264125,0.0
20.841666666666665,malecns_connected,0.0,0.4748095634063834,0.0,0.0,-0.00025261974703264125,0.0
20.85,malecns_connected,0.0,0.4748074582418248,0.0,0.0,-0.00025261974703264125,0.0
20.858333333333334,malecns_connected,0.0,0.4748053530772662,0.0,0.0,-0.00025261974703264125,0.0
20.866666666666667,malecns_connected,0.0,0.47480324791270756,0.0,0.0,-0.00025261974703264125,0.0
20.875,malecns_connected,0.0,0.47480114274814894,0.0,0.0,-0.00025261974703264125,0.0
20.883333333333333,malecns_connected,0.0,0.4747990375835903,0.0,0.0,-0.00025261974703264125,0.0
20.891666666666666,malecns_connected,0.0,0.4747969324190317,0.0,0.0,-0.00025261974703264125,0.0
20.9,malecns_connected,0.0,0.4747948272544731,0.0,0.0,-0.00025261974703264125,0.0
20.90833333333333,malecns_connected,0.0,0.47479272208991447,0.0,0.0,-0.00025261974703264125,0.0
20.916666666666668,malecns_connected,0.0,0.47479061692535585,0.0,0.0,-0.00025261974703264125,0.0
20.925,malecns_connected,0.0,0.4747885117607972,0.0,0.0,-0.00025261974703264125,0.0
20.933333333333334,malecns_connected,0.0,0.4747864065962386,0.0,0.0,-0.00025261974703264125,0.0
20.941666666666666,malecns_connected,0.0,0.47478430143168,0.0,0.0,-0.00025261974703264125,0.0
20.95,malecns_connected,0.0,0.47478219626712137,0.0,0.0,-0.00025261974703264125,0.0
20.958333333333332,malecns_connected,0.0,0.47478009110256275,0.0,0.0,-0.00025261974703264125,0.0
20.966666666666665,malecns_connected,0.0,0.47477798593800413,0.0,0.0,-0.00025261974703264125,0.0
20.975,malecns_connected,0.0,0.4747758807734455,0.0,0.0,-0.00025261974703264125,0.0
20.983333333333334,malecns_connected,0.0,0.4747737756088869,0.0,0.0,-0.00025261974703264125,0.0
20.991666666666667,malecns_connected,0.0,0.4747716704443283,0.0,0.0,-0.00025261974703264125,0.0
21.0,malecns_connected,0.0,0.47476956527976966,0.0,0.0,-0.00025261974703264125,0.0
21.008333333333333,malecns_connected,0.0,0.47476746011521104,0.0,0.0,-0.00025261974703264125,0.0
21.016666666666666,malecns_connected,0.0,0.4747653549506524,0.0,0.0,-0.00025261974703264125,0.0
21.025,malecns_connected,0.0,0.4747632497860938,0.0,0.0,-0.00025261974703264125,0.0
21.03333333333333,malecns_connected,0.0,0.4747611446215352,0.0,0.0,-0.00025261974703264125,0.0
21.041666666666668,malecns_connected,0.0,0.47475903945697656,0.0,0.0,-0.00025261974703264125,0.0
21.05,malecns_connected,0.0,0.47475693429241794,0.0,0.0,-0.00025261974703264125,0.0
21.058333333333334,malecns_connected,0.0,0.4747548291278593,0.0,0.0,-0.00025261974703264125,0.0
21.066666666666666,malecns_connected,0.0,0.4747527239633007,0.0,0.0,-0.00025261974703264125,0.0
21.075,malecns_connected,0.0,0.4747506187987421,0.0,0.0,-0.00025261974703264125,0.0
21.083333333333332,malecns_connected,0.0,0.47474851363418347,0.0,0.0,-0.00025261974703264125,0.0
21.091666666666665,malecns_connected,0.0,0.47474640846962485,0.0,0.0,-0.00025261974703264125,0.0
21.1,malecns_connected,0.0,0.47474430330506623,0.0,0.0,-0.00025261974703264125,0.0
21.108333333333334,malecns_connected,0.0,0.4747421981405076,0.0,0.0,-0.00025261974703264125,0.0
21.116666666666667,malecns_connected,0.0,0.474740092975949,0.0,0.0,-0.00025261974703264125,0.0
21.125,malecns_connected,0.0,0.47473798781139037,0.0,0.0,-0.00025261974703264125,0.0
21.133333333333333,malecns_connected,0.0,0.47473588264683175,0.0,0.0,-0.00025261974703264125,0.0
21.141666666666666,malecns_connected,0.0,0.47473377748227313,0.0,0.0,-0.00025261974703264125,0.0
21.15,malecns_connected,0.0,0.4747316723177145,0.0,0.0,-0.00025261974703264125,0.0
21.15833333333333,malecns_connected,0.0,0.4747295671531559,0.0,0.0,-0.00025261974703264125,0.0
21.166666666666668,malecns_connected,0.0,0.4747274619885973,0.0,0.0,-0.00025261974703264125,0.0
21.175,malecns_connected,0.0,0.47472535682403866,0.0,0.0,-0.00025261974703264125,0.0
21.183333333333334,malecns_connected,0.0,0.47472325165948004,0.0,0.0,-0.00025261974703264125,0.0
21.191666666666666,malecns_connected,0.0,0.4747211464949214,0.0,0.0,-0.00025261974703264125,0.0
21.2,malecns_connected,0.0,0.4747190413303628,0.0,0.0,-0.00025261974703264125,0.0
21.208333333333332,malecns_connected,0.0,0.4747169361658042,0.0,0.0,-0.00025261974703264125,0.0
21.216666666666665,malecns_connected,0.0,0.47471483100124556,0.0,0.0,-0.00025261974703264125,0.0
21.225,malecns_connected,0.0,0.47471272583668694,0.0,0.0,-0.00025261974703264125,0.0
21.233333333333334,malecns_connected,0.0,0.4747106206721283,0.0,0.0,-0.00025261974703264125,0.0
21.241666666666667,malecns_connected,0.0,0.4747085155075697,0.0,0.0,-0.00025261974703264125,0.0
21.25,malecns_connected,0.0,0.4747064103430111,0.0,0.0,-0.00025261974703264125,0.0
21.258333333333333,malecns_connected,0.0,0.47470430517845247,0.0,0.0,-0.00025261974703264125,0.0
21.266666666666666,malecns_connected,0.0,0.47470220001389385,0.0,0.0,-0.00025261974703264125,0.0
21.275,malecns_connected,0.0,0.47470009484933523,0.0,0.0,-0.00025261974703264125,0.0
21.28333333333333,malecns_connected,0.0,0.4746979896847766,0.0,0.0,-0.00025261974703264125,0.0
21.291666666666668,malecns_connected,0.0,0.474695884520218,0.0,0.0,-0.00025261974703264125,0.0
21.3,malecns_connected,0.0,0.4746937793556594,0.0,0.0,-0.00025261974703264125,0.0
21.308333333333334,malecns_connected,0.0,0.47469167419110075,0.0,0.0,-0.00025261974703264125,0.0
21.316666666666666,malecns_connected,0.0,0.47468956902654214,0.0,0.0,-0.00025261974703264125,0.0
21.325,malecns_connected,0.0,0.4746874638619835,0.0,0.0,-0.00025261974703264125,0.0
21.333333333333332,malecns_connected,0.0,0.4746853586974249,0.0,0.0,-0.00025261974703264125,0.0
21.341666666666665,malecns_connected,0.0,0.4746832535328663,0.0,0.0,-0.00025261974703264125,0.0
21.35,malecns_connected,0.0,0.47468114836830766,0.0,0.0,-0.00025261974703264125,0.0
21.358333333333334,malecns_connected,0.0,0.47467904320374904,0.0,0.0,-0.00025261974703264125,0.0
21.366666666666667,malecns_connected,0.0,0.4746769380391904,0.0,0.0,-0.00025261974703264125,0.0
21.375,malecns_connected,0.0,0.4746748328746318,0.0,0.0,-0.00025261974703264125,0.0
21.383333333333333,malecns_connected,0.0,0.4746727277100732,0.0,0.0,-0.00025261974703264125,0.0
21.391666666666666,malecns_connected,0.0,0.47467062254551456,0.0,0.0,-0.00025261974703264125,0.0
21.4,malecns_connected,0.0,0.47466851738095595,0.0,0.0,-0.00025261974703264125,0.0
21.40833333333333,malecns_connected,0.0,0.4746664122163973,0.0,0.0,-0.00025261974703264125,0.0
21.416666666666668,malecns_connected,0.0,0.4746643070518387,0.0,0.0,-0.00025261974703264125,0.0
21.425,malecns_connected,0.0,0.4746622018872801,0.0,0.0,-0.00025261974703264125,0.0
21.433333333333334,malecns_connected,0.0,0.47466009672272147,0.0,0.0,-0.00025261974703264125,0.0
21.441666666666666,malecns_connected,0.0,0.47465799155816285,0.0,0.0,-0.00025261974703264125,0.0
21.45,malecns_connected,0.0,0.47465588639360423,0.0,0.0,-0.00025261974703264125,0.0
21.458333333333332,malecns_connected,0.0,0.4746537812290456,0.0,0.0,-0.00025261974703264125,0.0
21.466666666666665,malecns_connected,0.0,0.474651676064487,0.0,0.0,-0.00025261974703264125,0.0
21.475,malecns_connected,0.0,0.4746495708999284,0.0,0.0,-0.00025261974703264125,0.0
21.483333333333334,malecns_connected,0.0,0.47464746573536976,0.0,0.0,-0.00025261974703264125,0.0
21.491666666666667,malecns_connected,0.0,0.47464536057081114,0.0,0.0,-0.00025261974703264125,0.0
21.5,malecns_connected,0.0,0.4746432554062525,0.0,0.0,-0.00025261974703264125,0.0
21.508333333333333,malecns_connected,0.0,0.4746411502416939,0.0,0.0,-0.00025261974703264125,0.0
21.516666666666666,malecns_connected,0.0,0.4746390450771353,0.0,0.0,-0.00025261974703264125,0.0
21.525,malecns_connected,0.0,0.47463693991257666,0.0,0.0,-0.00025261974703264125,0.0
21.53333333333333,malecns_connected,0.0,0.47463483474801804,0.0,0.0,-0.00025261974703264125,0.0
21.541666666666668,malecns_connected,0.0,0.4746327295834594,0.0,0.0,-0.00025261974703264125,0.0
21.55,malecns_connected,0.0,0.4746306244189008,0.0,0.0,-0.00025261974703264125,0.0
21.558333333333334,malecns_connected,0.0,0.4746285192543422,0.0,0.0,-0.00025261974703264125,0.0
21.566666666666666,malecns_connected,0.0,0.47462641408978357,0.0,0.0,-0.00025261974703264125,0.0
21.575,malecns_connected,0.0,0.47462430892522495,0.0,0.0,-0.00025261974703264125,0.0
21.583333333333332,malecns_connected,0.0,0.47462220376066633,0.0,0.0,-0.00025261974703264125,0.0
21.591666666666665,malecns_connected,0.0,0.4746200985961077,0.0,0.0,-0.00025261974703264125,0.0
21.6,malecns_connected,0.0,0.4746179934315491,0.0,0.0,-0.00025261974703264125,0.0
21.608333333333334,malecns_connected,0.0,0.47461588826699047,0.0,0.0,-0.00025261974703264125,0.0
21.616666666666667,malecns_connected,0.0,0.47461378310243185,0.0,0.0,-0.00025261974703264125,0.0
21.625,malecns_connected,0.0,0.47461167793787323,0.0,0.0,-0.00025261974703264125,0.0
21.633333333333333,malecns_connected,0.0,0.4746095727733146,0.0,0.0,-0.00025261974703264125,0.0
21.641666666666666,malecns_connected,0.0,0.474607467608756,0.0,0.0,-0.00025261974703264125,0.0
21.65,malecns_connected,0.0,0.4746053624441974,0.0,0.0,-0.00025261974703264125,0.0
21.65833333333333,malecns_connected,0.0,0.47460325727963876,0.0,0.0,-0.00025261974703264125,0.0
21.666666666666668,malecns_connected,0.0,0.47460115211508014,0.0,0.0,-0.00025261974703264125,0.0
21.675,malecns_connected,0.0,0.4745990469505215,0.0,0.0,-0.00025261974703264125,0.0
21.683333333333334,malecns_connected,0.0,0.4745969417859629,0.0,0.0,-0.00025261974703264125,0.0
21.691666666666666,malecns_connected,0.0,0.4745948366214043,0.0,0.0,-0.00025261974703264125,0.0
21.7,malecns_connected,0.0,0.47459273145684566,0.0,0.0,-0.00025261974703264125,0.0
21.708333333333332,malecns_connected,0.0,0.47459062629228704,0.0,0.0,-0.00025261974703264125,0.0
21.716666666666665,malecns_connected,0.0,0.4745885211277284,0.0,0.0,-0.00025261974703264125,0.0
21.725,malecns_connected,0.0,0.4745864159631698,0.0,0.0,-0.00025261974703264125,0.0
21.733333333333334,malecns_connected,0.0,0.4745843107986112,0.0,0.0,-0.00025261974703264125,0.0
21.741666666666667,malecns_connected,0.0,0.47458220563405257,0.0,0.0,-0.00025261974703264125,0.0
21.75,malecns_connected,0.0,0.47458010046949395,0.0,0.0,-0.00025261974703264125,0.0
21.758333333333333,malecns_connected,0.0,0.47457799530493533,0.0,0.0,-0.00025261974703264125,0.0
21.766666666666666,malecns_connected,0.0,0.4745758901403767,0.0,0.0,-0.00025261974703264125,0.0
21.775,malecns_connected,0.0,0.4745737849758181,0.0,0.0,-0.00025261974703264125,0.0
21.78333333333333,malecns_connected,0.0,0.4745716798112595,0.0,0.0,-0.00025261974703264125,0.0
21.791666666666668,malecns_connected,0.0,0.47456957464670085,0.0,0.0,-0.00025261974703264125,0.0
21.8,malecns_connected,0.0,0.47456746948214223,0.0,0.0,-0.00025261974703264125,0.0
21.808333333333334,malecns_connected,0.0,0.4745653643175836,0.0,0.0,-0.00025261974703264125,0.0
21.816666666666666,malecns_connected,0.0,0.474563259153025,0.0,0.0,-0.00025261974703264125,0.0
21.825,malecns_connected,0.0,0.4745611539884664,0.0,0.0,-0.00025261974703264125,0.0
21.833333333333332,malecns_connected,0.0,0.47455904882390776,0.0,0.0,-0.00025261974703264125,0.0
21.841666666666665,malecns_connected,0.0,0.47455694365934914,0.0,0.0,-0.00025261974703264125,0.0
21.85,malecns_connected,0.0,0.4745548384947905,0.0,0.0,-0.00025261974703264125,0.0
21.858333333333334,malecns_connected,0.0,0.4745527333302319,0.0,0.0,-0.00025261974703264125,0.0
21.866666666666667,malecns_connected,0.0,0.4745506281656733,0.0,0.0,-0.00025261974703264125,0.0
21.875,malecns_connected,0.0,0.47454852300111466,0.0,0.0,-0.00025261974703264125,0.0
21.883333333333333,malecns_connected,0.0,0.47454641783655604,0.0,0.0,-0.00025261974703264125,0.0
21.891666666666666,malecns_connected,0.0,0.4745443126719974,0.0,0.0,-0.00025261974703264125,0.0
21.9,malecns_connected,0.0,0.4745422075074388,0.0,0.0,-0.00025261974703264125,0.0
21.90833333333333,malecns_connected,0.0,0.4745401023428802,0.0,0.0,-0.00025261974703264125,0.0
21.916666666666668,malecns_connected,0.0,0.47453799717832157,0.0,0.0,-0.00025261974703264125,0.0
21.925,malecns_connected,0.0,0.47453589201376295,0.0,0.0,-0.00025261974703264125,0.0
21.933333333333334,malecns_connected,0.0,0.47453378684920433,0.0,0.0,-0.00025261974703264125,0.0
21.941666666666666,malecns_connected,0.0,0.4745316816846457,0.0,0.0,-0.00025261974703264125,0.0
21.95,malecns_connected,0.0,0.4745295765200871,0.0,0.0,-0.00025261974703264125,0.0
21.958333333333332,malecns_connected,0.0,0.4745274713555285,0.0,0.0,-0.00025261974703264125,0.0
21.966666666666665,malecns_connected,0.0,0.47452536619096986,0.0,0.0,-0.00025261974703264125,0.0
21.975,malecns_connected,0.0,0.47452326102641124,0.0,0.0,-0.00025261974703264125,0.0
21.983333333333334,malecns_connected,0.0,0.4745211558618526,0.0,0.0,-0.00025261974703264125,0.0
21.991666666666667,malecns_connected,0.0,0.474519050697294,0.0,0.0,-0.00025261974703264125,0.0
22.0,malecns_connected,0.0,0.4745169455327354,0.0,0.0,-0.00025261974703264125,0.0
22.008333333333333,malecns_connected,0.0,0.47451484036817676,0.0,0.0,-0.00025261974703264125,0.0
22.016666666666666,malecns_connected,0.0,0.47451273520361814,0.0,0.0,-0.00025261974703264125,0.0
22.025,malecns_connected,0.0,0.4745106300390595,0.0,0.0,-0.00025261974703264125,0.0
22.03333333333333,malecns_connected,0.0,0.4745085248745009,0.0,0.0,-0.00025261974703264125,0.0
22.041666666666668,malecns_connected,0.0,0.4745064197099423,0.0,0.0,-0.00025261974703264125,0.0
22.05,malecns_connected,0.0,0.47450431454538367,0.0,0.0,-0.00025261974703264125,0.0
22.058333333333334,malecns_connected,0.0,0.47450220938082505,0.0,0.0,-0.00025261974703264125,0.0
22.066666666666666,malecns_connected,0.0,0.4745001042162664,0.0,0.0,-0.00025261974703264125,0.0
22.075,malecns_connected,0.0,0.4744979990517078,0.0,0.0,-0.00025261974703264125,0.0
22.083333333333332,malecns_connected,0.0,0.4744958938871492,0.0,0.0,-0.00025261974703264125,0.0
22.091666666666665,malecns_connected,0.0,0.47449378872259057,0.0,0.0,-0.00025261974703264125,0.0
22.1,malecns_connected,0.0,0.47449168355803195,0.0,0.0,-0.00025261974703264125,0.0
22.108333333333334,malecns_connected,0.0,0.47448957839347333,0.0,0.0,-0.00025261974703264125,0.0
22.116666666666667,malecns_connected,0.0,0.4744874732289147,0.0,0.0,-0.00025261974703264125,0.0
22.125,malecns_connected,0.0,0.4744853680643561,0.0,0.0,-0.00025261974703264125,0.0
22.133333333333333,malecns_connected,0.0,0.4744832628997975,0.0,0.0,-0.00025261974703264125,0.0
22.141666666666666,malecns_connected,0.0,0.47448115773523886,0.0,0.0,-0.00025261974703264125,0.0
22.15,malecns_connected,0.0,0.47447905257068024,0.0,0.0,-0.00025261974703264125,0.0
22.15833333333333,malecns_connected,0.0,0.4744769474061216,0.0,0.0,-0.00025261974703264125,0.0
22.166666666666668,malecns_connected,0.0,0.474474842241563,0.0,0.0,-0.00025261974703264125,0.0
22.175,malecns_connected,0.0,0.4744727370770044,0.0,0.0,-0.00025261974703264125,0.0
22.183333333333334,malecns_connected,0.0,0.47447063191244576,0.0,0.0,-0.00025261974703264125,0.0
22.191666666666666,malecns_connected,0.0,0.47446852674788714,0.0,0.0,-0.00025261974703264125,0.0
22.2,malecns_connected,0.0,0.4744664215833285,0.0,0.0,-0.00025261974703264125,0.0
22.208333333333332,malecns_connected,0.0,0.4744643164187699,0.0,0.0,-0.00025261974703264125,0.0
22.216666666666665,malecns_connected,0.0,0.4744622112542113,0.0,0.0,-0.00025261974703264125,0.0
22.225,malecns_connected,0.0,0.47446010608965267,0.0,0.0,-0.00025261974703264125,0.0
22.233333333333334,malecns_connected,0.0,0.47445800092509405,0.0,0.0,-0.00025261974703264125,0.0
22.241666666666667,malecns_connected,0.0,0.47445589576053543,0.0,0.0,-0.00025261974703264125,0.0
22.25,malecns_connected,0.0,0.4744537905959768,0.0,0.0,-0.00025261974703264125,0.0
22.258333333333333,malecns_connected,0.0,0.4744516854314182,0.0,0.0,-0.00025261974703264125,0.0
22.266666666666666,malecns_connected,0.0,0.47444958026685957,0.0,0.0,-0.00025261974703264125,0.0
22.275,malecns_connected,0.0,0.47444747510230095,0.0,0.0,-0.00025261974703264125,0.0
22.28333333333333,malecns_connected,0.0,0.47444536993774233,0.0,0.0,-0.00025261974703264125,0.0
22.291666666666668,malecns_connected,0.0,0.4744432647731837,0.0,0.0,-0.00025261974703264125,0.0
22.3,malecns_connected,0.0,0.4744411596086251,0.0,0.0,-0.00025261974703264125,0.0
22.308333333333334,malecns_connected,0.0,0.4744390544440665,0.0,0.0,-0.00025261974703264125,0.0
22.316666666666666,malecns_connected,0.0,0.47443694927950786,0.0,0.0,-0.00025261974703264125,0.0
22.325,malecns_connected,0.0,0.47443484411494924,0.0,0.0,-0.00025261974703264125,0.0
22.333333333333332,malecns_connected,0.0,0.4744327389503906,0.0,0.0,-0.00025261974703264125,0.0
22.341666666666665,malecns_connected,0.0,0.474430633785832,0.0,0.0,-0.00025261974703264125,0.0
22.35,malecns_connected,0.0,0.4744285286212734,0.0,0.0,-0.00025261974703264125,0.0
22.358333333333334,malecns_connected,0.0,0.47442642345671476,0.0,0.0,-0.00025261974703264125,0.0
22.366666666666667,malecns_connected,0.0,0.47442431829215614,0.0,0.0,-0.00025261974703264125,0.0
22.375,malecns_connected,0.0,0.4744222131275975,0.0,0.0,-0.00025261974703264125,0.0
22.383333333333333,malecns_connected,0.0,0.4744201079630389,0.0,0.0,-0.00025261974703264125,0.0
22.391666666666666,malecns_connected,0.0,0.4744180027984803,0.0,0.0,-0.00025261974703264125,0.0
22.4,malecns_connected,0.0,0.47441589763392167,0.0,0.0,-0.00025261974703264125,0.0
22.40833333333333,malecns_connected,0.0,0.47441379246936305,0.0,0.0,-0.00025261974703264125,0.0
22.416666666666668,malecns_connected,0.0,0.47441168730480443,0.0,0.0,-0.00025261974703264125,0.0
22.425,malecns_connected,0.0,0.4744095821402458,0.0,0.0,-0.00025261974703264125,0.0
22.433333333333334,malecns_connected,0.0,0.4744074769756872,0.0,0.0,-0.00025261974703264125,0.0
22.441666666666666,malecns_connected,0.0,0.4744053718111286,0.0,0.0,-0.00025261974703264125,0.0
22.45,malecns_connected,0.0,0.47440326664656995,0.0,0.0,-0.00025261974703264125,0.0
22.458333333333332,malecns_connected,0.0,0.47440116148201134,0.0,0.0,-0.00025261974703264125,0.0
22.466666666666665,malecns_connected,0.0,0.4743990563174527,0.0,0.0,-0.00025261974703264125,0.0
22.475,malecns_connected,0.0,0.4743969511528941,0.0,0.0,-0.00025261974703264125,0.0
22.483333333333334,malecns_connected,0.0,0.4743948459883355,0.0,0.0,-0.00025261974703264125,0.0
22.491666666666667,malecns_connected,0.0,0.47439274082377686,0.0,0.0,-0.00025261974703264125,0.0
22.5,malecns_connected,0.0,0.47439063565921824,0.0,0.0,-0.00025261974703264125,0.0
22.508333333333333,malecns_connected,0.0,0.4743885304946596,0.0,0.0,-0.00025261974703264125,0.0
22.516666666666666,malecns_connected,0.0,0.474386425330101,0.0,0.0,-0.00025261974703264125,0.0
22.525,malecns_connected,0.0,0.4743843201655424,0.0,0.0,-0.00025261974703264125,0.0
22.53333333333333,malecns_connected,0.0,0.47438221500098376,0.0,0.0,-0.00025261974703264125,0.0
22.541666666666668,malecns_connected,0.0,0.47438010983642515,0.0,0.0,-0.00025261974703264125,0.0
22.55,malecns_connected,0.0,0.4743780046718665,0.0,0.0,-0.00025261974703264125,0.0
22.558333333333334,malecns_connected,0.0,0.4743758995073079,0.0,0.0,-0.00025261974703264125,0.0
22.566666666666666,malecns_connected,0.0,0.4743737943427493,0.0,0.0,-0.00025261974703264125,0.0
22.575,malecns_connected,0.0,0.47437168917819067,0.0,0.0,-0.00025261974703264125,0.0
22.583333333333332,malecns_connected,0.0,0.47436958401363205,0.0,0.0,-0.00025261974703264125,0.0
22.591666666666665,malecns_connected,0.0,0.47436747884907343,0.0,0.0,-0.00025261974703264125,0.0
22.6,malecns_connected,0.0,0.4743653736845148,0.0,0.0,-0.00025261974703264125,0.0
22.608333333333334,malecns_connected,0.0,0.4743632685199562,0.0,0.0,-0.00025261974703264125,0.0
22.616666666666667,malecns_connected,0.0,0.4743611633553976,0.0,0.0,-0.00025261974703264125,0.0
22.625,malecns_connected,0.0,0.47435905819083896,0.0,0.0,-0.00025261974703264125,0.0
22.633333333333333,malecns_connected,0.0,0.47435695302628034,0.0,0.0,-0.00025261974703264125,0.0
22.641666666666666,malecns_connected,0.0,0.4743548478617217,0.0,0.0,-0.00025261974703264125,0.0
22.65,malecns_connected,0.0,0.4743527426971631,0.0,0.0,-0.00025261974703264125,0.0
22.65833333333333,malecns_connected,0.0,0.4743506375326045,0.0,0.0,-0.00025261974703264125,0.0
22.666666666666668,malecns_connected,0.0,0.47434853236804586,0.0,0.0,-0.00025261974703264125,0.0
22.675,malecns_connected,0.0,0.47434642720348724,0.0,0.0,-0.00025261974703264125,0.0
22.683333333333334,malecns_connected,0.0,0.4743443220389286,0.0,0.0,-0.00025261974703264125,0.0
22.691666666666666,malecns_connected,0.0,0.47434221687437,0.0,0.0,-0.00025261974703264125,0.0
22.7,malecns_connected,0.0,0.4743401117098114,0.0,0.0,-0.00025261974703264125,0.0
22.708333333333332,malecns_connected,0.0,0.47433800654525277,0.0,0.0,-0.00025261974703264125,0.0
22.716666666666665,malecns_connected,0.0,0.47433590138069415,0.0,0.0,-0.00025261974703264125,0.0
22.725,malecns_connected,0.0,0.47433379621613553,0.0,0.0,-0.00025261974703264125,0.0
22.733333333333334,malecns_connected,0.0,0.4743316910515769,0.0,0.0,-0.00025261974703264125,0.0
22.741666666666667,malecns_connected,0.0,0.4743295858870183,0.0,0.0,-0.00025261974703264125,0.0
22.75,malecns_connected,0.0,0.47432748072245967,0.0,0.0,-0.00025261974703264125,0.0
22.758333333333333,malecns_connected,0.0,0.47432537555790105,0.0,0.0,-0.00025261974703264125,0.0
22.766666666666666,malecns_connected,0.0,0.47432327039334243,0.0,0.0,-0.00025261974703264125,0.0
22.775,malecns_connected,0.0,0.4743211652287838,0.0,0.0,-0.00025261974703264125,0.0
22.78333333333333,malecns_connected,0.0,0.4743190600642252,0.0,0.0,-0.00025261974703264125,0.0
22.791666666666668,malecns_connected,0.0,0.4743169548996666,0.0,0.0,-0.00025261974703264125,0.0
22.8,malecns_connected,0.0,0.47431484973510796,0.0,0.0,-0.00025261974703264125,0.0
22.808333333333334,malecns_connected,0.0,0.47431274457054934,0.0,0.0,-0.00025261974703264125,0.0
22.816666666666666,malecns_connected,0.0,0.4743106394059907,0.0,0.0,-0.00025261974703264125,0.0
22.825,malecns_connected,0.0,0.4743085342414321,0.0,0.0,-0.00025261974703264125,0.0
22.833333333333332,malecns_connected,0.0,0.4743064290768735,0.0,0.0,-0.00025261974703264125,0.0
22.841666666666665,malecns_connected,0.0,0.47430432391231486,0.0,0.0,-0.00025261974703264125,0.0
22.85,malecns_connected,0.0,0.47430221874775624,0.0,0.0,-0.00025261974703264125,0.0
22.858333333333334,malecns_connected,0.0,0.4743001135831976,0.0,0.0,-0.00025261974703264125,0.0
22.866666666666667,malecns_connected,0.0,0.474298008418639,0.0,0.0,-0.00025261974703264125,0.0
22.875,malecns_connected,0.0,0.4742959032540804,0.0,0.0,-0.00025261974703264125,0.0
22.883333333333333,malecns_connected,0.0,0.47429379808952177,0.0,0.0,-0.00025261974703264125,0.0
22.891666666666666,malecns_connected,0.0,0.47429169292496315,0.0,0.0,-0.00025261974703264125,0.0
22.9,malecns_connected,0.0,0.47428958776040453,0.0,0.0,-0.00025261974703264125,0.0
22.90833333333333,malecns_connected,0.0,0.4742874825958459,0.0,0.0,-0.00025261974703264125,0.0
22.916666666666668,malecns_connected,0.0,0.4742853774312873,0.0,0.0,-0.00025261974703264125,0.0
22.925,malecns_connected,0.0,0.4742832722667287,0.0,0.0,-0.00025261974703264125,0.0
22.933333333333334,malecns_connected,0.0,0.47428116710217005,0.0,0.0,-0.00025261974703264125,0.0
22.941666666666666,malecns_connected,0.0,0.47427906193761143,0.0,0.0,-0.00025261974703264125,0.0
22.95,malecns_connected,0.0,0.4742769567730528,0.0,0.0,-0.00025261974703264125,0.0
22.958333333333332,malecns_connected,0.0,0.4742748516084942,0.0,0.0,-0.00025261974703264125,0.0
22.966666666666665,malecns_connected,0.0,0.4742727464439356,0.0,0.0,-0.00025261974703264125,0.0
22.975,malecns_connected,0.0,0.47427064127937696,0.0,0.0,-0.00025261974703264125,0.0
22.983333333333334,malecns_connected,0.0,0.47426853611481834,0.0,0.0,-0.00025261974703264125,0.0
22.991666666666667,malecns_connected,0.0,0.4742664309502597,0.0,0.0,-0.00025261974703264125,0.0
23.0,malecns_connected,0.0,0.4742643257857011,0.0,0.0,-0.00025261974703264125,0.0
23.008333333333333,malecns_connected,0.0,0.4742622206211425,0.0,0.0,-0.00025261974703264125,0.0
23.016666666666666,malecns_connected,0.0,0.47426011545658386,0.0,0.0,-0.00025261974703264125,0.0
23.025,malecns_connected,0.0,0.47425801029202524,0.0,0.0,-0.00025261974703264125,0.0
23.03333333333333,malecns_connected,0.0,0.4742559051274666,0.0,0.0,-0.00025261974703264125,0.0
23.041666666666668,malecns_connected,0.0,0.474253799962908,0.0,0.0,-0.00025261974703264125,0.0
23.05,malecns_connected,0.0,0.4742516947983494,0.0,0.0,-0.00025261974703264125,0.0
23.058333333333334,malecns_connected,0.0,0.47424958963379077,0.0,0.0,-0.00025261974703264125,0.0
23.066666666666666,malecns_connected,0.0,0.47424748446923215,0.0,0.0,-0.00025261974703264125,0.0
23.075,malecns_connected,0.0,0.47424537930467353,0.0,0.0,-0.00025261974703264125,0.0
23.083333333333332,malecns_connected,0.0,0.4742432741401149,0.0,0.0,-0.00025261974703264125,0.0
23.091666666666665,malecns_connected,0.0,0.4742411689755563,0.0,0.0,-0.00025261974703264125,0.0
23.1,malecns_connected,0.0,0.4742390638109977,0.0,0.0,-0.00025261974703264125,0.0
23.108333333333334,malecns_connected,0.0,0.47423695864643906,0.0,0.0,-0.00025261974703264125,0.0
23.116666666666667,malecns_connected,0.0,0.47423485348188044,0.0,0.0,-0.00025261974703264125,0.0
23.125,malecns_connected,0.0,0.4742327483173218,0.0,0.0,-0.00025261974703264125,0.0
23.133333333333333,malecns_connected,0.0,0.4742306431527632,0.0,0.0,-0.00025261974703264125,0.0
23.141666666666666,malecns_connected,0.0,0.4742285379882046,0.0,0.0,-0.00025261974703264125,0.0
23.15,malecns_connected,0.0,0.47422643282364596,0.0,0.0,-0.00025261974703264125,0.0
23.15833333333333,malecns_connected,0.0,0.47422432765908734,0.0,0.0,-0.00025261974703264125,0.0
23.166666666666668,malecns_connected,0.0,0.4742222224945287,0.0,0.0,-0.00025261974703264125,0.0
23.175,malecns_connected,0.0,0.4742201173299701,0.0,0.0,-0.00025261974703264125,0.0
23.183333333333334,malecns_connected,0.0,0.4742180121654115,0.0,0.0,-0.00025261974703264125,0.0
23.191666666666666,malecns_connected,0.0,0.47421590700085287,0.0,0.0,-0.00025261974703264125,0.0
23.2,malecns_connected,0.0,0.47421380183629425,0.0,0.0,-0.00025261974703264125,0.0
23.208333333333332,malecns_connected,0.0,0.4742116966717356,0.0,0.0,-0.00025261974703264125,0.0
23.216666666666665,malecns_connected,0.0,0.474209591507177,0.0,0.0,-0.00025261974703264125,0.0
23.225,malecns_connected,0.0,0.4742074863426184,0.0,0.0,-0.00025261974703264125,0.0
23.233333333333334,malecns_connected,0.0,0.47420538117805977,0.0,0.0,-0.00025261974703264125,0.0
23.241666666666667,malecns_connected,0.0,0.47420327601350115,0.0,0.0,-0.00025261974703264125,0.0
23.25,malecns_connected,0.0,0.47420117084894253,0.0,0.0,-0.00025261974703264125,0.0
23.258333333333333,malecns_connected,0.0,0.4741990656843839,0.0,0.0,-0.00025261974703264125,0.0
23.266666666666666,malecns_connected,0.0,0.4741969605198253,0.0,0.0,-0.00025261974703264125,0.0
23.275,malecns_connected,0.0,0.4741948553552667,0.0,0.0,-0.00025261974703264125,0.0
23.28333333333333,malecns_connected,0.0,0.47419275019070806,0.0,0.0,-0.00025261974703264125,0.0
23.291666666666668,malecns_connected,0.0,0.47419064502614944,0.0,0.0,-0.00025261974703264125,0.0
23.3,malecns_connected,0.0,0.4741885398615908,0.0,0.0,-0.00025261974703264125,0.0
23.308333333333334,malecns_connected,0.0,0.4741864346970322,0.0,0.0,-0.00025261974703264125,0.0
23.316666666666666,malecns_connected,0.0,0.4741843295324736,0.0,0.0,-0.00025261974703264125,0.0
23.325,malecns_connected,0.0,0.47418222436791496,0.0,0.0,-0.00025261974703264125,0.0
23.333333333333332,malecns_connected,0.0,0.47418011920335634,0.0,0.0,-0.00025261974703264125,0.0
23.341666666666665,malecns_connected,0.0,0.4741780140387977,0.0,0.0,-0.00025261974703264125,0.0
23.35,malecns_connected,0.0,0.4741759088742391,0.0,0.0,-0.00025261974703264125,0.0
23.358333333333334,malecns_connected,0.0,0.4741738037096805,0.0,0.0,-0.00025261974703264125,0.0
23.366666666666667,malecns_connected,0.0,0.47417169854512187,0.0,0.0,-0.00025261974703264125,0.0
23.375,malecns_connected,0.0,0.47416959338056325,0.0,0.0,-0.00025261974703264125,0.0
23.383333333333333,malecns_connected,0.0,0.47416748821600463,0.0,0.0,-0.00025261974703264125,0.0
23.391666666666666,malecns_connected,0.0,0.474165383051446,0.0,0.0,-0.00025261974703264125,0.0
23.4,malecns_connected,0.0,0.4741632778868874,0.0,0.0,-0.00025261974703264125,0.0
23.40833333333333,malecns_connected,0.0,0.47416117272232877,0.0,0.0,-0.00025261974703264125,0.0
23.416666666666668,malecns_connected,0.0,0.47415906755777015,0.0,0.0,-0.00025261974703264125,0.0
23.425,malecns_connected,0.0,0.47415696239321153,0.0,0.0,-0.00025261974703264125,0.0
23.433333333333334,malecns_connected,0.0,0.4741548572286529,0.0,0.0,-0.00025261974703264125,0.0
23.441666666666666,malecns_connected,0.0,0.4741527520640943,0.0,0.0,-0.00025261974703264125,0.0
23.45,malecns_connected,0.0,0.4741506468995357,0.0,0.0,-0.00025261974703264125,0.0
23.458333333333332,malecns_connected,0.0,0.47414854173497706,0.0,0.0,-0.00025261974703264125,0.0
23.466666666666665,malecns_connected,0.0,0.47414643657041844,0.0,0.0,-0.00025261974703264125,0.0
23.475,malecns_connected,0.0,0.4741443314058598,0.0,0.0,-0.00025261974703264125,0.0
23.483333333333334,malecns_connected,0.0,0.4741422262413012,0.0,0.0,-0.00025261974703264125,0.0
23.491666666666667,malecns_connected,0.0,0.4741401210767426,0.0,0.0,-0.00025261974703264125,0.0
23.5,malecns_connected,0.0,0.47413801591218396,0.0,0.0,-0.00025261974703264125,0.0
23.508333333333333,malecns_connected,0.0,0.47413591074762534,0.0,0.0,-0.00025261974703264125,0.0
23.516666666666666,malecns_connected,0.0,0.4741338055830667,0.0,0.0,-0.00025261974703264125,0.0
23.525,malecns_connected,0.0,0.4741317004185081,0.0,0.0,-0.00025261974703264125,0.0
23.53333333333333,malecns_connected,0.0,0.4741295952539495,0.0,0.0,-0.00025261974703264125,0.0
23.541666666666668,malecns_connected,0.0,0.47412749008939087,0.0,0.0,-0.00025261974703264125,0.0
23.55,malecns_connected,0.0,0.47412538492483225,0.0,0.0,-0.00025261974703264125,0.0
23.558333333333334,malecns_connected,0.0,0.47412327976027363,0.0,0.0,-0.00025261974703264125,0.0
23.566666666666666,malecns_connected,0.0,0.474121174595715,0.0,0.0,-0.00025261974703264125,0.0
23.575,malecns_connected,0.0,0.4741190694311564,0.0,0.0,-0.00025261974703264125,0.0
23.583333333333332,malecns_connected,0.0,0.4741169642665978,0.0,0.0,-0.00025261974703264125,0.0
23.591666666666665,malecns_connected,0.0,0.47411485910203915,0.0,0.0,-0.00025261974703264125,0.0
23.6,malecns_connected,0.0,0.47411275393748054,0.0,0.0,-0.00025261974703264125,0.0
23.608333333333334,malecns_connected,0.0,0.4741106487729219,0.0,0.0,-0.00025261974703264125,0.0
23.616666666666667,malecns_connected,0.0,0.4741085436083633,0.0,0.0,-0.00025261974703264125,0.0
23.625,malecns_connected,0.0,0.4741064384438047,0.0,0.0,-0.00025261974703264125,0.0
23.633333333333333,malecns_connected,0.0,0.47410433327924606,0.0,0.0,-0.00025261974703264125,0.0
23.641666666666666,malecns_connected,0.0,0.47410222811468744,0.0,0.0,-0.00025261974703264125,0.0
23.65,malecns_connected,0.0,0.4741001229501288,0.0,0.0,-0.00025261974703264125,0.0
23.65833333333333,malecns_connected,0.0,0.4740980177855702,0.0,0.0,-0.00025261974703264125,0.0
23.666666666666668,malecns_connected,0.0,0.4740959126210116,0.0,0.0,-0.00025261974703264125,0.0
23.675,malecns_connected,0.0,0.47409380745645296,0.0,0.0,-0.00025261974703264125,0.0
23.683333333333334,malecns_connected,0.0,0.47409170229189435,0.0,0.0,-0.00025261974703264125,0.0
23.691666666666666,malecns_connected,0.0,0.4740895971273357,0.0,0.0,-0.00025261974703264125,0.0
23.7,malecns_connected,0.0,0.4740874919627771,0.0,0.0,-0.00025261974703264125,0.0
23.708333333333332,malecns_connected,0.0,0.4740853867982185,0.0,0.0,-0.00025261974703264125,0.0
23.716666666666665,malecns_connected,0.0,0.47408328163365987,0.0,0.0,-0.00025261974703264125,0.0
23.725,malecns_connected,0.0,0.47408117646910125,0.0,0.0,-0.00025261974703264125,0.0
23.733333333333334,malecns_connected,0.0,0.47407907130454263,0.0,0.0,-0.00025261974703264125,0.0
23.741666666666667,malecns_connected,0.0,0.474076966139984,0.0,0.0,-0.00025261974703264125,0.0
23.75,malecns_connected,0.0,0.4740748609754254,0.0,0.0,-0.00025261974703264125,0.0
23.758333333333333,malecns_connected,0.0,0.4740727558108668,0.0,0.0,-0.00025261974703264125,0.0
23.766666666666666,malecns_connected,0.0,0.47407065064630816,0.0,0.0,-0.00025261974703264125,0.0
23.775,malecns_connected,0.0,0.47406854548174954,0.0,0.0,-0.00025261974703264125,0.0
23.78333333333333,malecns_connected,0.0,0.4740664403171909,0.0,0.0,-0.00025261974703264125,0.0
23.791666666666668,malecns_connected,0.0,0.4740643351526323,0.0,0.0,-0.00025261974703264125,0.0
23.8,malecns_connected,0.0,0.4740622299880737,0.0,0.0,-0.00025261974703264125,0.0
23.808333333333334,malecns_connected,0.0,0.47406012482351506,0.0,0.0,-0.00025261974703264125,0.0
23.816666666666666,malecns_connected,0.0,0.47405801965895644,0.0,0.0,-0.00025261974703264125,0.0
23.825,malecns_connected,0.0,0.4740559144943978,0.0,0.0,-0.00025261974703264125,0.0
23.833333333333332,malecns_connected,0.0,0.4740538093298392,0.0,0.0,-0.00025261974703264125,0.0
23.841666666666665,malecns_connected,0.0,0.4740517041652806,0.0,0.0,-0.00025261974703264125,0.0
23.85,malecns_connected,0.0,0.47404959900072197,0.0,0.0,-0.00025261974703264125,0.0
23.858333333333334,malecns_connected,0.0,0.47404749383616335,0.0,0.0,-0.00025261974703264125,0.0
23.866666666666667,malecns_connected,0.0,0.47404538867160473,0.0,0.0,-0.00025261974703264125,0.0
23.875,malecns_connected,0.0,0.4740432835070461,0.0,0.0,-0.00025261974703264125,0.0
23.883333333333333,malecns_connected,0.0,0.4740411783424875,0.0,0.0,-0.00025261974703264125,0.0
23.891666666666666,malecns_connected,0.0,0.47403907317792887,0.0,0.0,-0.00025261974703264125,0.0
23.9,malecns_connected,0.0,0.47403696801337025,0.0,0.0,-0.00025261974703264125,0.0
23.90833333333333,malecns_connected,0.0,0.47403486284881163,0.0,0.0,-0.00025261974703264125,0.0
23.916666666666668,malecns_connected,0.0,0.474032757684253,0.0,0.0,-0.00025261974703264125,0.0
23.925,malecns_connected,0.0,0.4740306525196944,0.0,0.0,-0.00025261974703264125,0.0
23.933333333333334,malecns_connected,0.0,0.4740285473551358,0.0,0.0,-0.00025261974703264125,0.0
23.941666666666666,malecns_connected,0.0,0.47402644219057716,0.0,0.0,-0.00025261974703264125,0.0
23.95,malecns_connected,0.0,0.47402433702601854,0.0,0.0,-0.00025261974703264125,0.0
23.958333333333332,malecns_connected,0.0,0.4740222318614599,0.0,0.0,-0.00025261974703264125,0.0
23.966666666666665,malecns_connected,0.0,0.4740201266969013,0.0,0.0,-0.00025261974703264125,0.0
23.975,malecns_connected,0.0,0.4740180215323427,0.0,0.0,-0.00025261974703264125,0.0
23.983333333333334,malecns_connected,0.0,0.47401591636778406,0.0,0.0,-0.00025261974703264125,0.0
23.991666666666667,malecns_connected,0.0,0.47401381120322544,0.0,0.0,-0.00025261974703264125,0.0
24.0,malecns_connected,0.0,0.4740117060386668,0.0,0.0,-0.00025261974703264125,0.0
24.008333333333333,malecns_connected,0.0,0.4740096008741082,0.0,0.0,-0.00025261974703264125,0.0
24.016666666666666,malecns_connected,0.0,0.4740074957095496,0.0,0.0,-0.00025261974703264125,0.0
24.025,malecns_connected,0.0,0.47400539054499097,0.0,0.0,-0.00025261974703264125,0.0
24.03333333333333,malecns_connected,0.0,0.47400328538043235,0.0,0.0,-0.00025261974703264125,0.0
24.041666666666668,malecns_connected,0.0,0.47400118021587373,0.0,0.0,-0.00025261974703264125,0.0
24.05,malecns_connected,0.0,0.4739990750513151,0.0,0.0,-0.00025261974703264125,0.0
24.058333333333334,malecns_connected,0.0,0.4739969698867565,0.0,0.0,-0.00025261974703264125,0.0
24.066666666666666,malecns_connected,0.0,0.4739948647221979,0.0,0.0,-0.00025261974703264125,0.0
24.075,malecns_connected,0.0,0.47399275955763925,0.0,0.0,-0.00025261974703264125,0.0
24.083333333333332,malecns_connected,0.0,0.47399065439308063,0.0,0.0,-0.00025261974703264125,0.0
24.091666666666665,malecns_connected,0.0,0.473988549228522,0.0,0.0,-0.00025261974703264125,0.0
24.1,malecns_connected,0.0,0.4739864440639634,0.0,0.0,-0.00025261974703264125,0.0
24.108333333333334,malecns_connected,0.0,0.4739843388994048,0.0,0.0,-0.00025261974703264125,0.0
24.116666666666667,malecns_connected,0.0,0.47398223373484616,0.0,0.0,-0.00025261974703264125,0.0
24.125,malecns_connected,0.0,0.47398012857028754,0.0,0.0,-0.00025261974703264125,0.0
24.133333333333333,malecns_connected,0.0,0.4739780234057289,0.0,0.0,-0.00025261974703264125,0.0
24.141666666666666,malecns_connected,0.0,0.4739759182411703,0.0,0.0,-0.00025261974703264125,0.0
24.15,malecns_connected,0.0,0.4739738130766117,0.0,0.0,-0.00025261974703264125,0.0
24.15833333333333,malecns_connected,0.0,0.47397170791205306,0.0,0.0,-0.00025261974703264125,0.0
24.166666666666668,malecns_connected,0.0,0.47396960274749445,0.0,0.0,-0.00025261974703264125,0.0
24.175,malecns_connected,0.0,0.4739674975829358,0.0,0.0,-0.00025261974703264125,0.0
24.183333333333334,malecns_connected,0.0,0.4739653924183772,0.0,0.0,-0.00025261974703264125,0.0
24.191666666666666,malecns_connected,0.0,0.4739632872538186,0.0,0.0,-0.00025261974703264125,0.0
24.2,malecns_connected,0.0,0.47396118208925997,0.0,0.0,-0.00025261974703264125,0.0
24.208333333333332,malecns_connected,0.0,0.47395907692470135,0.0,0.0,-0.00025261974703264125,0.0
24.216666666666665,malecns_connected,0.0,0.47395697176014273,0.0,0.0,-0.00025261974703264125,0.0
24.225,malecns_connected,0.0,0.4739548665955841,0.0,0.0,-0.00025261974703264125,0.0
24.233333333333334,malecns_connected,0.0,0.4739527614310255,0.0,0.0,-0.00025261974703264125,0.0
24.241666666666667,malecns_connected,0.0,0.4739506562664669,0.0,0.0,-0.00025261974703264125,0.0
24.25,malecns_connected,0.0,0.47394855110190826,0.0,0.0,-0.00025261974703264125,0.0
24.258333333333333,malecns_connected,0.0,0.47394644593734964,0.0,0.0,-0.00025261974703264125,0.0
24.266666666666666,malecns_connected,0.0,0.473944340772791,0.0,0.0,-0.00025261974703264125,0.0
24.275,malecns_connected,0.0,0.4739422356082324,0.0,0.0,-0.00025261974703264125,0.0
24.28333333333333,malecns_connected,0.0,0.4739401304436738,0.0,0.0,-0.00025261974703264125,0.0
24.291666666666668,malecns_connected,0.0,0.47393802527911516,0.0,0.0,-0.00025261974703264125,0.0
24.3,malecns_connected,0.0,0.47393592011455654,0.0,0.0,-0.00025261974703264125,0.0
24.308333333333334,malecns_connected,0.0,0.4739338149499979,0.0,0.0,-0.00025261974703264125,0.0
24.316666666666666,malecns_connected,0.0,0.4739317097854393,0.0,0.0,-0.00025261974703264125,0.0
24.325,malecns_connected,0.0,0.4739296046208807,0.0,0.0,-0.00025261974703264125,0.0
24.333333333333332,malecns_connected,0.0,0.47392749945632207,0.0,0.0,-0.00025261974703264125,0.0
24.341666666666665,malecns_connected,0.0,0.47392539429176345,0.0,0.0,-0.00025261974703264125,0.0
24.35,malecns_connected,0.0,0.4739232891272048,0.0,0.0,-0.00025261974703264125,0.0
24.358333333333334,malecns_connected,0.0,0.4739211839626462,0.0,0.0,-0.00025261974703264125,0.0
24.366666666666667,malecns_connected,0.0,0.4739190787980876,0.0,0.0,-0.00025261974703264125,0.0
24.375,malecns_connected,0.0,0.47391697363352897,0.0,0.0,-0.00025261974703264125,0.0
24.383333333333333,malecns_connected,0.0,0.47391486846897035,0.0,0.0,-0.00025261974703264125,0.0
24.391666666666666,malecns_connected,0.0,0.47391276330441173,0.0,0.0,-0.00025261974703264125,0.0
24.4,malecns_connected,0.0,0.4739106581398531,0.0,0.0,-0.00025261974703264125,0.0
24.40833333333333,malecns_connected,0.0,0.4739085529752945,0.0,0.0,-0.00025261974703264125,0.0
24.416666666666668,malecns_connected,0.0,0.4739064478107359,0.0,0.0,-0.00025261974703264125,0.0
24.425,malecns_connected,0.0,0.47390434264617726,0.0,0.0,-0.00025261974703264125,0.0
24.433333333333334,malecns_connected,0.0,0.47390223748161864,0.0,0.0,-0.00025261974703264125,0.0
24.441666666666666,malecns_connected,0.0,0.47390013231706,0.0,0.0,-0.00025261974703264125,0.0
24.45,malecns_connected,0.0,0.4738980271525014,0.0,0.0,-0.00025261974703264125,0.0
24.458333333333332,malecns_connected,0.0,0.4738959219879428,0.0,0.0,-0.00025261974703264125,0.0
24.466666666666665,malecns_connected,0.0,0.47389381682338416,0.0,0.0,-0.00025261974703264125,0.0
24.475,malecns_connected,0.0,0.47389171165882554,0.0,0.0,-0.00025261974703264125,0.0
24.483333333333334,malecns_connected,0.0,0.4738896064942669,0.0,0.0,-0.00025261974703264125,0.0
24.491666666666667,malecns_connected,0.0,0.4738875013297083,0.0,0.0,-0.00025261974703264125,0.0
24.5,malecns_connected,0.0,0.4738853961651497,0.0,0.0,-0.00025261974703264125,0.0
24.508333333333333,malecns_connected,0.0,0.47388329100059107,0.0,0.0,-0.00025261974703264125,0.0
24.516666666666666,malecns_connected,0.0,0.47388118583603245,0.0,0.0,-0.00025261974703264125,0.0
24.525,malecns_connected,0.0,0.47387908067147383,0.0,0.0,-0.00025261974703264125,0.0
24.53333333333333,malecns_connected,0.0,0.4738769755069152,0.0,0.0,-0.00025261974703264125,0.0
24.541666666666668,malecns_connected,0.0,0.4738748703423566,0.0,0.0,-0.00025261974703264125,0.0
24.55,malecns_connected,0.0,0.47387276517779797,0.0,0.0,-0.00025261974703264125,0.0
24.558333333333334,malecns_connected,0.0,0.47387066001323935,0.0,0.0,-0.00025261974703264125,0.0
24.566666666666666,malecns_connected,0.0,0.47386855484868073,0.0,0.0,-0.00025261974703264125,0.0
24.575,malecns_connected,0.0,0.4738664496841221,0.0,0.0,-0.00025261974703264125,0.0
24.583333333333332,malecns_connected,0.0,0.4738643445195635,0.0,0.0,-0.00025261974703264125,0.0
24.591666666666665,malecns_connected,0.0,0.4738622393550049,0.0,0.0,-0.00025261974703264125,0.0
24.6,malecns_connected,0.0,0.47386013419044626,0.0,0.0,-0.00025261974703264125,0.0
24.608333333333334,malecns_connected,0.0,0.47385802902588764,0.0,0.0,-0.00025261974703264125,0.0
24.616666666666667,malecns_connected,0.0,0.473855923861329,0.0,0.0,-0.00025261974703264125,0.0
24.625,malecns_connected,0.0,0.4738538186967704,0.0,0.0,-0.00025261974703264125,0.0
24.633333333333333,malecns_connected,0.0,0.4738517135322118,0.0,0.0,-0.00025261974703264125,0.0
24.641666666666666,malecns_connected,0.0,0.47384960836765316,0.0,0.0,-0.00025261974703264125,0.0
24.65,malecns_connected,0.0,0.47384750320309454,0.0,0.0,-0.00025261974703264125,0.0
24.65833333333333,malecns_connected,0.0,0.4738453980385359,0.0,0.0,-0.00025261974703264125,0.0
24.666666666666668,malecns_connected,0.0,0.4738432928739773,0.0,0.0,-0.00025261974703264125,0.0
24.675,malecns_connected,0.0,0.4738411877094187,0.0,0.0,-0.00025261974703264125,0.0
24.683333333333334,malecns_connected,0.0,0.47383908254486007,0.0,0.0,-0.00025261974703264125,0.0
24.691666666666666,malecns_connected,0.0,0.47383697738030145,0.0,0.0,-0.00025261974703264125,0.0
24.7,malecns_connected,0.0,0.47383487221574283,0.0,0.0,-0.00025261974703264125,0.0
24.708333333333332,malecns_connected,0.0,0.4738327670511842,0.0,0.0,-0.00025261974703264125,0.0
24.716666666666665,malecns_connected,0.0,0.4738306618866256,0.0,0.0,-0.00025261974703264125,0.0
24.725,malecns_connected,0.0,0.473828556722067,0.0,0.0,-0.00025261974703264125,0.0
24.733333333333334,malecns_connected,0.0,0.47382645155750835,0.0,0.0,-0.00025261974703264125,0.0
24.741666666666667,malecns_connected,0.0,0.47382434639294974,0.0,0.0,-0.00025261974703264125,0.0
24.75,malecns_connected,0.0,0.4738222412283911,0.0,0.0,-0.00025261974703264125,0.0
24.758333333333333,malecns_connected,0.0,0.4738201360638325,0.0,0.0,-0.00025261974703264125,0.0
24.766666666666666,malecns_connected,0.0,0.4738180308992739,0.0,0.0,-0.00025261974703264125,0.0
24.775,malecns_connected,0.0,0.47381592573471526,0.0,0.0,-0.00025261974703264125,0.0
24.78333333333333,malecns_connected,0.0,0.47381382057015664,0.0,0.0,-0.00025261974703264125,0.0
24.791666666666668,malecns_connected,0.0,0.473811715405598,0.0,0.0,-0.00025261974703264125,0.0
24.8,malecns_connected,0.0,0.4738096102410394,0.0,0.0,-0.00025261974703264125,0.0
24.808333333333334,malecns_connected,0.0,0.4738075050764808,0.0,0.0,-0.00025261974703264125,0.0
24.816666666666666,malecns_connected,0.0,0.47380539991192216,0.0,0.0,-0.00025261974703264125,0.0
24.825,malecns_connected,0.0,0.47380329474736355,0.0,0.0,-0.00025261974703264125,0.0
24.833333333333332,malecns_connected,0.0,0.4738011895828049,0.0,0.0,-0.00025261974703264125,0.0
24.841666666666665,malecns_connected,0.0,0.4737990844182463,0.0,0.0,-0.00025261974703264125,0.0
24.85,malecns_connected,0.0,0.4737969792536877,0.0,0.0,-0.00025261974703264125,0.0
24.858333333333334,malecns_connected,0.0,0.47379487408912907,0.0,0.0,-0.00025261974703264125,0.0
24.866666666666667,malecns_connected,0.0,0.47379276892457045,0.0,0.0,-0.00025261974703264125,0.0
24.875,malecns_connected,0.0,0.47379066376001183,0.0,0.0,-0.00025261974703264125,0.0
24.883333333333333,malecns_connected,0.0,0.4737885585954532,0.0,0.0,-0.00025261974703264125,0.0
24.891666666666666,malecns_connected,0.0,0.4737864534308946,0.0,0.0,-0.00025261974703264125,0.0
24.9,malecns_connected,0.0,0.473784348266336,0.0,0.0,-0.00025261974703264125,0.0
24.90833333333333,malecns_connected,0.0,0.47378224310177736,0.0,0.0,-0.00025261974703264125,0.0
24.916666666666668,malecns_connected,0.0,0.47378013793721874,0.0,0.0,-0.00025261974703264125,0.0
24.925,malecns_connected,0.0,0.4737780327726601,0.0,0.0,-0.00025261974703264125,0.0
24.933333333333334,malecns_connected,0.0,0.4737759276081015,0.0,0.0,-0.00025261974703264125,0.0
24.941666666666666,malecns_connected,0.0,0.4737738224435429,0.0,0.0,-0.00025261974703264125,0.0
24.95,malecns_connected,0.0,0.47377171727898426,0.0,0.0,-0.00025261974703264125,0.0
24.958333333333332,malecns_connected,0.0,0.47376961211442564,0.0,0.0,-0.00025261974703264125,0.0
24.966666666666665,malecns_connected,0.0,0.473767506949867,0.0,0.0,-0.00025261974703264125,0.0
24.975,malecns_connected,0.0,0.4737654017853084,0.0,0.0,-0.00025261974703264125,0.0
24.983333333333334,malecns_connected,0.0,0.4737632966207498,0.0,0.0,-0.00025261974703264125,0.0
24.991666666666667,malecns_connected,0.0,0.47376119145619117,0.0,0.0,-0.00025261974703264125,0.0
25.0,malecns_connected,0.0,0.47375908629163255,0.0,0.0,-0.00025261974703264125,0.0
25.008333333333333,malecns_connected,0.0,0.47375698112707393,0.0,0.0,-0.00025261974703264125,0.0
25.016666666666666,malecns_connected,0.0,0.4737548759625153,0.0,0.0,-0.00025261974703264125,0.0
25.025,malecns_connected,0.0,0.4737527707979567,0.0,0.0,-0.00025261974703264125,0.0
25.03333333333333,malecns_connected,0.0,0.47375066563339807,0.0,0.0,-0.00025261974703264125,0.0
25.041666666666668,malecns_connected,0.0,0.47374856046883945,0.0,0.0,-0.00025261974703264125,0.0
25.05,malecns_connected,0.0,0.47374645530428083,0.0,0.0,-0.00025261974703264125,0.0
25.058333333333334,malecns_connected,0.0,0.4737443501397222,0.0,0.0,-0.00025261974703264125,0.0
25.066666666666666,malecns_connected,0.0,0.4737422449751636,0.0,0.0,-0.00025261974703264125,0.0
25.075,malecns_connected,0.0,0.473740139810605,0.0,0.0,-0.00025261974703264125,0.0
25.083333333333332,malecns_connected,0.0,0.47373803464604636,0.0,0.0,-0.00025261974703264125,0.0
25.091666666666665,malecns_connected,0.0,0.47373592948148774,0.0,0.0,-0.00025261974703264125,0.0
25.1,malecns_connected,0.0,0.4737338243169291,0.0,0.0,-0.00025261974703264125,0.0
25.108333333333334,malecns_connected,0.0,0.4737317191523705,0.0,0.0,-0.00025261974703264125,0.0
25.116666666666667,malecns_connected,0.0,0.4737296139878119,0.0,0.0,-0.00025261974703264125,0.0
25.125,malecns_connected,0.0,0.47372750882325326,0.0,0.0,-0.00025261974703264125,0.0
25.133333333333333,malecns_connected,0.0,0.47372540365869464,0.0,0.0,-0.00025261974703264125,0.0
25.141666666666666,malecns_connected,0.0,0.473723298494136,0.0,0.0,-0.00025261974703264125,0.0
25.15,malecns_connected,0.0,0.4737211933295774,0.0,0.0,-0.00025261974703264125,0.0
25.15833333333333,malecns_connected,0.0,0.4737190881650188,0.0,0.0,-0.00025261974703264125,0.0
25.166666666666668,malecns_connected,0.0,0.47371698300046017,0.0,0.0,-0.00025261974703264125,0.0
25.175,malecns_connected,0.0,0.47371487783590155,0.0,0.0,-0.00025261974703264125,0.0
25.183333333333334,malecns_connected,0.0,0.47371277267134293,0.0,0.0,-0.00025261974703264125,0.0
25.191666666666666,malecns_connected,0.0,0.4737106675067843,0.0,0.0,-0.00025261974703264125,0.0
25.2,malecns_connected,0.0,0.4737085623422257,0.0,0.0,-0.00025261974703264125,0.0
25.208333333333332,malecns_connected,0.0,0.4737064571776671,0.0,0.0,-0.00025261974703264125,0.0
25.216666666666665,malecns_connected,0.0,0.47370435201310845,0.0,0.0,-0.00025261974703264125,0.0
25.225,malecns_connected,0.0,0.47370224684854983,0.0,0.0,-0.00025261974703264125,0.0
25.233333333333334,malecns_connected,0.0,0.4737001416839912,0.0,0.0,-0.00025261974703264125,0.0
25.241666666666667,malecns_connected,0.0,0.4736980365194326,0.0,0.0,-0.00025261974703264125,0.0
25.25,malecns_connected,0.0,0.473695931354874,0.0,0.0,-0.00025261974703264125,0.0
25.258333333333333,malecns_connected,0.0,0.47369382619031536,0.0,0.0,-0.00025261974703264125,0.0
25.266666666666666,malecns_connected,0.0,0.47369172102575674,0.0,0.0,-0.00025261974703264125,0.0
25.275,malecns_connected,0.0,0.4736896158611981,0.0,0.0,-0.00025261974703264125,0.0
25.28333333333333,malecns_connected,0.0,0.4736875106966395,0.0,0.0,-0.00025261974703264125,0.0
25.291666666666668,malecns_connected,0.0,0.4736854055320809,0.0,0.0,-0.00025261974703264125,0.0
25.3,malecns_connected,0.0,0.47368330036752226,0.0,0.0,-0.00025261974703264125,0.0
25.308333333333334,malecns_connected,0.0,0.47368119520296365,0.0,0.0,-0.00025261974703264125,0.0
25.316666666666666,malecns_connected,0.0,0.473679090038405,0.0,0.0,-0.00025261974703264125,0.0
25.325,malecns_connected,0.0,0.4736769848738464,0.0,0.0,-0.00025261974703264125,0.0
25.333333333333332,malecns_connected,0.0,0.4736748797092878,0.0,0.0,-0.00025261974703264125,0.0
25.341666666666665,malecns_connected,0.0,0.47367277454472917,0.0,0.0,-0.00025261974703264125,0.0
25.35,malecns_connected,0.0,0.47367066938017055,0.0,0.0,-0.00025261974703264125,0.0
25.358333333333334,malecns_connected,0.0,0.47366856421561193,0.0,0.0,-0.00025261974703264125,0.0
25.366666666666667,malecns_connected,0.0,0.4736664590510533,0.0,0.0,-0.00025261974703264125,0.0
25.375,malecns_connected,0.0,0.4736643538864947,0.0,0.0,-0.00025261974703264125,0.0
25.383333333333333,malecns_connected,0.0,0.4736622487219361,0.0,0.0,-0.00025261974703264125,0.0
25.391666666666666,malecns_connected,0.0,0.47366014355737746,0.0,0.0,-0.00025261974703264125,0.0
25.4,malecns_connected,0.0,0.47365803839281884,0.0,0.0,-0.00025261974703264125,0.0
25.40833333333333,malecns_connected,0.0,0.4736559332282602,0.0,0.0,-0.00025261974703264125,0.0
25.416666666666668,malecns_connected,0.0,0.4736538280637016,0.0,0.0,-0.00025261974703264125,0.0
25.425,malecns_connected,0.0,0.473651722899143,0.0,0.0,-0.00025261974703264125,0.0
25.433333333333334,malecns_connected,0.0,0.47364961773458436,0.0,0.0,-0.00025261974703264125,0.0
25.441666666666666,malecns_connected,0.0,0.47364751257002574,0.0,0.0,-0.00025261974703264125,0.0
25.45,malecns_connected,0.0,0.4736454074054671,0.0,0.0,-0.00025261974703264125,0.0
25.458333333333332,malecns_connected,0.0,0.4736433022409085,0.0,0.0,-0.00025261974703264125,0.0
25.466666666666665,malecns_connected,0.0,0.4736411970763499,0.0,0.0,-0.00025261974703264125,0.0
25.475,malecns_connected,0.0,0.47363909191179127,0.0,0.0,-0.00025261974703264125,0.0
25.483333333333334,malecns_connected,0.0,0.47363698674723265,0.0,0.0,-0.00025261974703264125,0.0
25.491666666666667,malecns_connected,0.0,0.473634881582674,0.0,0.0,-0.00025261974703264125,0.0
25.5,malecns_connected,0.0,0.4736327764181154,0.0,0.0,-0.00025261974703264125,0.0
25.508333333333333,malecns_connected,0.0,0.4736306712535568,0.0,0.0,-0.00025261974703264125,0.0
25.516666666666666,malecns_connected,0.0,0.47362856608899817,0.0,0.0,-0.00025261974703264125,0.0
25.525,malecns_connected,0.0,0.47362646092443955,0.0,0.0,-0.00025261974703264125,0.0
25.53333333333333,malecns_connected,0.0,0.47362435575988093,0.0,0.0,-0.00025261974703264125,0.0
25.541666666666668,malecns_connected,0.0,0.4736222505953223,0.0,0.0,-0.00025261974703264125,0.0
25.55,malecns_connected,0.0,0.4736201454307637,0.0,0.0,-0.00025261974703264125,0.0
25.558333333333334,malecns_connected,0.0,0.4736180402662051,0.0,0.0,-0.00025261974703264125,0.0
25.566666666666666,malecns_connected,0.0,0.47361593510164646,0.0,0.0,-0.00025261974703264125,0.0
25.575,malecns_connected,0.0,0.47361382993708784,0.0,0.0,-0.00025261974703264125,0.0
25.583333333333332,malecns_connected,0.0,0.4736117247725292,0.0,0.0,-0.00025261974703264125,0.0
25.591666666666665,malecns_connected,0.0,0.4736096196079706,0.0,0.0,-0.00025261974703264125,0.0
25.6,malecns_connected,0.0,0.473607514443412,0.0,0.0,-0.00025261974703264125,0.0
25.608333333333334,malecns_connected,0.0,0.47360540927885336,0.0,0.0,-0.00025261974703264125,0.0
25.616666666666667,malecns_connected,0.0,0.47360330411429474,0.0,0.0,-0.00025261974703264125,0.0
25.625,malecns_connected,0.0,0.4736011989497361,0.0,0.0,-0.00025261974703264125,0.0
25.633333333333333,malecns_connected,0.0,0.4735990937851775,0.0,0.0,-0.00025261974703264125,0.0
25.641666666666666,malecns_connected,0.0,0.4735969886206189,0.0,0.0,-0.00025261974703264125,0.0
25.65,malecns_connected,0.0,0.47359488345606027,0.0,0.0,-0.00025261974703264125,0.0
25.65833333333333,malecns_connected,0.0,0.47359277829150165,0.0,0.0,-0.00025261974703264125,0.0
25.666666666666668,malecns_connected,0.0,0.47359067312694303,0.0,0.0,-0.00025261974703264125,0.0
25.675,malecns_connected,0.0,0.4735885679623844,0.0,0.0,-0.00025261974703264125,0.0
25.683333333333334,malecns_connected,0.0,0.4735864627978258,0.0,0.0,-0.00025261974703264125,0.0
25.691666666666666,malecns_connected,0.0,0.4735843576332672,0.0,0.0,-0.00025261974703264125,0.0
25.7,malecns_connected,0.0,0.47358225246870855,0.0,0.0,-0.00025261974703264125,0.0
25.708333333333332,malecns_connected,0.0,0.47358014730414993,0.0,0.0,-0.00025261974703264125,0.0
25.716666666666665,malecns_connected,0.0,0.4735780421395913,0.0,0.0,-0.00025261974703264125,0.0
25.724999999999998,malecns_connected,0.0,0.4735759369750327,0.0,0.0,-0.00025261974703264125,0.0
25.733333333333334,malecns_connected,0.0,0.4735738318104741,0.0,0.0,-0.00025261974703264125,0.0
25.741666666666667,malecns_connected,0.0,0.47357172664591546,0.0,0.0,-0.00025261974703264125,0.0
25.75,malecns_connected,0.0,0.47356962148135684,0.0,0.0,-0.00025261974703264125,0.0
25.758333333333333,malecns_connected,0.0,0.4735675163167982,0.0,0.0,-0.00025261974703264125,0.0
25.766666666666666,malecns_connected,0.0,0.4735654111522396,0.0,0.0,-0.00025261974703264125,0.0
25.775,malecns_connected,0.0,0.473563305987681,0.0,0.0,-0.00025261974703264125,0.0
25.78333333333333,malecns_connected,0.0,0.47356120082312236,0.0,0.0,-0.00025261974703264125,0.0
25.791666666666668,malecns_connected,0.0,0.47355909565856374,0.0,0.0,-0.00025261974703264125,0.0
25.8,malecns_connected,0.0,0.4735569904940051,0.0,0.0,-0.00025261974703264125,0.0
25.808333333333334,malecns_connected,0.0,0.4735548853294465,0.0,0.0,-0.00025261974703264125,0.0
25.816666666666666,malecns_connected,0.0,0.4735527801648879,0.0,0.0,-0.00025261974703264125,0.0
25.825,malecns_connected,0.0,0.47355067500032927,0.0,0.0,-0.00025261974703264125,0.0
25.833333333333332,malecns_connected,0.0,0.47354856983577065,0.0,0.0,-0.00025261974703264125,0.0
25.841666666666665,malecns_connected,0.0,0.47354646467121203,0.0,0.0,-0.00025261974703264125,0.0
25.849999999999998,malecns_connected,0.0,0.4735443595066534,0.0,0.0,-0.00025261974703264125,0.0
25.858333333333334,malecns_connected,0.0,0.4735422543420948,0.0,0.0,-0.00025261974703264125,0.0
25.866666666666667,malecns_connected,0.0,0.4735401491775362,0.0,0.0,-0.00025261974703264125,0.0
25.875,malecns_connected,0.0,0.47353804401297755,0.0,0.0,-0.00025261974703264125,0.0
25.883333333333333,malecns_connected,0.0,0.47353593884841894,0.0,0.0,-0.00025261974703264125,0.0
25.891666666666666,malecns_connected,0.0,0.4735338336838603,0.0,0.0,-0.00025261974703264125,0.0
25.9,malecns_connected,0.0,0.4735317285193017,0.0,0.0,-0.00025261974703264125,0.0
25.90833333333333,malecns_connected,0.0,0.4735296233547431,0.0,0.0,-0.00025261974703264125,0.0
25.916666666666668,malecns_connected,0.0,0.47352751819018446,0.0,0.0,-0.00025261974703264125,0.0
25.925,malecns_connected,0.0,0.47352541302562584,0.0,0.0,-0.00025261974703264125,0.0
25.933333333333334,malecns_connected,0.0,0.4735233078610672,0.0,0.0,-0.00025261974703264125,0.0
25.941666666666666,malecns_connected,0.0,0.4735212026965086,0.0,0.0,-0.00025261974703264125,0.0
25.95,malecns_connected,0.0,0.47351909753195,0.0,0.0,-0.00025261974703264125,0.0
25.958333333333332,malecns_connected,0.0,0.47351699236739137,0.0,0.0,-0.00025261974703264125,0.0
25.966666666666665,malecns_connected,0.0,0.47351488720283275,0.0,0.0,-0.00025261974703264125,0.0
25.974999999999998,malecns_connected,0.0,0.4735127820382741,0.0,0.0,-0.00025261974703264125,0.0
25.983333333333334,malecns_connected,0.0,0.4735106768737155,0.0,0.0,-0.00025261974703264125,0.0
25.991666666666667,malecns_connected,0.0,0.4735085717091569,0.0,0.0,-0.00025261974703264125,0.0
26.0,malecns_connected,0.0,0.47350646654459827,0.0,0.0,-0.00025261974703264125,0.0
26.008333333333333,malecns_connected,0.0,0.47350436138003965,0.0,0.0,-0.00025261974703264125,0.0
26.016666666666666,malecns_connected,0.0,0.47350225621548103,0.0,0.0,-0.00025261974703264125,0.0
26.025,malecns_connected,0.0,0.4735001510509224,0.0,0.0,-0.00025261974703264125,0.0
26.03333333333333,malecns_connected,0.0,0.4734980458863638,0.0,0.0,-0.00025261974703264125,0.0
26.041666666666668,malecns_connected,0.0,0.4734959407218052,0.0,0.0,-0.00025261974703264125,0.0
26.05,malecns_connected,0.0,0.47349383555724656,0.0,0.0,-0.00025261974703264125,0.0
26.058333333333334,malecns_connected,0.0,0.47349173039268794,0.0,0.0,-0.00025261974703264125,0.0
26.066666666666666,malecns_connected,0.0,0.4734896252281293,0.0,0.0,-0.00025261974703264125,0.0
26.075,malecns_connected,0.0,0.4734875200635707,0.0,0.0,-0.00025261974703264125,0.0
26.083333333333332,malecns_connected,0.0,0.4734854148990121,0.0,0.0,-0.00025261974703264125,0.0
26.091666666666665,malecns_connected,0.0,0.47348330973445346,0.0,0.0,-0.00025261974703264125,0.0
26.099999999999998,malecns_connected,0.0,0.47348120456989484,0.0,0.0,-0.00025261974703264125,0.0
26.108333333333334,malecns_connected,0.0,0.4734790994053362,0.0,0.0,-0.00025261974703264125,0.0
26.116666666666667,malecns_connected,0.0,0.4734769942407776,0.0,0.0,-0.00025261974703264125,0.0
26.125,malecns_connected,0.0,0.473474889076219,0.0,0.0,-0.00025261974703264125,0.0
26.133333333333333,malecns_connected,0.0,0.47347278391166037,0.0,0.0,-0.00025261974703264125,0.0
26.141666666666666,malecns_connected,0.0,0.47347067874710175,0.0,0.0,-0.00025261974703264125,0.0
26.15,malecns_connected,0.0,0.47346857358254313,0.0,0.0,-0.00025261974703264125,0.0
26.15833333333333,malecns_connected,0.0,0.4734664684179845,0.0,0.0,-0.00025261974703264125,0.0
26.166666666666668,malecns_connected,0.0,0.4734643632534259,0.0,0.0,-0.00025261974703264125,0.0
26.175,malecns_connected,0.0,0.47346225808886727,0.0,0.0,-0.00025261974703264125,0.0
26.183333333333334,malecns_connected,0.0,0.47346015292430865,0.0,0.0,-0.00025261974703264125,0.0
26.191666666666666,malecns_connected,0.0,0.47345804775975003,0.0,0.0,-0.00025261974703264125,0.0
26.2,malecns_connected,0.0,0.4734559425951914,0.0,0.0,-0.00025261974703264125,0.0
26.208333333333332,malecns_connected,0.0,0.4734538374306328,0.0,0.0,-0.00025261974703264125,0.0
26.216666666666665,malecns_connected,0.0,0.4734517322660742,0.0,0.0,-0.00025261974703264125,0.0
26.224999999999998,malecns_connected,0.0,0.47344962710151556,0.0,0.0,-0.00025261974703264125,0.0
26.233333333333334,malecns_connected,0.0,0.47344752193695694,0.0,0.0,-0.00025261974703264125,0.0
26.241666666666667,malecns_connected,0.0,0.4734454167723983,0.0,0.0,-0.00025261974703264125,0.0
26.25,malecns_connected,0.0,0.4734433116078397,0.0,0.0,-0.00025261974703264125,0.0
26.258333333333333,malecns_connected,0.0,0.4734412064432811,0.0,0.0,-0.00025261974703264125,0.0
26.266666666666666,malecns_connected,0.0,0.47343910127872246,0.0,0.0,-0.00025261974703264125,0.0
26.275,malecns_connected,0.0,0.47343699611416384,0.0,0.0,-0.00025261974703264125,0.0
26.28333333333333,malecns_connected,0.0,0.4734348909496052,0.0,0.0,-0.00025261974703264125,0.0
26.291666666666668,malecns_connected,0.0,0.4734327857850466,0.0,0.0,-0.00025261974703264125,0.0
26.3,malecns_connected,0.0,0.473430680620488,0.0,0.0,-0.00025261974703264125,0.0
26.308333333333334,malecns_connected,0.0,0.47342857545592937,0.0,0.0,-0.00025261974703264125,0.0
26.316666666666666,malecns_connected,0.0,0.47342647029137075,0.0,0.0,-0.00025261974703264125,0.0
26.325,malecns_connected,0.0,0.47342436512681213,0.0,0.0,-0.00025261974703264125,0.0
26.333333333333332,malecns_connected,0.0,0.4734222599622535,0.0,0.0,-0.00025261974703264125,0.0
26.341666666666665,malecns_connected,0.0,0.4734201547976949,0.0,0.0,-0.00025261974703264125,0.0
26.349999999999998,malecns_connected,0.0,0.4734180496331363,0.0,0.0,-0.00025261974703264125,0.0
26.358333333333334,malecns_connected,0.0,0.47341594446857765,0.0,0.0,-0.00025261974703264125,0.0
26.366666666666667,malecns_connected,0.0,0.47341383930401904,0.0,0.0,-0.00025261974703264125,0.0
26.375,malecns_connected,0.0,0.4734117341394604,0.0,0.0,-0.00025261974703264125,0.0
26.383333333333333,malecns_connected,0.0,0.4734096289749018,0.0,0.0,-0.00025261974703264125,0.0
26.391666666666666,malecns_connected,0.0,0.4734075238103432,0.0,0.0,-0.00025261974703264125,0.0
26.4,malecns_connected,0.0,0.47340541864578456,0.0,0.0,-0.00025261974703264125,0.0
26.40833333333333,malecns_connected,0.0,0.47340331348122594,0.0,0.0,-0.00025261974703264125,0.0
26.416666666666668,malecns_connected,0.0,0.4734012083166673,0.0,0.0,-0.00025261974703264125,0.0
26.425,malecns_connected,0.0,0.4733991031521087,0.0,0.0,-0.00025261974703264125,0.0
26.433333333333334,malecns_connected,0.0,0.4733969979875501,0.0,0.0,-0.00025261974703264125,0.0
26.441666666666666,malecns_connected,0.0,0.47339489282299146,0.0,0.0,-0.00025261974703264125,0.0
26.45,malecns_connected,0.0,0.47339278765843285,0.0,0.0,-0.00025261974703264125,0.0
26.458333333333332,malecns_connected,0.0,0.4733906824938742,0.0,0.0,-0.00025261974703264125,0.0
26.466666666666665,malecns_connected,0.0,0.4733885773293156,0.0,0.0,-0.00025261974703264125,0.0
26.474999999999998,malecns_connected,0.0,0.473386472164757,0.0,0.0,-0.00025261974703264125,0.0
26.483333333333334,malecns_connected,0.0,0.47338436700019837,0.0,0.0,-0.00025261974703264125,0.0
26.491666666666667,malecns_connected,0.0,0.47338226183563975,0.0,0.0,-0.00025261974703264125,0.0
26.5,malecns_connected,0.0,0.47338015667108113,0.0,0.0,-0.00025261974703264125,0.0
26.508333333333333,malecns_connected,0.0,0.4733780515065225,0.0,0.0,-0.00025261974703264125,0.0
26.516666666666666,malecns_connected,0.0,0.4733759463419639,0.0,0.0,-0.00025261974703264125,0.0
26.525,malecns_connected,0.0,0.4733738411774053,0.0,0.0,-0.00025261974703264125,0.0
26.53333333333333,malecns_connected,0.0,0.47337173601284666,0.0,0.0,-0.00025261974703264125,0.0
26.541666666666668,malecns_connected,0.0,0.47336963084828804,0.0,0.0,-0.00025261974703264125,0.0
26.55,malecns_connected,0.0,0.4733675256837294,0.0,0.0,-0.00025261974703264125,0.0
26.558333333333334,malecns_connected,0.0,0.4733654205191708,0.0,0.0,-0.00025261974703264125,0.0
26.566666666666666,malecns_connected,0.0,0.4733633153546122,0.0,0.0,-0.00025261974703264125,0.0
26.575,malecns_connected,0.0,0.47336121019005356,0.0,0.0,-0.00025261974703264125,0.0
26.583333333333332,malecns_connected,0.0,0.47335910502549494,0.0,0.0,-0.00025261974703264125,0.0
26.591666666666665,malecns_connected,0.0,0.4733569998609363,0.0,0.0,-0.00025261974703264125,0.0
26.599999999999998,malecns_connected,0.0,0.4733548946963777,0.0,0.0,-0.00025261974703264125,0.0
26.608333333333334,malecns_connected,0.0,0.4733527895318191,0.0,0.0,-0.00025261974703264125,0.0
26.616666666666667,malecns_connected,0.0,0.47335068436726047,0.0,0.0,-0.00025261974703264125,0.0
26.625,malecns_connected,0.0,0.47334857920270185,0.0,0.0,-0.00025261974703264125,0.0
26.633333333333333,malecns_connected,0.0,0.47334647403814323,0.0,0.0,-0.00025261974703264125,0.0
26.641666666666666,malecns_connected,0.0,0.4733443688735846,0.0,0.0,-0.00025261974703264125,0.0
26.65,malecns_connected,0.0,0.473342263709026,0.0,0.0,-0.00025261974703264125,0.0
26.65833333333333,malecns_connected,0.0,0.47334015854446737,0.0,0.0,-0.00025261974703264125,0.0
26.666666666666668,malecns_connected,0.0,0.47333805337990875,0.0,0.0,-0.00025261974703264125,0.0
26.675,malecns_connected,0.0,0.47333594821535013,0.0,0.0,-0.00025261974703264125,0.0
26.683333333333334,malecns_connected,0.0,0.4733338430507915,0.0,0.0,-0.00025261974703264125,0.0
26.691666666666666,malecns_connected,0.0,0.4733317378862329,0.0,0.0,-0.00025261974703264125,0.0
26.7,malecns_connected,0.0,0.4733296327216743,0.0,0.0,-0.00025261974703264125,0.0
26.708333333333332,malecns_connected,0.0,0.47332752755711566,0.0,0.0,-0.00025261974703264125,0.0
26.716666666666665,malecns_connected,0.0,0.47332542239255704,0.0,0.0,-0.00025261974703264125,0.0
26.724999999999998,malecns_connected,0.0,0.4733233172279984,0.0,0.0,-0.00025261974703264125,0.0
26.733333333333334,malecns_connected,0.0,0.4733212120634398,0.0,0.0,-0.00025261974703264125,0.0
26.741666666666667,malecns_connected,0.0,0.4733191068988812,0.0,0.0,-0.00025261974703264125,0.0
26.75,malecns_connected,0.0,0.47331700173432256,0.0,0.0,-0.00025261974703264125,0.0
26.758333333333333,malecns_connected,0.0,0.47331489656976394,0.0,0.0,-0.00025261974703264125,0.0
26.766666666666666,malecns_connected,0.0,0.4733127914052053,0.0,0.0,-0.00025261974703264125,0.0
26.775,malecns_connected,0.0,0.4733106862406467,0.0,0.0,-0.00025261974703264125,0.0
26.78333333333333,malecns_connected,0.0,0.4733085810760881,0.0,0.0,-0.00025261974703264125,0.0
26.791666666666668,malecns_connected,0.0,0.47330647591152947,0.0,0.0,-0.00025261974703264125,0.0
26.8,malecns_connected,0.0,0.47330437074697085,0.0,0.0,-0.00025261974703264125,0.0
26.808333333333334,malecns_connected,0.0,0.47330226558241223,0.0,0.0,-0.00025261974703264125,0.0
26.816666666666666,malecns_connected,0.0,0.4733001604178536,0.0,0.0,-0.00025261974703264125,0.0
26.825,malecns_connected,0.0,0.473298055253295,0.0,0.0,-0.00025261974703264125,0.0
26.833333333333332,malecns_connected,0.0,0.4732959500887364,0.0,0.0,-0.00025261974703264125,0.0
26.841666666666665,malecns_connected,0.0,0.47329384492417775,0.0,0.0,-0.00025261974703264125,0.0
26.849999999999998,malecns_connected,0.0,0.47329173975961913,0.0,0.0,-0.00025261974703264125,0.0
26.858333333333334,malecns_connected,0.0,0.4732896345950605,0.0,0.0,-0.00025261974703264125,0.0
26.866666666666667,malecns_connected,0.0,0.4732875294305019,0.0,0.0,-0.00025261974703264125,0.0
26.875,malecns_connected,0.0,0.4732854242659433,0.0,0.0,-0.00025261974703264125,0.0
26.883333333333333,malecns_connected,0.0,0.47328331910138466,0.0,0.0,-0.00025261974703264125,0.0
26.891666666666666,malecns_connected,0.0,0.47328121393682604,0.0,0.0,-0.00025261974703264125,0.0
26.9,malecns_connected,0.0,0.4732791087722674,0.0,0.0,-0.00025261974703264125,0.0
26.90833333333333,malecns_connected,0.0,0.4732770036077088,0.0,0.0,-0.00025261974703264125,0.0
26.916666666666668,malecns_connected,0.0,0.4732748984431502,0.0,0.0,-0.00025261974703264125,0.0
26.925,malecns_connected,0.0,0.47327279327859156,0.0,0.0,-0.00025261974703264125,0.0
26.933333333333334,malecns_connected,0.0,0.47327068811403294,0.0,0.0,-0.00025261974703264125,0.0
26.941666666666666,malecns_connected,0.0,0.4732685829494743,0.0,0.0,-0.00025261974703264125,0.0
26.95,malecns_connected,0.0,0.4732664777849157,0.0,0.0,-0.00025261974703264125,0.0
26.958333333333332,malecns_connected,0.0,0.4732643726203571,0.0,0.0,-0.00025261974703264125,0.0
26.966666666666665,malecns_connected,0.0,0.47326226745579847,0.0,0.0,-0.00025261974703264125,0.0
26.974999999999998,malecns_connected,0.0,0.47326016229123985,0.0,0.0,-0.00025261974703264125,0.0
26.983333333333334,malecns_connected,0.0,0.47325805712668123,0.0,0.0,-0.00025261974703264125,0.0
26.991666666666667,malecns_connected,0.0,0.4732559519621226,0.0,0.0,-0.00025261974703264125,0.0
27.0,malecns_connected,0.0,0.473253846797564,0.0,0.0,-0.00025261974703264125,0.0
27.008333333333333,malecns_connected,0.0,0.4732517416330054,0.0,0.0,-0.00025261974703264125,0.0
27.016666666666666,malecns_connected,0.0,0.47324963646844675,0.0,0.0,-0.00025261974703264125,0.0
27.025,malecns_connected,0.0,0.47324753130388814,0.0,0.0,-0.00025261974703264125,0.0
27.03333333333333,malecns_connected,0.0,0.4732454261393295,0.0,0.0,-0.00025261974703264125,0.0
27.041666666666668,malecns_connected,0.0,0.4732433209747709,0.0,0.0,-0.00025261974703264125,0.0
27.05,malecns_connected,0.0,0.4732412158102123,0.0,0.0,-0.00025261974703264125,0.0
27.058333333333334,malecns_connected,0.0,0.47323911064565366,0.0,0.0,-0.00025261974703264125,0.0
27.066666666666666,malecns_connected,0.0,0.47323700548109504,0.0,0.0,-0.00025261974703264125,0.0
27.075,malecns_connected,0.0,0.4732349003165364,0.0,0.0,-0.00025261974703264125,0.0
27.083333333333332,malecns_connected,0.0,0.4732327951519778,0.0,0.0,-0.00025261974703264125,0.0
27.091666666666665,malecns_connected,0.0,0.4732306899874192,0.0,0.0,-0.00025261974703264125,0.0
27.099999999999998,malecns_connected,0.0,0.47322858482286057,0.0,0.0,-0.00025261974703264125,0.0
27.108333333333334,malecns_connected,0.0,0.47322647965830195,0.0,0.0,-0.00025261974703264125,0.0
27.116666666666667,malecns_connected,0.0,0.4732243744937433,0.0,0.0,-0.00025261974703264125,0.0
27.125,malecns_connected,0.0,0.4732222693291847,0.0,0.0,-0.00025261974703264125,0.0
27.133333333333333,malecns_connected,0.0,0.4732201641646261,0.0,0.0,-0.00025261974703264125,0.0
27.141666666666666,malecns_connected,0.0,0.47321805900006747,0.0,0.0,-0.00025261974703264125,0.0
27.15,malecns_connected,0.0,0.47321595383550885,0.0,0.0,-0.00025261974703264125,0.0
27.15833333333333,malecns_connected,0.0,0.47321384867095023,0.0,0.0,-0.00025261974703264125,0.0
27.166666666666668,malecns_connected,0.0,0.4732117435063916,0.0,0.0,-0.00025261974703264125,0.0
27.175,malecns_connected,0.0,0.473209638341833,0.0,0.0,-0.00025261974703264125,0.0
27.183333333333334,malecns_connected,0.0,0.4732075331772744,0.0,0.0,-0.00025261974703264125,0.0
27.191666666666666,malecns_connected,0.0,0.47320542801271576,0.0,0.0,-0.00025261974703264125,0.0
27.2,malecns_connected,0.0,0.47320332284815714,0.0,0.0,-0.00025261974703264125,0.0
27.208333333333332,malecns_connected,0.0,0.4732012176835985,0.0,0.0,-0.00025261974703264125,0.0
27.216666666666665,malecns_connected,0.0,0.4731991125190399,0.0,0.0,-0.00025261974703264125,0.0
27.224999999999998,malecns_connected,0.0,0.4731970073544813,0.0,0.0,-0.00025261974703264125,0.0
27.233333333333334,malecns_connected,0.0,0.47319490218992266,0.0,0.0,-0.00025261974703264125,0.0
27.241666666666667,malecns_connected,0.0,0.47319279702536404,0.0,0.0,-0.00025261974703264125,0.0
27.25,malecns_connected,0.0,0.4731906918608054,0.0,0.0,-0.00025261974703264125,0.0
27.258333333333333,malecns_connected,0.0,0.4731885866962468,0.0,0.0,-0.00025261974703264125,0.0
27.266666666666666,malecns_connected,0.0,0.4731864815316882,0.0,0.0,-0.00025261974703264125,0.0
27.275,malecns_connected,0.0,0.47318437636712957,0.0,0.0,-0.00025261974703264125,0.0
27.28333333333333,malecns_connected,0.0,0.47318227120257095,0.0,0.0,-0.00025261974703264125,0.0
27.291666666666668,malecns_connected,0.0,0.47318016603801233,0.0,0.0,-0.00025261974703264125,0.0
27.3,malecns_connected,0.0,0.4731780608734537,0.0,0.0,-0.00025261974703264125,0.0
27.308333333333334,malecns_connected,0.0,0.4731759557088951,0.0,0.0,-0.00025261974703264125,0.0
27.316666666666666,malecns_connected,0.0,0.47317385054433647,0.0,0.0,-0.00025261974703264125,0.0
27.325,malecns_connected,0.0,0.47317174537977785,0.0,0.0,-0.00025261974703264125,0.0
27.333333333333332,malecns_connected,0.0,0.47316964021521923,0.0,0.0,-0.00025261974703264125,0.0
27.341666666666665,malecns_connected,0.0,0.4731675350506606,0.0,0.0,-0.00025261974703264125,0.0
27.349999999999998,malecns_connected,0.0,0.473165429886102,0.0,0.0,-0.00025261974703264125,0.0
27.358333333333334,malecns_connected,0.0,0.4731633247215434,0.0,0.0,-0.00025261974703264125,0.0
27.366666666666667,malecns_connected,0.0,0.47316121955698476,0.0,0.0,-0.00025261974703264125,0.0
27.375,malecns_connected,0.0,0.47315911439242614,0.0,0.0,-0.00025261974703264125,0.0
27.383333333333333,malecns_connected,0.0,0.4731570092278675,0.0,0.0,-0.00025261974703264125,0.0
27.391666666666666,malecns_connected,0.0,0.4731549040633089,0.0,0.0,-0.00025261974703264125,0.0
27.4,malecns_connected,0.0,0.4731527988987503,0.0,0.0,-0.00025261974703264125,0.0
27.40833333333333,malecns_connected,0.0,0.47315069373419166,0.0,0.0,-0.00025261974703264125,0.0
27.416666666666668,malecns_connected,0.0,0.47314858856963304,0.0,0.0,-0.00025261974703264125,0.0
27.425,malecns_connected,0.0,0.4731464834050744,0.0,0.0,-0.00025261974703264125,0.0
27.433333333333334,malecns_connected,0.0,0.4731443782405158,0.0,0.0,-0.00025261974703264125,0.0
27.441666666666666,malecns_connected,0.0,0.4731422730759572,0.0,0.0,-0.00025261974703264125,0.0
27.45,malecns_connected,0.0,0.47314016791139857,0.0,0.0,-0.00025261974703264125,0.0
27.458333333333332,malecns_connected,0.0,0.47313806274683995,0.0,0.0,-0.00025261974703264125,0.0
27.466666666666665,malecns_connected,0.0,0.47313595758228133,0.0,0.0,-0.00025261974703264125,0.0
27.474999999999998,malecns_connected,0.0,0.4731338524177227,0.0,0.0,-0.00025261974703264125,0.0
27.483333333333334,malecns_connected,0.0,0.4731317472531641,0.0,0.0,-0.00025261974703264125,0.0
27.491666666666667,malecns_connected,0.0,0.4731296420886055,0.0,0.0,-0.00025261974703264125,0.0
27.5,malecns_connected,0.0,0.47312753692404685,0.0,0.0,-0.00025261974703264125,0.0
27.508333333333333,malecns_connected,0.0,0.47312543175948824,0.0,0.0,-0.00025261974703264125,0.0
27.516666666666666,malecns_connected,0.0,0.4731233265949296,0.0,0.0,-0.00025261974703264125,0.0
27.525,malecns_connected,0.0,0.473121221430371,0.0,0.0,-0.00025261974703264125,0.0
27.53333333333333,malecns_connected,0.0,0.4731191162658124,0.0,0.0,-0.00025261974703264125,0.0
27.541666666666668,malecns_connected,0.0,0.47311701110125376,0.0,0.0,-0.00025261974703264125,0.0
27.55,malecns_connected,0.0,0.47311490593669514,0.0,0.0,-0.00025261974703264125,0.0
27.558333333333334,malecns_connected,0.0,0.4731128007721365,0.0,0.0,-0.00025261974703264125,0.0
27.566666666666666,malecns_connected,0.0,0.4731106956075779,0.0,0.0,-0.00025261974703264125,0.0
27.575,malecns_connected,0.0,0.4731085904430193,0.0,0.0,-0.00025261974703264125,0.0
27.583333333333332,malecns_connected,0.0,0.47310648527846066,0.0,0.0,-0.00025261974703264125,0.0
27.591666666666665,malecns_connected,0.0,0.47310438011390205,0.0,0.0,-0.00025261974703264125,0.0
27.599999999999998,malecns_connected,0.0,0.4731022749493434,0.0,0.0,-0.00025261974703264125,0.0
27.608333333333334,malecns_connected,0.0,0.4731001697847848,0.0,0.0,-0.00025261974703264125,0.0
27.616666666666667,malecns_connected,0.0,0.4730980646202262,0.0,0.0,-0.00025261974703264125,0.0
27.625,malecns_connected,0.0,0.47309595945566757,0.0,0.0,-0.00025261974703264125,0.0
27.633333333333333,malecns_connected,0.0,0.47309385429110895,0.0,0.0,-0.00025261974703264125,0.0
27.641666666666666,malecns_connected,0.0,0.47309174912655033,0.0,0.0,-0.00025261974703264125,0.0
27.65,malecns_connected,0.0,0.4730896439619917,0.0,0.0,-0.00025261974703264125,0.0
27.65833333333333,malecns_connected,0.0,0.4730875387974331,0.0,0.0,-0.00025261974703264125,0.0
27.666666666666668,malecns_connected,0.0,0.4730854336328745,0.0,0.0,-0.00025261974703264125,0.0
27.675,malecns_connected,0.0,0.47308332846831586,0.0,0.0,-0.00025261974703264125,0.0
27.683333333333334,malecns_connected,0.0,0.47308122330375724,0.0,0.0,-0.00025261974703264125,0.0
27.691666666666666,malecns_connected,0.0,0.4730791181391986,0.0,0.0,-0.00025261974703264125,0.0
27.7,malecns_connected,0.0,0.47307701297464,0.0,0.0,-0.00025261974703264125,0.0
27.708333333333332,malecns_connected,0.0,0.4730749078100814,0.0,0.0,-0.00025261974703264125,0.0
27.716666666666665,malecns_connected,0.0,0.47307280264552276,0.0,0.0,-0.00025261974703264125,0.0
27.724999999999998,malecns_connected,0.0,0.47307069748096414,0.0,0.0,-0.00025261974703264125,0.0
27.733333333333334,malecns_connected,0.0,0.4730685923164055,0.0,0.0,-0.00025261974703264125,0.0
27.741666666666667,malecns_connected,0.0,0.4730664871518469,0.0,0.0,-0.00025261974703264125,0.0
27.75,malecns_connected,0.0,0.4730643819872883,0.0,0.0,-0.00025261974703264125,0.0
27.758333333333333,malecns_connected,0.0,0.47306227682272967,0.0,0.0,-0.00025261974703264125,0.0
27.766666666666666,malecns_connected,0.0,0.47306017165817105,0.0,0.0,-0.00025261974703264125,0.0
27.775,malecns_connected,0.0,0.47305806649361243,0.0,0.0,-0.00025261974703264125,0.0
27.78333333333333,malecns_connected,0.0,0.4730559613290538,0.0,0.0,-0.00025261974703264125,0.0
27.791666666666668,malecns_connected,0.0,0.4730538561644952,0.0,0.0,-0.00025261974703264125,0.0
27.8,malecns_connected,0.0,0.47305175099993657,0.0,0.0,-0.00025261974703264125,0.0
27.808333333333334,malecns_connected,0.0,0.47304964583537795,0.0,0.0,-0.00025261974703264125,0.0
27.816666666666666,malecns_connected,0.0,0.47304754067081933,0.0,0.0,-0.00025261974703264125,0.0
27.825,malecns_connected,0.0,0.4730454355062607,0.0,0.0,-0.00025261974703264125,0.0
27.833333333333332,malecns_connected,0.0,0.4730433303417021,0.0,0.0,-0.00025261974703264125,0.0
27.841666666666665,malecns_connected,0.0,0.4730412251771435,0.0,0.0,-0.00025261974703264125,0.0
27.849999999999998,malecns_connected,0.0,0.47303912001258486,0.0,0.0,-0.00025261974703264125,0.0
27.858333333333334,malecns_connected,0.0,0.47303701484802624,0.0,0.0,-0.00025261974703264125,0.0
27.866666666666667,malecns_connected,0.0,0.4730349096834676,0.0,0.0,-0.00025261974703264125,0.0
27.875,malecns_connected,0.0,0.473032804518909,0.0,0.0,-0.00025261974703264125,0.0
27.883333333333333,malecns_connected,0.0,0.4730306993543504,0.0,0.0,-0.00025261974703264125,0.0
27.891666666666666,malecns_connected,0.0,0.47302859418979176,0.0,0.0,-0.00025261974703264125,0.0
27.9,malecns_connected,0.0,0.47302648902523314,0.0,0.0,-0.00025261974703264125,0.0
27.90833333333333,malecns_connected,0.0,0.4730243838606745,0.0,0.0,-0.00025261974703264125,0.0
27.916666666666668,malecns_connected,0.0,0.4730222786961159,0.0,0.0,-0.00025261974703264125,0.0
27.925,malecns_connected,0.0,0.4730201735315573,0.0,0.0,-0.00025261974703264125,0.0
27.933333333333334,malecns_connected,0.0,0.47301806836699867,0.0,0.0,-0.00025261974703264125,0.0
27.941666666666666,malecns_connected,0.0,0.47301596320244005,0.0,0.0,-0.00025261974703264125,0.0
27.95,malecns_connected,0.0,0.47301385803788143,0.0,0.0,-0.00025261974703264125,0.0
27.958333333333332,malecns_connected,0.0,0.4730117528733228,0.0,0.0,-0.00025261974703264125,0.0
27.966666666666665,malecns_connected,0.0,0.4730096477087642,0.0,0.0,-0.00025261974703264125,0.0
27.974999999999998,malecns_connected,0.0,0.4730075425442056,0.0,0.0,-0.00025261974703264125,0.0
27.983333333333334,malecns_connected,0.0,0.47300543737964695,0.0,0.0,-0.00025261974703264125,0.0
27.991666666666667,malecns_connected,0.0,0.47300333221508833,0.0,0.0,-0.00025261974703264125,0.0
28.0,malecns_connected,0.0,0.4730012270505297,0.0,0.0,-0.00025261974703264125,0.0
28.008333333333333,malecns_connected,0.0,0.4729991218859711,0.0,0.0,-0.00025261974703264125,0.0
28.016666666666666,malecns_connected,0.0,0.4729970167214125,0.0,0.0,-0.00025261974703264125,0.0
28.025,malecns_connected,0.0,0.47299491155685386,0.0,0.0,-0.00025261974703264125,0.0
28.03333333333333,malecns_connected,0.0,0.47299280639229524,0.0,0.0,-0.00025261974703264125,0.0
28.041666666666668,malecns_connected,0.0,0.4729907012277366,0.0,0.0,-0.00025261974703264125,0.0
28.05,malecns_connected,0.0,0.472988596063178,0.0,0.0,-0.00025261974703264125,0.0
28.058333333333334,malecns_connected,0.0,0.4729864908986194,0.0,0.0,-0.00025261974703264125,0.0
28.066666666666666,malecns_connected,0.0,0.47298438573406076,0.0,0.0,-0.00025261974703264125,0.0
28.075,malecns_connected,0.0,0.47298228056950214,0.0,0.0,-0.00025261974703264125,0.0
28.083333333333332,malecns_connected,0.0,0.4729801754049435,0.0,0.0,-0.00025261974703264125,0.0
28.091666666666665,malecns_connected,0.0,0.4729780702403849,0.0,0.0,-0.00025261974703264125,0.0
28.099999999999998,malecns_connected,0.0,0.4729759650758263,0.0,0.0,-0.00025261974703264125,0.0
28.108333333333334,malecns_connected,0.0,0.47297385991126767,0.0,0.0,-0.00025261974703264125,0.0
28.116666666666667,malecns_connected,0.0,0.47297175474670905,0.0,0.0,-0.00025261974703264125,0.0
28.125,malecns_connected,0.0,0.47296964958215043,0.0,0.0,-0.00025261974703264125,0.0
28.133333333333333,malecns_connected,0.0,0.4729675444175918,0.0,0.0,-0.00025261974703264125,0.0
28.141666666666666,malecns_connected,0.0,0.4729654392530332,0.0,0.0,-0.00025261974703264125,0.0
28.15,malecns_connected,0.0,0.4729633340884746,0.0,0.0,-0.00025261974703264125,0.0
28.15833333333333,malecns_connected,0.0,0.47296122892391596,0.0,0.0,-0.00025261974703264125,0.0
28.166666666666668,malecns_connected,0.0,0.47295912375935734,0.0,0.0,-0.00025261974703264125,0.0
28.175,malecns_connected,0.0,0.4729570185947987,0.0,0.0,-0.00025261974703264125,0.0
28.183333333333334,malecns_connected,0.0,0.4729549134302401,0.0,0.0,-0.00025261974703264125,0.0
28.191666666666666,malecns_connected,0.0,0.4729528082656815,0.0,0.0,-0.00025261974703264125,0.0
28.2,malecns_connected,0.0,0.47295070310112286,0.0,0.0,-0.00025261974703264125,0.0
28.208333333333332,malecns_connected,0.0,0.47294859793656424,0.0,0.0,-0.00025261974703264125,0.0
28.216666666666665,malecns_connected,0.0,0.4729464927720056,0.0,0.0,-0.00025261974703264125,0.0
28.224999999999998,malecns_connected,0.0,0.472944387607447,0.0,0.0,-0.00025261974703264125,0.0
28.233333333333334,malecns_connected,0.0,0.4729422824428884,0.0,0.0,-0.00025261974703264125,0.0
28.241666666666667,malecns_connected,0.0,0.47294017727832977,0.0,0.0,-0.00025261974703264125,0.0
28.25,malecns_connected,0.0,0.47293807211377115,0.0,0.0,-0.00025261974703264125,0.0
28.258333333333333,malecns_connected,0.0,0.4729359669492125,0.0,0.0,-0.00025261974703264125,0.0
28.266666666666666,malecns_connected,0.0,0.4729338617846539,0.0,0.0,-0.00025261974703264125,0.0
28.275,malecns_connected,0.0,0.4729317566200953,0.0,0.0,-0.00025261974703264125,0.0
28.28333333333333,malecns_connected,0.0,0.47292965145553667,0.0,0.0,-0.00025261974703264125,0.0
28.291666666666668,malecns_connected,0.0,0.47292754629097805,0.0,0.0,-0.00025261974703264125,0.0
28.3,malecns_connected,0.0,0.47292544112641943,0.0,0.0,-0.00025261974703264125,0.0
28.308333333333334,malecns_connected,0.0,0.4729233359618608,0.0,0.0,-0.00025261974703264125,0.0
28.316666666666666,malecns_connected,0.0,0.4729212307973022,0.0,0.0,-0.00025261974703264125,0.0
28.325,malecns_connected,0.0,0.4729191256327436,0.0,0.0,-0.00025261974703264125,0.0
28.333333333333332,malecns_connected,0.0,0.47291702046818496,0.0,0.0,-0.00025261974703264125,0.0
28.341666666666665,malecns_connected,0.0,0.47291491530362634,0.0,0.0,-0.00025261974703264125,0.0
28.349999999999998,malecns_connected,0.0,0.4729128101390677,0.0,0.0,-0.00025261974703264125,0.0
28.358333333333334,malecns_connected,0.0,0.4729107049745091,0.0,0.0,-0.00025261974703264125,0.0
28.366666666666667,malecns_connected,0.0,0.4729085998099505,0.0,0.0,-0.00025261974703264125,0.0
28.375,malecns_connected,0.0,0.47290649464539186,0.0,0.0,-0.00025261974703264125,0.0
28.383333333333333,malecns_connected,0.0,0.47290438948083324,0.0,0.0,-0.00025261974703264125,0.0
28.391666666666666,malecns_connected,0.0,0.4729022843162746,0.0,0.0,-0.00025261974703264125,0.0
28.4,malecns_connected,0.0,0.472900179151716,0.0,0.0,-0.00025261974703264125,0.0
28.40833333333333,malecns_connected,0.0,0.4728980739871574,0.0,0.0,-0.00025261974703264125,0.0
28.416666666666668,malecns_connected,0.0,0.47289596882259877,0.0,0.0,-0.00025261974703264125,0.0
28.425,malecns_connected,0.0,0.47289386365804015,0.0,0.0,-0.00025261974703264125,0.0
28.433333333333334,malecns_connected,0.0,0.47289175849348153,0.0,0.0,-0.00025261974703264125,0.0
28.441666666666666,malecns_connected,0.0,0.4728896533289229,0.0,0.0,-0.00025261974703264125,0.0
28.45,malecns_connected,0.0,0.4728875481643643,0.0,0.0,-0.00025261974703264125,0.0
28.458333333333332,malecns_connected,0.0,0.47288544299980567,0.0,0.0,-0.00025261974703264125,0.0
28.466666666666665,malecns_connected,0.0,0.47288333783524705,0.0,0.0,-0.00025261974703264125,0.0
28.474999999999998,malecns_connected,0.0,0.47288123267068843,0.0,0.0,-0.00025261974703264125,0.0
28.483333333333334,malecns_connected,0.0,0.4728791275061298,0.0,0.0,-0.00025261974703264125,0.0
28.491666666666667,malecns_connected,0.0,0.4728770223415712,0.0,0.0,-0.00025261974703264125,0.0
28.5,malecns_connected,0.0,0.4728749171770126,0.0,0.0,-0.00025261974703264125,0.0
28.508333333333333,malecns_connected,0.0,0.47287281201245396,0.0,0.0,-0.00025261974703264125,0.0
28.516666666666666,malecns_connected,0.0,0.47287070684789534,0.0,0.0,-0.00025261974703264125,0.0
28.525,malecns_connected,0.0,0.4728686016833367,0.0,0.0,-0.00025261974703264125,0.0
28.53333333333333,malecns_connected,0.0,0.4728664965187781,0.0,0.0,-0.00025261974703264125,0.0
28.541666666666668,malecns_connected,0.0,0.4728643913542195,0.0,0.0,-0.00025261974703264125,0.0
28.55,malecns_connected,0.0,0.47286228618966086,0.0,0.0,-0.00025261974703264125,0.0
28.558333333333334,malecns_connected,0.0,0.47286018102510224,0.0,0.0,-0.00025261974703264125,0.0
28.566666666666666,malecns_connected,0.0,0.4728580758605436,0.0,0.0,-0.00025261974703264125,0.0
28.575,malecns_connected,0.0,0.472855970695985,0.0,0.0,-0.00025261974703264125,0.0
28.583333333333332,malecns_connected,0.0,0.4728538655314264,0.0,0.0,-0.00025261974703264125,0.0
28.591666666666665,malecns_connected,0.0,0.47285176036686777,0.0,0.0,-0.00025261974703264125,0.0
28.599999999999998,malecns_connected,0.0,0.47284965520230915,0.0,0.0,-0.00025261974703264125,0.0
28.608333333333334,malecns_connected,0.0,0.47284755003775053,0.0,0.0,-0.00025261974703264125,0.0
28.616666666666667,malecns_connected,0.0,0.4728454448731919,0.0,0.0,-0.00025261974703264125,0.0
28.625,malecns_connected,0.0,0.4728433397086333,0.0,0.0,-0.00025261974703264125,0.0
28.633333333333333,malecns_connected,0.0,0.4728412345440747,0.0,0.0,-0.00025261974703264125,0.0
28.641666666666666,malecns_connected,0.0,0.47283912937951605,0.0,0.0,-0.00025261974703264125,0.0
28.65,malecns_connected,0.0,0.47283702421495744,0.0,0.0,-0.00025261974703264125,0.0
28.65833333333333,malecns_connected,0.0,0.4728349190503988,0.0,0.0,-0.00025261974703264125,0.0
28.666666666666668,malecns_connected,0.0,0.4728328138858402,0.0,0.0,-0.00025261974703264125,0.0
28.675,malecns_connected,0.0,0.4728307087212816,0.0,0.0,-0.00025261974703264125,0.0
28.683333333333334,malecns_connected,0.0,0.47282860355672296,0.0,0.0,-0.00025261974703264125,0.0
28.691666666666666,malecns_connected,0.0,0.47282649839216434,0.0,0.0,-0.00025261974703264125,0.0
28.7,malecns_connected,0.0,0.4728243932276057,0.0,0.0,-0.00025261974703264125,0.0
28.708333333333332,malecns_connected,0.0,0.4728222880630471,0.0,0.0,-0.00025261974703264125,0.0
28.716666666666665,malecns_connected,0.0,0.4728201828984885,0.0,0.0,-0.00025261974703264125,0.0
28.724999999999998,malecns_connected,0.0,0.47281807773392986,0.0,0.0,-0.00025261974703264125,0.0
28.733333333333334,malecns_connected,0.0,0.47281597256937125,0.0,0.0,-0.00025261974703264125,0.0
28.741666666666667,malecns_connected,0.0,0.4728138674048126,0.0,0.0,-0.00025261974703264125,0.0
28.75,malecns_connected,0.0,0.472811762240254,0.0,0.0,-0.00025261974703264125,0.0
28.758333333333333,malecns_connected,0.0,0.4728096570756954,0.0,0.0,-0.00025261974703264125,0.0
28.766666666666666,malecns_connected,0.0,0.47280755191113677,0.0,0.0,-0.00025261974703264125,0.0
28.775,malecns_connected,0.0,0.47280544674657815,0.0,0.0,-0.00025261974703264125,0.0
28.78333333333333,malecns_connected,0.0,0.47280334158201953,0.0,0.0,-0.00025261974703264125,0.0
28.791666666666668,malecns_connected,0.0,0.4728012364174609,0.0,0.0,-0.00025261974703264125,0.0
28.8,malecns_connected,0.0,0.4727991312529023,0.0,0.0,-0.00025261974703264125,0.0
28.808333333333334,malecns_connected,0.0,0.4727970260883437,0.0,0.0,-0.00025261974703264125,0.0
28.816666666666666,malecns_connected,0.0,0.47279492092378506,0.0,0.0,-0.00025261974703264125,0.0
28.825,malecns_connected,0.0,0.47279281575922644,0.0,0.0,-0.00025261974703264125,0.0
28.833333333333332,malecns_connected,0.0,0.4727907105946678,0.0,0.0,-0.00025261974703264125,0.0
28.841666666666665,malecns_connected,0.0,0.4727886054301092,0.0,0.0,-0.00025261974703264125,0.0
28.849999999999998,malecns_connected,0.0,0.4727865002655506,0.0,0.0,-0.00025261974703264125,0.0
28.858333333333334,malecns_connected,0.0,0.47278439510099196,0.0,0.0,-0.00025261974703264125,0.0
28.866666666666667,malecns_connected,0.0,0.47278228993643334,0.0,0.0,-0.00025261974703264125,0.0
28.875,malecns_connected,0.0,0.4727801847718747,0.0,0.0,-0.00025261974703264125,0.0
28.883333333333333,malecns_connected,0.0,0.4727780796073161,0.0,0.0,-0.00025261974703264125,0.0
28.891666666666666,malecns_connected,0.0,0.4727759744427575,0.0,0.0,-0.00025261974703264125,0.0
28.9,malecns_connected,0.0,0.47277386927819887,0.0,0.0,-0.00025261974703264125,0.0
28.90833333333333,malecns_connected,0.0,0.47277176411364025,0.0,0.0,-0.00025261974703264125,0.0
28.916666666666668,malecns_connected,0.0,0.47276965894908163,0.0,0.0,-0.00025261974703264125,0.0
28.925,malecns_connected,0.0,0.472767553784523,0.0,0.0,-0.00025261974703264125,0.0
28.933333333333334,malecns_connected,0.0,0.4727654486199644,0.0,0.0,-0.00025261974703264125,0.0
28.941666666666666,malecns_connected,0.0,0.47276334345540577,0.0,0.0,-0.00025261974703264125,0.0
28.95,malecns_connected,0.0,0.47276123829084715,0.0,0.0,-0.00025261974703264125,0.0
28.958333333333332,malecns_connected,0.0,0.47275913312628853,0.0,0.0,-0.00025261974703264125,0.0
28.966666666666665,malecns_connected,0.0,0.4727570279617299,0.0,0.0,-0.00025261974703264125,0.0
28.974999999999998,malecns_connected,0.0,0.4727549227971713,0.0,0.0,-0.00025261974703264125,0.0
28.983333333333334,malecns_connected,0.0,0.4727528176326127,0.0,0.0,-0.00025261974703264125,0.0
28.991666666666667,malecns_connected,0.0,0.47275071246805406,0.0,0.0,-0.00025261974703264125,0.0
29.0,malecns_connected,0.0,0.47274860730349544,0.0,0.0,-0.00025261974703264125,0.0
29.008333333333333,malecns_connected,0.0,0.4727465021389368,0.0,0.0,-0.00025261974703264125,0.0
29.016666666666666,malecns_connected,0.0,0.4727443969743782,0.0,0.0,-0.00025261974703264125,0.0
29.025,malecns_connected,0.0,0.4727422918098196,0.0,0.0,-0.00025261974703264125,0.0
29.03333333333333,malecns_connected,0.0,0.47274018664526096,0.0,0.0,-0.00025261974703264125,0.0
29.041666666666668,malecns_connected,0.0,0.47273808148070234,0.0,0.0,-0.00025261974703264125,0.0
29.05,malecns_connected,0.0,0.4727359763161437,0.0,0.0,-0.00025261974703264125,0.0
29.058333333333334,malecns_connected,0.0,0.4727338711515851,0.0,0.0,-0.00025261974703264125,0.0
29.066666666666666,malecns_connected,0.0,0.4727317659870265,0.0,0.0,-0.00025261974703264125,0.0
29.075,malecns_connected,0.0,0.47272966082246787,0.0,0.0,-0.00025261974703264125,0.0
29.083333333333332,malecns_connected,0.0,0.47272755565790925,0.0,0.0,-0.00025261974703264125,0.0
29.091666666666665,malecns_connected,0.0,0.47272545049335063,0.0,0.0,-0.00025261974703264125,0.0
29.099999999999998,malecns_connected,0.0,0.472723345328792,0.0,0.0,-0.00025261974703264125,0.0
29.108333333333334,malecns_connected,0.0,0.4727212401642334,0.0,0.0,-0.00025261974703264125,0.0
29.116666666666667,malecns_connected,0.0,0.4727191349996748,0.0,0.0,-0.00025261974703264125,0.0
29.125,malecns_connected,0.0,0.47271702983511615,0.0,0.0,-0.00025261974703264125,0.0
29.133333333333333,malecns_connected,0.0,0.47271492467055753,0.0,0.0,-0.00025261974703264125,0.0
29.141666666666666,malecns_connected,0.0,0.4727128195059989,0.0,0.0,-0.00025261974703264125,0.0
29.15,malecns_connected,0.0,0.4727107143414403,0.0,0.0,-0.00025261974703264125,0.0
29.15833333333333,malecns_connected,0.0,0.4727086091768817,0.0,0.0,-0.00025261974703264125,0.0
29.166666666666668,malecns_connected,0.0,0.47270650401232306,0.0,0.0,-0.00025261974703264125,0.0
29.175,malecns_connected,0.0,0.47270439884776444,0.0,0.0,-0.00025261974703264125,0.0
29.183333333333334,malecns_connected,0.0,0.4727022936832058,0.0,0.0,-0.00025261974703264125,0.0
29.191666666666666,malecns_connected,0.0,0.4727001885186472,0.0,0.0,-0.00025261974703264125,0.0
29.2,malecns_connected,0.0,0.4726980833540886,0.0,0.0,-0.00025261974703264125,0.0
29.208333333333332,malecns_connected,0.0,0.47269597818952996,0.0,0.0,-0.00025261974703264125,0.0
29.216666666666665,malecns_connected,0.0,0.47269387302497134,0.0,0.0,-0.00025261974703264125,0.0
29.224999999999998,malecns_connected,0.0,0.4726917678604127,0.0,0.0,-0.00025261974703264125,0.0
29.233333333333334,malecns_connected,0.0,0.4726896626958541,0.0,0.0,-0.00025261974703264125,0.0
29.241666666666667,malecns_connected,0.0,0.4726875575312955,0.0,0.0,-0.00025261974703264125,0.0
29.25,malecns_connected,0.0,0.47268545236673687,0.0,0.0,-0.00025261974703264125,0.0
29.258333333333333,malecns_connected,0.0,0.47268334720217825,0.0,0.0,-0.00025261974703264125,0.0
29.266666666666666,malecns_connected,0.0,0.47268124203761963,0.0,0.0,-0.00025261974703264125,0.0
29.275,malecns_connected,0.0,0.472679136873061,0.0,0.0,-0.00025261974703264125,0.0
29.28333333333333,malecns_connected,0.0,0.4726770317085024,0.0,0.0,-0.00025261974703264125,0.0
29.291666666666668,malecns_connected,0.0,0.4726749265439438,0.0,0.0,-0.00025261974703264125,0.0
29.3,malecns_connected,0.0,0.47267282137938516,0.0,0.0,-0.00025261974703264125,0.0
29.308333333333334,malecns_connected,0.0,0.47267071621482654,0.0,0.0,-0.00025261974703264125,0.0
29.316666666666666,malecns_connected,0.0,0.4726686110502679,0.0,0.0,-0.00025261974703264125,0.0
29.325,malecns_connected,0.0,0.4726665058857093,0.0,0.0,-0.00025261974703264125,0.0
29.333333333333332,malecns_connected,0.0,0.4726644007211507,0.0,0.0,-0.00025261974703264125,0.0
29.341666666666665,malecns_connected,0.0,0.47266229555659206,0.0,0.0,-0.00025261974703264125,0.0
29.349999999999998,malecns_connected,0.0,0.47266019039203344,0.0,0.0,-0.00025261974703264125,0.0
29.358333333333334,malecns_connected,0.0,0.4726580852274748,0.0,0.0,-0.00025261974703264125,0.0
29.366666666666667,malecns_connected,0.0,0.4726559800629162,0.0,0.0,-0.00025261974703264125,0.0
29.375,malecns_connected,0.0,0.4726538748983576,0.0,0.0,-0.00025261974703264125,0.0
29.383333333333333,malecns_connected,0.0,0.47265176973379897,0.0,0.0,-0.00025261974703264125,0.0
29.391666666666666,malecns_connected,0.0,0.47264966456924035,0.0,0.0,-0.00025261974703264125,0.0
29.4,malecns_connected,0.0,0.4726475594046817,0.0,0.0,-0.00025261974703264125,0.0
29.40833333333333,malecns_connected,0.0,0.4726454542401231,0.0,0.0,-0.00025261974703264125,0.0
29.416666666666668,malecns_connected,0.0,0.4726433490755645,0.0,0.0,-0.00025261974703264125,0.0
29.425,malecns_connected,0.0,0.47264124391100587,0.0,0.0,-0.00025261974703264125,0.0
29.433333333333334,malecns_connected,0.0,0.47263913874644725,0.0,0.0,-0.00025261974703264125,0.0
29.441666666666666,malecns_connected,0.0,0.47263703358188863,0.0,0.0,-0.00025261974703264125,0.0
29.45,malecns_connected,0.0,0.47263492841733,0.0,0.0,-0.00025261974703264125,0.0
29.458333333333332,malecns_connected,0.0,0.4726328232527714,0.0,0.0,-0.00025261974703264125,0.0
29.466666666666665,malecns_connected,0.0,0.4726307180882128,0.0,0.0,-0.00025261974703264125,0.0
29.474999999999998,malecns_connected,0.0,0.47262861292365416,0.0,0.0,-0.00025261974703264125,0.0
29.483333333333334,malecns_connected,0.0,0.47262650775909554,0.0,0.0,-0.00025261974703264125,0.0
29.491666666666667,malecns_connected,0.0,0.4726244025945369,0.0,0.0,-0.00025261974703264125,0.0
29.5,malecns_connected,0.0,0.4726222974299783,0.0,0.0,-0.00025261974703264125,0.0
29.508333333333333,malecns_connected,0.0,0.4726201922654197,0.0,0.0,-0.00025261974703264125,0.0
29.516666666666666,malecns_connected,0.0,0.47261808710086106,0.0,0.0,-0.00025261974703264125,0.0
29.525,malecns_connected,0.0,0.47261598193630244,0.0,0.0,-0.00025261974703264125,0.0
29.53333333333333,malecns_connected,0.0,0.4726138767717438,0.0,0.0,-0.00025261974703264125,0.0
29.541666666666668,malecns_connected,0.0,0.4726117716071852,0.0,0.0,-0.00025261974703264125,0.0
29.55,malecns_connected,0.0,0.4726096664426266,0.0,0.0,-0.00025261974703264125,0.0
29.558333333333334,malecns_connected,0.0,0.47260756127806797,0.0,0.0,-0.00025261974703264125,0.0
29.566666666666666,malecns_connected,0.0,0.47260545611350935,0.0,0.0,-0.00025261974703264125,0.0
29.575,malecns_connected,0.0,0.47260335094895073,0.0,0.0,-0.00025261974703264125,0.0
29.583333333333332,malecns_connected,0.0,0.4726012457843921,0.0,0.0,-0.00025261974703264125,0.0
29.591666666666665,malecns_connected,0.0,0.4725991406198335,0.0,0.0,-0.00025261974703264125,0.0
29.599999999999998,malecns_connected,0.0,0.47259703545527487,0.0,0.0,-0.00025261974703264125,0.0
29.608333333333334,malecns_connected,0.0,0.47259493029071625,0.0,0.0,-0.00025261974703264125,0.0
29.616666666666667,malecns_connected,0.0,0.47259282512615763,0.0,0.0,-0.00025261974703264125,0.0
29.625,malecns_connected,0.0,0.472590719961599,0.0,0.0,-0.00025261974703264125,0.0
29.633333333333333,malecns_connected,0.0,0.4725886147970404,0.0,0.0,-0.00025261974703264125,0.0
29.641666666666666,malecns_connected,0.0,0.4725865096324818,0.0,0.0,-0.00025261974703264125,0.0
29.65,malecns_connected,0.0,0.47258440446792316,0.0,0.0,-0.00025261974703264125,0.0
29.65833333333333,malecns_connected,0.0,0.47258229930336454,0.0,0.0,-0.00025261974703264125,0.0
29.666666666666668,malecns_connected,0.0,0.4725801941388059,0.0,0.0,-0.00025261974703264125,0.0
29.675,malecns_connected,0.0,0.4725780889742473,0.0,0.0,-0.00025261974703264125,0.0
29.683333333333334,malecns_connected,0.0,0.4725759838096887,0.0,0.0,-0.00025261974703264125,0.0
29.691666666666666,malecns_connected,0.0,0.47257387864513006,0.0,0.0,-0.00025261974703264125,0.0
29.7,malecns_connected,0.0,0.47257177348057144,0.0,0.0,-0.00025261974703264125,0.0
29.708333333333332,malecns_connected,0.0,0.4725696683160128,0.0,0.0,-0.00025261974703264125,0.0
29.716666666666665,malecns_connected,0.0,0.4725675631514542,0.0,0.0,-0.00025261974703264125,0.0
29.724999999999998,malecns_connected,0.0,0.4725654579868956,0.0,0.0,-0.00025261974703264125,0.0
29.733333333333334,malecns_connected,0.0,0.47256335282233697,0.0,0.0,-0.00025261974703264125,0.0
29.741666666666667,malecns_connected,0.0,0.47256124765777835,0.0,0.0,-0.00025261974703264125,0.0
29.75,malecns_connected,0.0,0.47255914249321973,0.0,0.0,-0.00025261974703264125,0.0
29.758333333333333,malecns_connected,0.0,0.4725570373286611,0.0,0.0,-0.00025261974703264125,0.0
29.766666666666666,malecns_connected,0.0,0.4725549321641025,0.0,0.0,-0.00025261974703264125,0.0
29.775,malecns_connected,0.0,0.4725528269995439,0.0,0.0,-0.00025261974703264125,0.0
29.78333333333333,malecns_connected,0.0,0.47255072183498525,0.0,0.0,-0.00025261974703264125,0.0
29.791666666666668,malecns_connected,0.0,0.47254861667042664,0.0,0.0,-0.00025261974703264125,0.0
29.8,malecns_connected,0.0,0.472546511505868,0.0,0.0,-0.00025261974703264125,0.0
29.808333333333334,malecns_connected,0.0,0.4725444063413094,0.0,0.0,-0.00025261974703264125,0.0
29.816666666666666,malecns_connected,0.0,0.4725423011767508,0.0,0.0,-0.00025261974703264125,0.0
29.825,malecns_connected,0.0,0.47254019601219216,0.0,0.0,-0.00025261974703264125,0.0
29.833333333333332,malecns_connected,0.0,0.47253809084763354,0.0,0.0,-0.00025261974703264125,0.0
29.841666666666665,malecns_connected,0.0,0.4725359856830749,0.0,0.0,-0.00025261974703264125,0.0
29.849999999999998,malecns_connected,0.0,0.4725338805185163,0.0,0.0,-0.00025261974703264125,0.0
29.858333333333334,malecns_connected,0.0,0.4725317753539577,0.0,0.0,-0.00025261974703264125,0.0
29.866666666666667,malecns_connected,0.0,0.47252967018939906,0.0,0.0,-0.00025261974703264125,0.0
29.875,malecns_connected,0.0,0.47252756502484045,0.0,0.0,-0.00025261974703264125,0.0
29.883333333333333,malecns_connected,0.0,0.4725254598602818,0.0,0.0,-0.00025261974703264125,0.0
29.891666666666666,malecns_connected,0.0,0.4725233546957232,0.0,0.0,-0.00025261974703264125,0.0
29.9,malecns_connected,0.0,0.4725212495311646,0.0,0.0,-0.00025261974703264125,0.0
29.90833333333333,malecns_connected,0.0,0.47251914436660597,0.0,0.0,-0.00025261974703264125,0.0
29.916666666666668,malecns_connected,0.0,0.47251703920204735,0.0,0.0,-0.00025261974703264125,0.0
29.925,malecns_connected,0.0,0.47251493403748873,0.0,0.0,-0.00025261974703264125,0.0
29.933333333333334,malecns_connected,0.0,0.4725128288729301,0.0,0.0,-0.00025261974703264125,0.0
29.941666666666666,malecns_connected,0.0,0.4725107237083715,0.0,0.0,-0.00025261974703264125,0.0
29.95,malecns_connected,0.0,0.4725086185438129,0.0,0.0,-0.00025261974703264125,0.0
29.958333333333332,malecns_connected,0.0,0.47250651337925426,0.0,0.0,-0.00025261974703264125,0.0
29.966666666666665,malecns_connected,0.0,0.47250440821469564,0.0,0.0,-0.00025261974703264125,0.0
29.974999999999998,malecns_connected,0.0,0.472502303050137,0.0,0.0,-0.00025261974703264125,0.0
29.983333333333334,malecns_connected,0.0,0.4725001978855784,0.0,0.0,-0.00025261974703264125,0.0
29.991666666666667,malecns_connected,0.0,0.4724980927210198,0.0,0.0,-0.00025261974703264125,0.0
30.0,malecns_connected,0.0,0.47249598755646116,0.0,0.0,-0.00025261974703264125,0.0
30.008333333333333,malecns_connected,0.0,0.47249388239190254,0.0,0.0,-0.00025261974703264125,0.0
30.016666666666666,malecns_connected,0.0,0.4724917772273439,0.0,0.0,-0.00025261974703264125,0.0
30.025,malecns_connected,0.0,0.4724896720627853,0.0,0.0,-0.00025261974703264125,0.0
30.03333333333333,malecns_connected,0.0,0.4724875668982267,0.0,0.0,-0.00025261974703264125,0.0
30.041666666666668,malecns_connected,0.0,0.47248546173366807,0.0,0.0,-0.00025261974703264125,0.0
30.05,malecns_connected,0.0,0.47248335656910945,0.0,0.0,-0.00025261974703264125,0.0
30.058333333333334,malecns_connected,0.0,0.47248125140455083,0.0,0.0,-0.00025261974703264125,0.0
30.066666666666666,malecns_connected,0.0,0.4724791462399922,0.0,0.0,-0.00025261974703264125,0.0
30.075,malecns_connected,0.0,0.4724770410754336,0.0,0.0,-0.00025261974703264125,0.0
30.083333333333332,malecns_connected,0.0,0.47247493591087497,0.0,0.0,-0.00025261974703264125,0.0
30.091666666666665,malecns_connected,0.0,0.47247283074631635,0.0,0.0,-0.00025261974703264125,0.0
30.099999999999998,malecns_connected,0.0,0.47247072558175773,0.0,0.0,-0.00025261974703264125,0.0
30.108333333333334,malecns_connected,0.0,0.4724686204171991,0.0,0.0,-0.00025261974703264125,0.0
30.116666666666667,malecns_connected,0.0,0.4724665152526405,0.0,0.0,-0.00025261974703264125,0.0
30.125,malecns_connected,0.0,0.4724644100880819,0.0,0.0,-0.00025261974703264125,0.0
30.133333333333333,malecns_connected,0.0,0.47246230492352326,0.0,0.0,-0.00025261974703264125,0.0
30.141666666666666,malecns_connected,0.0,0.47246019975896464,0.0,0.0,-0.00025261974703264125,0.0
30.15,malecns_connected,0.0,0.472458094594406,0.0,0.0,-0.00025261974703264125,0.0
30.15833333333333,malecns_connected,0.0,0.4724559894298474,0.0,0.0,-0.00025261974703264125,0.0
30.166666666666668,malecns_connected,0.0,0.4724538842652888,0.0,0.0,-0.00025261974703264125,0.0
30.175,malecns_connected,0.0,0.47245177910073016,0.0,0.0,-0.00025261974703264125,0.0
30.183333333333334,malecns_connected,0.0,0.47244967393617154,0.0,0.0,-0.00025261974703264125,0.0
30.191666666666666,malecns_connected,0.0,0.4724475687716129,0.0,0.0,-0.00025261974703264125,0.0
30.2,malecns_connected,0.0,0.4724454636070543,0.0,0.0,-0.00025261974703264125,0.0
30.208333333333332,malecns_connected,0.0,0.4724433584424957,0.0,0.0,-0.00025261974703264125,0.0
30.216666666666665,malecns_connected,0.0,0.47244125327793707,0.0,0.0,-0.00025261974703264125,0.0
30.224999999999998,malecns_connected,0.0,0.47243914811337845,0.0,0.0,-0.00025261974703264125,0.0
30.233333333333334,malecns_connected,0.0,0.47243704294881983,0.0,0.0,-0.00025261974703264125,0.0
30.241666666666667,malecns_connected,0.0,0.4724349377842612,0.0,0.0,-0.00025261974703264125,0.0
30.25,malecns_connected,0.0,0.4724328326197026,0.0,0.0,-0.00025261974703264125,0.0
30.258333333333333,malecns_connected,0.0,0.472430727455144,0.0,0.0,-0.00025261974703264125,0.0
30.266666666666666,malecns_connected,0.0,0.47242862229058535,0.0,0.0,-0.00025261974703264125,0.0
30.275,malecns_connected,0.0,0.47242651712602673,0.0,0.0,-0.00025261974703264125,0.0
30.28333333333333,malecns_connected,0.0,0.4724244119614681,0.0,0.0,-0.00025261974703264125,0.0
30.291666666666668,malecns_connected,0.0,0.4724223067969095,0.0,0.0,-0.00025261974703264125,0.0
30.3,malecns_connected,0.0,0.4724202016323509,0.0,0.0,-0.00025261974703264125,0.0
30.308333333333334,malecns_connected,0.0,0.47241809646779226,0.0,0.0,-0.00025261974703264125,0.0
30.316666666666666,malecns_connected,0.0,0.47241599130323364,0.0,0.0,-0.00025261974703264125,0.0
30.325,malecns_connected,0.0,0.472413886138675,0.0,0.0,-0.00025261974703264125,0.0
30.333333333333332,malecns_connected,0.0,0.4724117809741164,0.0,0.0,-0.00025261974703264125,0.0
30.341666666666665,malecns_connected,0.0,0.4724096758095578,0.0,0.0,-0.00025261974703264125,0.0
30.349999999999998,malecns_connected,0.0,0.47240757064499916,0.0,0.0,-0.00025261974703264125,0.0
30.358333333333334,malecns_connected,0.0,0.47240546548044055,0.0,0.0,-0.00025261974703264125,0.0
30.366666666666667,malecns_connected,0.0,0.4724033603158819,0.0,0.0,-0.00025261974703264125,0.0
30.375,malecns_connected,0.0,0.4724012551513233,0.0,0.0,-0.00025261974703264125,0.0
30.383333333333333,malecns_connected,0.0,0.4723991499867647,0.0,0.0,-0.00025261974703264125,0.0
30.391666666666666,malecns_connected,0.0,0.47239704482220607,0.0,0.0,-0.00025261974703264125,0.0
30.4,malecns_connected,0.0,0.47239493965764745,0.0,0.0,-0.00025261974703264125,0.0
30.40833333333333,malecns_connected,0.0,0.47239283449308883,0.0,0.0,-0.00025261974703264125,0.0
30.416666666666668,malecns_connected,0.0,0.4723907293285302,0.0,0.0,-0.00025261974703264125,0.0
30.425,malecns_connected,0.0,0.4723886241639716,0.0,0.0,-0.00025261974703264125,0.0
30.433333333333334,malecns_connected,0.0,0.472386518999413,0.0,0.0,-0.00025261974703264125,0.0
30.441666666666666,malecns_connected,0.0,0.47238441383485436,0.0,0.0,-0.00025261974703264125,0.0
30.45,malecns_connected,0.0,0.47238230867029574,0.0,0.0,-0.00025261974703264125,0.0
30.458333333333332,malecns_connected,0.0,0.4723802035057371,0.0,0.0,-0.00025261974703264125,0.0
30.466666666666665,malecns_connected,0.0,0.4723780983411785,0.0,0.0,-0.00025261974703264125,0.0
30.474999999999998,malecns_connected,0.0,0.4723759931766199,0.0,0.0,-0.00025261974703264125,0.0
30.483333333333334,malecns_connected,0.0,0.47237388801206126,0.0,0.0,-0.00025261974703264125,0.0
30.491666666666667,malecns_connected,0.0,0.47237178284750264,0.0,0.0,-0.00025261974703264125,0.0
30.5,malecns_connected,0.0,0.472369677682944,0.0,0.0,-0.00025261974703264125,0.0
30.508333333333333,malecns_connected,0.0,0.4723675725183854,0.0,0.0,-0.00025261974703264125,0.0
30.516666666666666,malecns_connected,0.0,0.4723654673538268,0.0,0.0,-0.00025261974703264125,0.0
30.525,malecns_connected,0.0,0.47236336218926817,0.0,0.0,-0.00025261974703264125,0.0
30.53333333333333,malecns_connected,0.0,0.47236125702470955,0.0,0.0,-0.00025261974703264125,0.0
30.541666666666668,malecns_connected,0.0,0.4723591518601509,0.0,0.0,-0.00025261974703264125,0.0
30.55,malecns_connected,0.0,0.4723570466955923,0.0,0.0,-0.00025261974703264125,0.0
30.558333333333334,malecns_connected,0.0,0.4723549415310337,0.0,0.0,-0.00025261974703264125,0.0
30.566666666666666,malecns_connected,0.0,0.47235283636647507,0.0,0.0,-0.00025261974703264125,0.0
30.575,malecns_connected,0.0,0.47235073120191645,0.0,0.0,-0.00025261974703264125,0.0
30.583333333333332,malecns_connected,0.0,0.47234862603735783,0.0,0.0,-0.00025261974703264125,0.0
30.591666666666665,malecns_connected,0.0,0.4723465208727992,0.0,0.0,-0.00025261974703264125,0.0
30.599999999999998,malecns_connected,0.0,0.4723444157082406,0.0,0.0,-0.00025261974703264125,0.0
30.608333333333334,malecns_connected,0.0,0.472342310543682,0.0,0.0,-0.00025261974703264125,0.0
30.616666666666667,malecns_connected,0.0,0.47234020537912336,0.0,0.0,-0.00025261974703264125,0.0
30.625,malecns_connected,0.0,0.47233810021456474,0.0,0.0,-0.00025261974703264125,0.0
30.633333333333333,malecns_connected,0.0,0.4723359950500061,0.0,0.0,-0.00025261974703264125,0.0
30.641666666666666,malecns_connected,0.0,0.4723338898854475,0.0,0.0,-0.00025261974703264125,0.0
30.65,malecns_connected,0.0,0.4723317847208889,0.0,0.0,-0.00025261974703264125,0.0
30.65833333333333,malecns_connected,0.0,0.47232967955633026,0.0,0.0,-0.00025261974703264125,0.0
30.666666666666668,malecns_connected,0.0,0.47232757439177164,0.0,0.0,-0.00025261974703264125,0.0
30.675,malecns_connected,0.0,0.472325469227213,0.0,0.0,-0.00025261974703264125,0.0
30.683333333333334,malecns_connected,0.0,0.4723233640626544,0.0,0.0,-0.00025261974703264125,0.0
30.691666666666666,malecns_connected,0.0,0.4723212588980958,0.0,0.0,-0.00025261974703264125,0.0
30.7,malecns_connected,0.0,0.47231915373353717,0.0,0.0,-0.00025261974703264125,0.0
30.708333333333332,malecns_connected,0.0,0.47231704856897855,0.0,0.0,-0.00025261974703264125,0.0
30.716666666666665,malecns_connected,0.0,0.47231494340441993,0.0,0.0,-0.00025261974703264125,0.0
30.724999999999998,malecns_connected,0.0,0.4723128382398613,0.0,0.0,-0.00025261974703264125,0.0
30.733333333333334,malecns_connected,0.0,0.4723107330753027,0.0,0.0,-0.00025261974703264125,0.0
30.741666666666667,malecns_connected,0.0,0.47230862791074407,0.0,0.0,-0.00025261974703264125,0.0
30.75,malecns_connected,0.0,0.47230652274618545,0.0,0.0,-0.00025261974703264125,0.0
30.758333333333333,malecns_connected,0.0,0.47230441758162683,0.0,0.0,-0.00025261974703264125,0.0
30.766666666666666,malecns_connected,0.0,0.4723023124170682,0.0,0.0,-0.00025261974703264125,0.0
30.775,malecns_connected,0.0,0.4723002072525096,0.0,0.0,-0.00025261974703264125,0.0
30.78333333333333,malecns_connected,0.0,0.472298102087951,0.0,0.0,-0.00025261974703264125,0.0
30.791666666666668,malecns_connected,0.0,0.47229599692339236,0.0,0.0,-0.00025261974703264125,0.0
30.8,malecns_connected,0.0,0.47229389175883374,0.0,0.0,-0.00025261974703264125,0.0
30.808333333333334,malecns_connected,0.0,0.4722917865942751,0.0,0.0,-0.00025261974703264125,0.0
30.816666666666666,malecns_connected,0.0,0.4722896814297165,0.0,0.0,-0.00025261974703264125,0.0
30.825,malecns_connected,0.0,0.4722875762651579,0.0,0.0,-0.00025261974703264125,0.0
30.833333333333332,malecns_connected,0.0,0.47228547110059926,0.0,0.0,-0.00025261974703264125,0.0
30.841666666666665,malecns_connected,0.0,0.47228336593604064,0.0,0.0,-0.00025261974703264125,0.0
30.849999999999998,malecns_connected,0.0,0.472281260771482,0.0,0.0,-0.00025261974703264125,0.0
30.858333333333334,malecns_connected,0.0,0.4722791556069234,0.0,0.0,-0.00025261974703264125,0.0
30.866666666666667,malecns_connected,0.0,0.4722770504423648,0.0,0.0,-0.00025261974703264125,0.0
30.875,malecns_connected,0.0,0.47227494527780617,0.0,0.0,-0.00025261974703264125,0.0
30.883333333333333,malecns_connected,0.0,0.47227284011324755,0.0,0.0,-0.00025261974703264125,0.0
30.891666666666666,malecns_connected,0.0,0.47227073494868893,0.0,0.0,-0.00025261974703264125,0.0
30.9,malecns_connected,0.0,0.4722686297841303,0.0,0.0,-0.00025261974703264125,0.0
30.90833333333333,malecns_connected,0.0,0.4722665246195717,0.0,0.0,-0.00025261974703264125,0.0
30.916666666666668,malecns_connected,0.0,0.4722644194550131,0.0,0.0,-0.00025261974703264125,0.0
30.925,malecns_connected,0.0,0.47226231429045445,0.0,0.0,-0.00025261974703264125,0.0
30.933333333333334,malecns_connected,0.0,0.47226020912589584,0.0,0.0,-0.00025261974703264125,0.0
30.941666666666666,malecns_connected,0.0,0.4722581039613372,0.0,0.0,-0.00025261974703264125,0.0
30.95,malecns_connected,0.0,0.4722559987967786,0.0,0.0,-0.00025261974703264125,0.0
30.958333333333332,malecns_connected,0.0,0.47225389363222,0.0,0.0,-0.00025261974703264125,0.0
30.966666666666665,malecns_connected,0.0,0.47225178846766136,0.0,0.0,-0.00025261974703264125,0.0
30.974999999999998,malecns_connected,0.0,0.47224968330310274,0.0,0.0,-0.00025261974703264125,0.0
30.983333333333334,malecns_connected,0.0,0.4722475781385441,0.0,0.0,-0.00025261974703264125,0.0
30.991666666666667,malecns_connected,0.0,0.4722454729739855,0.0,0.0,-0.00025261974703264125,0.0
31.0,malecns_connected,0.0,0.4722433678094269,0.0,0.0,-0.00025261974703264125,0.0
31.008333333333333,malecns_connected,0.0,0.47224126264486826,0.0,0.0,-0.00025261974703264125,0.0
31.016666666666666,malecns_connected,0.0,0.47223915748030965,0.0,0.0,-0.00025261974703264125,0.0
31.025,malecns_connected,0.0,0.472237052315751,0.0,0.0,-0.00025261974703264125,0.0
31.03333333333333,malecns_connected,0.0,0.4722349471511924,0.0,0.0,-0.00025261974703264125,0.0
31.041666666666668,malecns_connected,0.0,0.4722328419866338,0.0,0.0,-0.00025261974703264125,0.0
31.05,malecns_connected,0.0,0.47223073682207517,0.0,0.0,-0.00025261974703264125,0.0
31.058333333333334,malecns_connected,0.0,0.47222863165751655,0.0,0.0,-0.00025261974703264125,0.0
31.066666666666666,malecns_connected,0.0,0.47222652649295793,0.0,0.0,-0.00025261974703264125,0.0
31.075,malecns_connected,0.0,0.4722244213283993,0.0,0.0,-0.00025261974703264125,0.0
31.083333333333332,malecns_connected,0.0,0.4722223161638407,0.0,0.0,-0.00025261974703264125,0.0
31.091666666666665,malecns_connected,0.0,0.4722202109992821,0.0,0.0,-0.00025261974703264125,0.0
31.099999999999998,malecns_connected,0.0,0.47221810583472346,0.0,0.0,-0.00025261974703264125,0.0
31.108333333333334,malecns_connected,0.0,0.47221600067016484,0.0,0.0,-0.00025261974703264125,0.0
31.116666666666667,malecns_connected,0.0,0.4722138955056062,0.0,0.0,-0.00025261974703264125,0.0
31.125,malecns_connected,0.0,0.4722117903410476,0.0,0.0,-0.00025261974703264125,0.0
31.133333333333333,malecns_connected,0.0,0.472209685176489,0.0,0.0,-0.00025261974703264125,0.0
31.141666666666666,malecns_connected,0.0,0.47220758001193036,0.0,0.0,-0.00025261974703264125,0.0
31.15,malecns_connected,0.0,0.47220547484737174,0.0,0.0,-0.00025261974703264125,0.0
31.15833333333333,malecns_connected,0.0,0.4722033696828131,0.0,0.0,-0.00025261974703264125,0.0
31.166666666666668,malecns_connected,0.0,0.4722012645182545,0.0,0.0,-0.00025261974703264125,0.0
31.175,malecns_connected,0.0,0.4721991593536959,0.0,0.0,-0.00025261974703264125,0.0
31.183333333333334,malecns_connected,0.0,0.47219705418913727,0.0,0.0,-0.00025261974703264125,0.0
31.191666666666666,malecns_connected,0.0,0.47219494902457865,0.0,0.0,-0.00025261974703264125,0.0
31.2,malecns_connected,0.0,0.47219284386002003,0.0,0.0,-0.00025261974703264125,0.0
31.208333333333332,malecns_connected,0.0,0.4721907386954614,0.0,0.0,-0.00025261974703264125,0.0
31.216666666666665,malecns_connected,0.0,0.4721886335309028,0.0,0.0,-0.00025261974703264125,0.0
31.224999999999998,malecns_connected,0.0,0.47218652836634417,0.0,0.0,-0.00025261974703264125,0.0
31.233333333333334,malecns_connected,0.0,0.47218442320178555,0.0,0.0,-0.00025261974703264125,0.0
31.241666666666667,malecns_connected,0.0,0.47218231803722693,0.0,0.0,-0.00025261974703264125,0.0
31.25,malecns_connected,0.0,0.4721802128726683,0.0,0.0,-0.00025261974703264125,0.0
31.258333333333333,malecns_connected,0.0,0.4721781077081097,0.0,0.0,-0.00025261974703264125,0.0
31.266666666666666,malecns_connected,0.0,0.4721760025435511,0.0,0.0,-0.00025261974703264125,0.0
31.275,malecns_connected,0.0,0.47217389737899246,0.0,0.0,-0.00025261974703264125,0.0
31.28333333333333,malecns_connected,0.0,0.47217179221443384,0.0,0.0,-0.00025261974703264125,0.0
31.291666666666668,malecns_connected,0.0,0.4721696870498752,0.0,0.0,-0.00025261974703264125,0.0
31.3,malecns_connected,0.0,0.4721675818853166,0.0,0.0,-0.00025261974703264125,0.0
31.308333333333334,malecns_connected,0.0,0.472165476720758,0.0,0.0,-0.00025261974703264125,0.0
31.316666666666666,malecns_connected,0.0,0.47216337155619936,0.0,0.0,-0.00025261974703264125,0.0
31.325,malecns_connected,0.0,0.47216126639164074,0.0,0.0,-0.00025261974703264125,0.0
31.333333333333332,malecns_connected,0.0,0.4721591612270821,0.0,0.0,-0.00025261974703264125,0.0
31.341666666666665,malecns_connected,0.0,0.4721570560625235,0.0,0.0,-0.00025261974703264125,0.0
31.349999999999998,malecns_connected,0.0,0.4721549508979649,0.0,0.0,-0.00025261974703264125,0.0
31.358333333333334,malecns_connected,0.0,0.47215284573340627,0.0,0.0,-0.00025261974703264125,0.0
31.366666666666667,malecns_connected,0.0,0.47215074056884765,0.0,0.0,-0.00025261974703264125,0.0
31.375,malecns_connected,0.0,0.47214863540428903,0.0,0.0,-0.00025261974703264125,0.0
31.383333333333333,malecns_connected,0.0,0.4721465302397304,0.0,0.0,-0.00025261974703264125,0.0
31.391666666666666,malecns_connected,0.0,0.4721444250751718,0.0,0.0,-0.00025261974703264125,0.0
31.4,malecns_connected,0.0,0.4721423199106132,0.0,0.0,-0.00025261974703264125,0.0
31.40833333333333,malecns_connected,0.0,0.47214021474605455,0.0,0.0,-0.00025261974703264125,0.0
31.416666666666668,malecns_connected,0.0,0.47213810958149593,0.0,0.0,-0.00025261974703264125,0.0
31.425,malecns_connected,0.0,0.4721360044169373,0.0,0.0,-0.00025261974703264125,0.0
31.433333333333334,malecns_connected,0.0,0.4721338992523787,0.0,0.0,-0.00025261974703264125,0.0
31.441666666666666,malecns_connected,0.0,0.4721317940878201,0.0,0.0,-0.00025261974703264125,0.0
31.45,malecns_connected,0.0,0.47212968892326146,0.0,0.0,-0.00025261974703264125,0.0
31.458333333333332,malecns_connected,0.0,0.47212758375870284,0.0,0.0,-0.00025261974703264125,0.0
31.466666666666665,malecns_connected,0.0,0.4721254785941442,0.0,0.0,-0.00025261974703264125,0.0
31.474999999999998,malecns_connected,0.0,0.4721233734295856,0.0,0.0,-0.00025261974703264125,0.0
31.483333333333334,malecns_connected,0.0,0.472121268265027,0.0,0.0,-0.00025261974703264125,0.0
31.491666666666667,malecns_connected,0.0,0.47211916310046836,0.0,0.0,-0.00025261974703264125,0.0
31.5,malecns_connected,0.0,0.47211705793590975,0.0,0.0,-0.00025261974703264125,0.0
31.508333333333333,malecns_connected,0.0,0.4721149527713511,0.0,0.0,-0.00025261974703264125,0.0
31.516666666666666,malecns_connected,0.0,0.4721128476067925,0.0,0.0,-0.00025261974703264125,0.0
31.525,malecns_connected,0.0,0.4721107424422339,0.0,0.0,-0.00025261974703264125,0.0
31.53333333333333,malecns_connected,0.0,0.47210863727767527,0.0,0.0,-0.00025261974703264125,0.0
31.541666666666668,malecns_connected,0.0,0.47210653211311665,0.0,0.0,-0.00025261974703264125,0.0
31.55,malecns_connected,0.0,0.47210442694855803,0.0,0.0,-0.00025261974703264125,0.0
31.558333333333334,malecns_connected,0.0,0.4721023217839994,0.0,0.0,-0.00025261974703264125,0.0
31.566666666666666,malecns_connected,0.0,0.4721002166194408,0.0,0.0,-0.00025261974703264125,0.0
31.575,malecns_connected,0.0,0.4720981114548822,0.0,0.0,-0.00025261974703264125,0.0
31.583333333333332,malecns_connected,0.0,0.47209600629032356,0.0,0.0,-0.00025261974703264125,0.0
31.591666666666665,malecns_connected,0.0,0.47209390112576494,0.0,0.0,-0.00025261974703264125,0.0
31.599999999999998,malecns_connected,0.0,0.4720917959612063,0.0,0.0,-0.00025261974703264125,0.0
31.608333333333334,malecns_connected,0.0,0.4720896907966477,0.0,0.0,-0.00025261974703264125,0.0
31.616666666666667,malecns_connected,0.0,0.4720875856320891,0.0,0.0,-0.00025261974703264125,0.0
31.625,malecns_connected,0.0,0.47208548046753046,0.0,0.0,-0.00025261974703264125,0.0
31.633333333333333,malecns_connected,0.0,0.47208337530297184,0.0,0.0,-0.00025261974703264125,0.0
31.641666666666666,malecns_connected,0.0,0.4720812701384132,0.0,0.0,-0.00025261974703264125,0.0
31.65,malecns_connected,0.0,0.4720791649738546,0.0,0.0,-0.00025261974703264125,0.0
31.65833333333333,malecns_connected,0.0,0.472077059809296,0.0,0.0,-0.00025261974703264125,0.0
31.666666666666668,malecns_connected,0.0,0.47207495464473737,0.0,0.0,-0.00025261974703264125,0.0
31.675,malecns_connected,0.0,0.47207284948017875,0.0,0.0,-0.00025261974703264125,0.0
31.683333333333334,malecns_connected,0.0,0.4720707443156201,0.0,0.0,-0.00025261974703264125,0.0
31.691666666666666,malecns_connected,0.0,0.4720686391510615,0.0,0.0,-0.00025261974703264125,0.0
31.7,malecns_connected,0.0,0.4720665339865029,0.0,0.0,-0.00025261974703264125,0.0
31.708333333333332,malecns_connected,0.0,0.47206442882194427,0.0,0.0,-0.00025261974703264125,0.0
31.716666666666665,malecns_connected,0.0,0.47206232365738565,0.0,0.0,-0.00025261974703264125,0.0
31.724999999999998,malecns_connected,0.0,0.47206021849282703,0.0,0.0,-0.00025261974703264125,0.0
31.733333333333334,malecns_connected,0.0,0.4720581133282684,0.0,0.0,-0.00025261974703264125,0.0
31.741666666666667,malecns_connected,0.0,0.4720560081637098,0.0,0.0,-0.00025261974703264125,0.0
31.75,malecns_connected,0.0,0.4720539029991512,0.0,0.0,-0.00025261974703264125,0.0
31.758333333333333,malecns_connected,0.0,0.47205179783459256,0.0,0.0,-0.00025261974703264125,0.0
31.766666666666666,malecns_connected,0.0,0.47204969267003394,0.0,0.0,-0.00025261974703264125,0.0
31.775,malecns_connected,0.0,0.4720475875054753,0.0,0.0,-0.00025261974703264125,0.0
31.78333333333333,malecns_connected,0.0,0.4720454823409167,0.0,0.0,-0.00025261974703264125,0.0
31.791666666666668,malecns_connected,0.0,0.4720433771763581,0.0,0.0,-0.00025261974703264125,0.0
31.8,malecns_connected,0.0,0.47204127201179946,0.0,0.0,-0.00025261974703264125,0.0
31.808333333333334,malecns_connected,0.0,0.47203916684724084,0.0,0.0,-0.00025261974703264125,0.0
31.816666666666666,malecns_connected,0.0,0.4720370616826822,0.0,0.0,-0.00025261974703264125,0.0
31.825,malecns_connected,0.0,0.4720349565181236,0.0,0.0,-0.00025261974703264125,0.0
31.833333333333332,malecns_connected,0.0,0.472032851353565,0.0,0.0,-0.00025261974703264125,0.0
31.841666666666665,malecns_connected,0.0,0.47203074618900637,0.0,0.0,-0.00025261974703264125,0.0
31.849999999999998,malecns_connected,0.0,0.47202864102444775,0.0,0.0,-0.00025261974703264125,0.0
31.858333333333334,malecns_connected,0.0,0.47202653585988913,0.0,0.0,-0.00025261974703264125,0.0
31.866666666666667,malecns_connected,0.0,0.4720244306953305,0.0,0.0,-0.00025261974703264125,0.0
31.875,malecns_connected,0.0,0.4720223255307719,0.0,0.0,-0.00025261974703264125,0.0
31.883333333333333,malecns_connected,0.0,0.4720202203662133,0.0,0.0,-0.00025261974703264125,0.0
31.891666666666666,malecns_connected,0.0,0.47201811520165465,0.0,0.0,-0.00025261974703264125,0.0
31.9,malecns_connected,0.0,0.47201601003709603,0.0,0.0,-0.00025261974703264125,0.0
31.90833333333333,malecns_connected,0.0,0.4720139048725374,0.0,0.0,-0.00025261974703264125,0.0
31.916666666666668,malecns_connected,0.0,0.4720117997079788,0.0,0.0,-0.00025261974703264125,0.0
31.925,malecns_connected,0.0,0.4720096945434202,0.0,0.0,-0.00025261974703264125,0.0
31.933333333333334,malecns_connected,0.0,0.47200758937886156,0.0,0.0,-0.00025261974703264125,0.0
31.941666666666666,malecns_connected,0.0,0.47200548421430294,0.0,0.0,-0.00025261974703264125,0.0
31.95,malecns_connected,0.0,0.4720033790497443,0.0,0.0,-0.00025261974703264125,0.0
31.958333333333332,malecns_connected,0.0,0.4720012738851857,0.0,0.0,-0.00025261974703264125,0.0
31.966666666666665,malecns_connected,0.0,0.4719991687206271,0.0,0.0,-0.00025261974703264125,0.0
31.974999999999998,malecns_connected,0.0,0.47199706355606846,0.0,0.0,-0.00025261974703264125,0.0
31.983333333333334,malecns_connected,0.0,0.47199495839150984,0.0,0.0,-0.00025261974703264125,0.0
31.991666666666667,malecns_connected,0.0,0.4719928532269512,0.0,0.0,-0.00025261974703264125,0.0
32.0,malecns_connected,0.0,0.4719907480623926,0.0,0.0,-0.00025261974703264125,0.0
32.00833333333333,malecns_connected,0.0,0.471988642897834,0.0,0.0,-0.00025261974703264125,0.0
32.016666666666666,malecns_connected,0.0,0.47198653773327537,0.0,0.0,-0.00025261974703264125,0.0
32.025,malecns_connected,0.0,0.47198443256871675,0.0,0.0,-0.00025261974703264125,0.0
32.03333333333333,malecns_connected,0.0,0.47198232740415813,0.0,0.0,-0.00025261974703264125,0.0
32.041666666666664,malecns_connected,0.0,0.4719802222395995,0.0,0.0,-0.00025261974703264125,0.0
32.05,malecns_connected,0.0,0.4719781170750409,0.0,0.0,-0.00025261974703264125,0.0
32.05833333333333,malecns_connected,0.0,0.4719760119104823,0.0,0.0,-0.00025261974703264125,0.0
32.06666666666666,malecns_connected,0.0,0.47197390674592365,0.0,0.0,-0.00025261974703264125,0.0
32.075,malecns_connected,0.0,0.47197180158136504,0.0,0.0,-0.00025261974703264125,0.0
32.083333333333336,malecns_connected,0.0,0.4719696964168064,0.0,0.0,-0.00025261974703264125,0.0
32.09166666666667,malecns_connected,0.0,0.4719675912522478,0.0,0.0,-0.00025261974703264125,0.0
32.1,malecns_connected,0.0,0.4719654860876892,0.0,0.0,-0.00025261974703264125,0.0
32.108333333333334,malecns_connected,0.0,0.47196338092313056,0.0,0.0,-0.00025261974703264125,0.0
32.11666666666667,malecns_connected,0.0,0.47196127575857194,0.0,0.0,-0.00025261974703264125,0.0
32.125,malecns_connected,0.0,0.4719591705940133,0.0,0.0,-0.00025261974703264125,0.0
32.13333333333333,malecns_connected,0.0,0.4719570654294547,0.0,0.0,-0.00025261974703264125,0.0
32.141666666666666,malecns_connected,0.0,0.4719549602648961,0.0,0.0,-0.00025261974703264125,0.0
32.15,malecns_connected,0.0,0.47195285510033747,0.0,0.0,-0.00025261974703264125,0.0
32.15833333333333,malecns_connected,0.0,0.47195074993577885,0.0,0.0,-0.00025261974703264125,0.0
32.166666666666664,malecns_connected,0.0,0.4719486447712202,0.0,0.0,-0.00025261974703264125,0.0
32.175,malecns_connected,0.0,0.4719465396066616,0.0,0.0,-0.00025261974703264125,0.0
32.18333333333333,malecns_connected,0.0,0.471944434442103,0.0,0.0,-0.00025261974703264125,0.0
32.19166666666666,malecns_connected,0.0,0.47194232927754437,0.0,0.0,-0.00025261974703264125,0.0
32.2,malecns_connected,0.0,0.47194022411298575,0.0,0.0,-0.00025261974703264125,0.0
32.208333333333336,malecns_connected,0.0,0.47193811894842713,0.0,0.0,-0.00025261974703264125,0.0
32.21666666666667,malecns_connected,0.0,0.4719360137838685,0.0,0.0,-0.00025261974703264125,0.0
32.225,malecns_connected,0.0,0.4719339086193099,0.0,0.0,-0.00025261974703264125,0.0
32.233333333333334,malecns_connected,0.0,0.4719318034547513,0.0,0.0,-0.00025261974703264125,0.0
32.24166666666667,malecns_connected,0.0,0.47192969829019266,0.0,0.0,-0.00025261974703264125,0.0
32.25,malecns_connected,0.0,0.47192759312563404,0.0,0.0,-0.00025261974703264125,0.0
32.25833333333333,malecns_connected,0.0,0.4719254879610754,0.0,0.0,-0.00025261974703264125,0.0
32.266666666666666,malecns_connected,0.0,0.4719233827965168,0.0,0.0,-0.00025261974703264125,0.0
32.275,malecns_connected,0.0,0.4719212776319582,0.0,0.0,-0.00025261974703264125,0.0
32.28333333333333,malecns_connected,0.0,0.47191917246739956,0.0,0.0,-0.00025261974703264125,0.0
32.291666666666664,malecns_connected,0.0,0.47191706730284094,0.0,0.0,-0.00025261974703264125,0.0
32.3,malecns_connected,0.0,0.4719149621382823,0.0,0.0,-0.00025261974703264125,0.0
32.30833333333333,malecns_connected,0.0,0.4719128569737237,0.0,0.0,-0.00025261974703264125,0.0
32.31666666666666,malecns_connected,0.0,0.4719107518091651,0.0,0.0,-0.00025261974703264125,0.0
32.325,malecns_connected,0.0,0.47190864664460647,0.0,0.0,-0.00025261974703264125,0.0
32.333333333333336,malecns_connected,0.0,0.47190654148004785,0.0,0.0,-0.00025261974703264125,0.0
32.34166666666667,malecns_connected,0.0,0.47190443631548923,0.0,0.0,-0.00025261974703264125,0.0
32.35,malecns_connected,0.0,0.4719023311509306,0.0,0.0,-0.00025261974703264125,0.0
32.358333333333334,malecns_connected,0.0,0.471900225986372,0.0,0.0,-0.00025261974703264125,0.0
32.36666666666667,malecns_connected,0.0,0.47189812082181337,0.0,0.0,-0.00025261974703264125,0.0
32.375,malecns_connected,0.0,0.47189601565725475,0.0,0.0,-0.00025261974703264125,0.0
32.38333333333333,malecns_connected,0.0,0.47189391049269613,0.0,0.0,-0.00025261974703264125,0.0
32.391666666666666,malecns_connected,0.0,0.4718918053281375,0.0,0.0,-0.00025261974703264125,0.0
32.4,malecns_connected,0.0,0.4718897001635789,0.0,0.0,-0.00025261974703264125,0.0
32.40833333333333,malecns_connected,0.0,0.4718875949990203,0.0,0.0,-0.00025261974703264125,0.0
32.416666666666664,malecns_connected,0.0,0.47188548983446166,0.0,0.0,-0.00025261974703264125,0.0
32.425,malecns_connected,0.0,0.47188338466990304,0.0,0.0,-0.00025261974703264125,0.0
32.43333333333333,malecns_connected,0.0,0.4718812795053444,0.0,0.0,-0.00025261974703264125,0.0
32.44166666666666,malecns_connected,0.0,0.4718791743407858,0.0,0.0,-0.00025261974703264125,0.0
32.45,malecns_connected,0.0,0.4718770691762272,0.0,0.0,-0.00025261974703264125,0.0
32.458333333333336,malecns_connected,0.0,0.47187496401166856,0.0,0.0,-0.00025261974703264125,0.0
32.46666666666667,malecns_connected,0.0,0.47187285884710994,0.0,0.0,-0.00025261974703264125,0.0
32.475,malecns_connected,0.0,0.4718707536825513,0.0,0.0,-0.00025261974703264125,0.0
32.483333333333334,malecns_connected,0.0,0.4718686485179927,0.0,0.0,-0.00025261974703264125,0.0
32.49166666666667,malecns_connected,0.0,0.4718665433534341,0.0,0.0,-0.00025261974703264125,0.0
32.5,malecns_connected,0.0,0.47186443818887547,0.0,0.0,-0.00025261974703264125,0.0
32.50833333333333,malecns_connected,0.0,0.47186233302431685,0.0,0.0,-0.00025261974703264125,0.0
32.516666666666666,malecns_connected,0.0,0.47186022785975823,0.0,0.0,-0.00025261974703264125,0.0
32.525,malecns_connected,0.0,0.4718581226951996,0.0,0.0,-0.00025261974703264125,0.0
32.53333333333333,malecns_connected,0.0,0.471856017530641,0.0,0.0,-0.00025261974703264125,0.0
32.541666666666664,malecns_connected,0.0,0.4718539123660824,0.0,0.0,-0.00025261974703264125,0.0
32.55,malecns_connected,0.0,0.47185180720152375,0.0,0.0,-0.00025261974703264125,0.0
32.55833333333333,malecns_connected,0.0,0.47184970203696514,0.0,0.0,-0.00025261974703264125,0.0
32.56666666666666,malecns_connected,0.0,0.4718475968724065,0.0,0.0,-0.00025261974703264125,0.0
32.575,malecns_connected,0.0,0.4718454917078479,0.0,0.0,-0.00025261974703264125,0.0
32.583333333333336,malecns_connected,0.0,0.4718433865432893,0.0,0.0,-0.00025261974703264125,0.0
32.59166666666667,malecns_connected,0.0,0.47184128137873066,0.0,0.0,-0.00025261974703264125,0.0
32.6,malecns_connected,0.0,0.47183917621417204,0.0,0.0,-0.00025261974703264125,0.0
32.608333333333334,malecns_connected,0.0,0.4718370710496134,0.0,0.0,-0.00025261974703264125,0.0
32.61666666666667,malecns_connected,0.0,0.4718349658850548,0.0,0.0,-0.00025261974703264125,0.0
32.625,malecns_connected,0.0,0.4718328607204962,0.0,0.0,-0.00025261974703264125,0.0
32.63333333333333,malecns_connected,0.0,0.47183075555593756,0.0,0.0,-0.00025261974703264125,0.0
32.641666666666666,malecns_connected,0.0,0.47182865039137895,0.0,0.0,-0.00025261974703264125,0.0
32.65,malecns_connected,0.0,0.4718265452268203,0.0,0.0,-0.00025261974703264125,0.0
32.65833333333333,malecns_connected,0.0,0.4718244400622617,0.0,0.0,-0.00025261974703264125,0.0
32.666666666666664,malecns_connected,0.0,0.4718223348977031,0.0,0.0,-0.00025261974703264125,0.0
32.675,malecns_connected,0.0,0.47182022973314447,0.0,0.0,-0.00025261974703264125,0.0
32.68333333333333,malecns_connected,0.0,0.47181812456858585,0.0,0.0,-0.00025261974703264125,0.0
32.69166666666666,malecns_connected,0.0,0.47181601940402723,0.0,0.0,-0.00025261974703264125,0.0
32.7,malecns_connected,0.0,0.4718139142394686,0.0,0.0,-0.00025261974703264125,0.0
32.708333333333336,malecns_connected,0.0,0.47181180907491,0.0,0.0,-0.00025261974703264125,0.0
32.71666666666667,malecns_connected,0.0,0.4718097039103514,0.0,0.0,-0.00025261974703264125,0.0
32.725,malecns_connected,0.0,0.47180759874579276,0.0,0.0,-0.00025261974703264125,0.0
32.733333333333334,malecns_connected,0.0,0.47180549358123414,0.0,0.0,-0.00025261974703264125,0.0
32.74166666666667,malecns_connected,0.0,0.4718033884166755,0.0,0.0,-0.00025261974703264125,0.0
32.75,malecns_connected,0.0,0.4718012832521169,0.0,0.0,-0.00025261974703264125,0.0
32.75833333333333,malecns_connected,0.0,0.4717991780875583,0.0,0.0,-0.00025261974703264125,0.0
32.766666666666666,malecns_connected,0.0,0.47179707292299966,0.0,0.0,-0.00025261974703264125,0.0
32.775,malecns_connected,0.0,0.47179496775844104,0.0,0.0,-0.00025261974703264125,0.0
32.78333333333333,malecns_connected,0.0,0.4717928625938824,0.0,0.0,-0.00025261974703264125,0.0
32.791666666666664,malecns_connected,0.0,0.4717907574293238,0.0,0.0,-0.00025261974703264125,0.0
32.8,malecns_connected,0.0,0.4717886522647652,0.0,0.0,-0.00025261974703264125,0.0
32.80833333333333,malecns_connected,0.0,0.47178654710020657,0.0,0.0,-0.00025261974703264125,0.0
32.81666666666666,malecns_connected,0.0,0.47178444193564795,0.0,0.0,-0.00025261974703264125,0.0
32.825,malecns_connected,0.0,0.47178233677108933,0.0,0.0,-0.00025261974703264125,0.0
32.833333333333336,malecns_connected,0.0,0.4717802316065307,0.0,0.0,-0.00025261974703264125,0.0
32.84166666666667,malecns_connected,0.0,0.4717781264419721,0.0,0.0,-0.00025261974703264125,0.0
32.85,malecns_connected,0.0,0.47177602127741347,0.0,0.0,-0.00025261974703264125,0.0
32.858333333333334,malecns_connected,0.0,0.47177391611285485,0.0,0.0,-0.00025261974703264125,0.0
32.86666666666667,malecns_connected,0.0,0.47177181094829623,0.0,0.0,-0.00025261974703264125,0.0
32.875,malecns_connected,0.0,0.4717697057837376,0.0,0.0,-0.00025261974703264125,0.0
32.88333333333333,malecns_connected,0.0,0.471767600619179,0.0,0.0,-0.00025261974703264125,0.0
32.891666666666666,malecns_connected,0.0,0.4717654954546204,0.0,0.0,-0.00025261974703264125,0.0
32.9,malecns_connected,0.0,0.47176339029006176,0.0,0.0,-0.00025261974703264125,0.0
32.90833333333333,malecns_connected,0.0,0.47176128512550314,0.0,0.0,-0.00025261974703264125,0.0
32.916666666666664,malecns_connected,0.0,0.4717591799609445,0.0,0.0,-0.00025261974703264125,0.0
32.925,malecns_connected,0.0,0.4717570747963859,0.0,0.0,-0.00025261974703264125,0.0
32.93333333333333,malecns_connected,0.0,0.4717549696318273,0.0,0.0,-0.00025261974703264125,0.0
32.94166666666666,malecns_connected,0.0,0.47175286446726866,0.0,0.0,-0.00025261974703264125,0.0
32.95,malecns_connected,0.0,0.47175075930271004,0.0,0.0,-0.00025261974703264125,0.0
32.958333333333336,malecns_connected,0.0,0.4717486541381514,0.0,0.0,-0.00025261974703264125,0.0
32.96666666666667,malecns_connected,0.0,0.4717465489735928,0.0,0.0,-0.00025261974703264125,0.0
32.975,malecns_connected,0.0,0.4717444438090342,0.0,0.0,-0.00025261974703264125,0.0
32.983333333333334,malecns_connected,0.0,0.47174233864447557,0.0,0.0,-0.00025261974703264125,0.0
32.99166666666667,malecns_connected,0.0,0.47174023347991695,0.0,0.0,-0.00025261974703264125,0.0
33.0,malecns_connected,0.0,0.47173812831535833,0.0,0.0,-0.00025261974703264125,0.0
33.00833333333333,malecns_connected,0.0,0.4717360231507997,0.0,0.0,-0.00025261974703264125,0.0
33.016666666666666,malecns_connected,0.0,0.4717339179862411,0.0,0.0,-0.00025261974703264125,0.0
33.025,malecns_connected,0.0,0.4717318128216825,0.0,0.0,-0.00025261974703264125,0.0
33.03333333333333,malecns_connected,0.0,0.47172970765712385,0.0,0.0,-0.00025261974703264125,0.0
33.041666666666664,malecns_connected,0.0,0.47172760249256523,0.0,0.0,-0.00025261974703264125,0.0
33.05,malecns_connected,0.0,0.4717254973280066,0.0,0.0,-0.00025261974703264125,0.0
33.05833333333333,malecns_connected,0.0,0.471723392163448,0.0,0.0,-0.00025261974703264125,0.0
33.06666666666666,malecns_connected,0.0,0.4717212869988894,0.0,0.0,-0.00025261974703264125,0.0
33.075,malecns_connected,0.0,0.47171918183433076,0.0,0.0,-0.00025261974703264125,0.0
33.083333333333336,malecns_connected,0.0,0.47171707666977214,0.0,0.0,-0.00025261974703264125,0.0
33.09166666666667,malecns_connected,0.0,0.4717149715052135,0.0,0.0,-0.00025261974703264125,0.0
33.1,malecns_connected,0.0,0.4717128663406549,0.0,0.0,-0.00025261974703264125,0.0
33.108333333333334,malecns_connected,0.0,0.4717107611760963,0.0,0.0,-0.00025261974703264125,0.0
33.11666666666667,malecns_connected,0.0,0.47170865601153766,0.0,0.0,-0.00025261974703264125,0.0
33.125,malecns_connected,0.0,0.47170655084697904,0.0,0.0,-0.00025261974703264125,0.0
33.13333333333333,malecns_connected,0.0,0.4717044456824204,0.0,0.0,-0.00025261974703264125,0.0
33.141666666666666,malecns_connected,0.0,0.4717023405178618,0.0,0.0,-0.00025261974703264125,0.0
33.15,malecns_connected,0.0,0.4717002353533032,0.0,0.0,-0.00025261974703264125,0.0
33.15833333333333,malecns_connected,0.0,0.47169813018874457,0.0,0.0,-0.00025261974703264125,0.0
33.166666666666664,malecns_connected,0.0,0.47169602502418595,0.0,0.0,-0.00025261974703264125,0.0
33.175,malecns_connected,0.0,0.47169391985962733,0.0,0.0,-0.00025261974703264125,0.0
33.18333333333333,malecns_connected,0.0,0.4716918146950687,0.0,0.0,-0.00025261974703264125,0.0
33.19166666666666,malecns_connected,0.0,0.4716897095305101,0.0,0.0,-0.00025261974703264125,0.0
33.2,malecns_connected,0.0,0.4716876043659515,0.0,0.0,-0.00025261974703264125,0.0
33.208333333333336,malecns_connected,0.0,0.47168549920139285,0.0,0.0,-0.00025261974703264125,0.0
33.21666666666667,malecns_connected,0.0,0.47168339403683424,0.0,0.0,-0.00025261974703264125,0.0
33.225,malecns_connected,0.0,0.4716812888722756,0.0,0.0,-0.00025261974703264125,0.0
33.233333333333334,malecns_connected,0.0,0.471679183707717,0.0,0.0,-0.00025261974703264125,0.0
33.24166666666667,malecns_connected,0.0,0.4716770785431584,0.0,0.0,-0.00025261974703264125,0.0
33.25,malecns_connected,0.0,0.47167497337859976,0.0,0.0,-0.00025261974703264125,0.0
33.25833333333333,malecns_connected,0.0,0.47167286821404114,0.0,0.0,-0.00025261974703264125,0.0
33.266666666666666,malecns_connected,0.0,0.4716707630494825,0.0,0.0,-0.00025261974703264125,0.0
33.275,malecns_connected,0.0,0.4716686578849239,0.0,0.0,-0.00025261974703264125,0.0
33.28333333333333,malecns_connected,0.0,0.4716665527203653,0.0,0.0,-0.00025261974703264125,0.0
33.291666666666664,malecns_connected,0.0,0.47166444755580667,0.0,0.0,-0.00025261974703264125,0.0
33.3,malecns_connected,0.0,0.47166234239124805,0.0,0.0,-0.00025261974703264125,0.0
33.30833333333333,malecns_connected,0.0,0.4716602372266894,0.0,0.0,-0.00025261974703264125,0.0
33.31666666666666,malecns_connected,0.0,0.4716581320621308,0.0,0.0,-0.00025261974703264125,0.0
33.325,malecns_connected,0.0,0.4716560268975722,0.0,0.0,-0.00025261974703264125,0.0
33.333333333333336,malecns_connected,0.0,0.47165392173301357,0.0,0.0,-0.00025261974703264125,0.0
33.34166666666667,malecns_connected,0.0,0.47165181656845495,0.0,0.0,-0.00025261974703264125,0.0
33.35,malecns_connected,0.0,0.47164971140389633,0.0,0.0,-0.00025261974703264125,0.0
33.358333333333334,malecns_connected,0.0,0.4716476062393377,0.0,0.0,-0.00025261974703264125,0.0
33.36666666666667,malecns_connected,0.0,0.4716455010747791,0.0,0.0,-0.00025261974703264125,0.0
33.375,malecns_connected,0.0,0.4716433959102205,0.0,0.0,-0.00025261974703264125,0.0
33.38333333333333,malecns_connected,0.0,0.47164129074566186,0.0,0.0,-0.00025261974703264125,0.0
33.391666666666666,malecns_connected,0.0,0.47163918558110324,0.0,0.0,-0.00025261974703264125,0.0
33.4,malecns_connected,0.0,0.4716370804165446,0.0,0.0,-0.00025261974703264125,0.0
33.40833333333333,malecns_connected,0.0,0.471634975251986,0.0,0.0,-0.00025261974703264125,0.0
33.416666666666664,malecns_connected,0.0,0.4716328700874274,0.0,0.0,-0.00025261974703264125,0.0
33.425,malecns_connected,0.0,0.47163076492286876,0.0,0.0,-0.00025261974703264125,0.0
33.43333333333333,malecns_connected,0.0,0.47162865975831014,0.0,0.0,-0.00025261974703264125,0.0
33.44166666666666,malecns_connected,0.0,0.4716265545937515,0.0,0.0,-0.00025261974703264125,0.0
33.45,malecns_connected,0.0,0.4716244494291929,0.0,0.0,-0.00025261974703264125,0.0
33.458333333333336,malecns_connected,0.0,0.4716223442646343,0.0,0.0,-0.00025261974703264125,0.0
33.46666666666667,malecns_connected,0.0,0.47162023910007567,0.0,0.0,-0.00025261974703264125,0.0
33.475,malecns_connected,0.0,0.47161813393551705,0.0,0.0,-0.00025261974703264125,0.0
33.483333333333334,malecns_connected,0.0,0.47161602877095843,0.0,0.0,-0.00025261974703264125,0.0
33.49166666666667,malecns_connected,0.0,0.4716139236063998,0.0,0.0,-0.00025261974703264125,0.0
33.5,malecns_connected,0.0,0.4716118184418412,0.0,0.0,-0.00025261974703264125,0.0
33.50833333333333,malecns_connected,0.0,0.47160971327728257,0.0,0.0,-0.00025261974703264125,0.0
33.516666666666666,malecns_connected,0.0,0.47160760811272395,0.0,0.0,-0.00025261974703264125,0.0
33.525,malecns_connected,0.0,0.47160550294816533,0.0,0.0,-0.00025261974703264125,0.0
33.53333333333333,malecns_connected,0.0,0.4716033977836067,0.0,0.0,-0.00025261974703264125,0.0
33.541666666666664,malecns_connected,0.0,0.4716012926190481,0.0,0.0,-0.00025261974703264125,0.0
33.55,malecns_connected,0.0,0.4715991874544895,0.0,0.0,-0.00025261974703264125,0.0
33.55833333333333,malecns_connected,0.0,0.47159708228993086,0.0,0.0,-0.00025261974703264125,0.0
33.56666666666666,malecns_connected,0.0,0.47159497712537224,0.0,0.0,-0.00025261974703264125,0.0
33.575,malecns_connected,0.0,0.4715928719608136,0.0,0.0,-0.00025261974703264125,0.0
33.583333333333336,malecns_connected,0.0,0.471590766796255,0.0,0.0,-0.00025261974703264125,0.0
33.59166666666667,malecns_connected,0.0,0.4715886616316964,0.0,0.0,-0.00025261974703264125,0.0
33.6,malecns_connected,0.0,0.47158655646713776,0.0,0.0,-0.00025261974703264125,0.0
33.608333333333334,malecns_connected,0.0,0.47158445130257914,0.0,0.0,-0.00025261974703264125,0.0
33.61666666666667,malecns_connected,0.0,0.4715823461380205,0.0,0.0,-0.00025261974703264125,0.0
33.625,malecns_connected,0.0,0.4715802409734619,0.0,0.0,-0.00025261974703264125,0.0
33.63333333333333,malecns_connected,0.0,0.4715781358089033,0.0,0.0,-0.00025261974703264125,0.0
33.641666666666666,malecns_connected,0.0,0.47157603064434467,0.0,0.0,-0.00025261974703264125,0.0
33.65,malecns_connected,0.0,0.47157392547978605,0.0,0.0,-0.00025261974703264125,0.0
33.65833333333333,malecns_connected,0.0,0.47157182031522743,0.0,0.0,-0.00025261974703264125,0.0
33.666666666666664,malecns_connected,0.0,0.4715697151506688,0.0,0.0,-0.00025261974703264125,0.0
33.675,malecns_connected,0.0,0.4715676099861102,0.0,0.0,-0.00025261974703264125,0.0
33.68333333333333,malecns_connected,0.0,0.4715655048215516,0.0,0.0,-0.00025261974703264125,0.0
33.69166666666666,malecns_connected,0.0,0.47156339965699295,0.0,0.0,-0.00025261974703264125,0.0
33.7,malecns_connected,0.0,0.47156129449243434,0.0,0.0,-0.00025261974703264125,0.0
33.708333333333336,malecns_connected,0.0,0.4715591893278757,0.0,0.0,-0.00025261974703264125,0.0
33.71666666666667,malecns_connected,0.0,0.4715570841633171,0.0,0.0,-0.00025261974703264125,0.0
33.725,malecns_connected,0.0,0.4715549789987585,0.0,0.0,-0.00025261974703264125,0.0
33.733333333333334,malecns_connected,0.0,0.47155287383419986,0.0,0.0,-0.00025261974703264125,0.0
33.74166666666667,malecns_connected,0.0,0.47155076866964124,0.0,0.0,-0.00025261974703264125,0.0
33.75,malecns_connected,0.0,0.4715486635050826,0.0,0.0,-0.00025261974703264125,0.0
33.75833333333333,malecns_connected,0.0,0.471546558340524,0.0,0.0,-0.00025261974703264125,0.0
33.766666666666666,malecns_connected,0.0,0.4715444531759654,0.0,0.0,-0.00025261974703264125,0.0
33.775,malecns_connected,0.0,0.47154234801140676,0.0,0.0,-0.00025261974703264125,0.0
33.78333333333333,malecns_connected,0.0,0.47154024284684815,0.0,0.0,-0.00025261974703264125,0.0
33.791666666666664,malecns_connected,0.0,0.4715381376822895,0.0,0.0,-0.00025261974703264125,0.0
33.8,malecns_connected,0.0,0.4715360325177309,0.0,0.0,-0.00025261974703264125,0.0
33.80833333333333,malecns_connected,0.0,0.4715339273531723,0.0,0.0,-0.00025261974703264125,0.0
33.81666666666666,malecns_connected,0.0,0.47153182218861367,0.0,0.0,-0.00025261974703264125,0.0
33.825,malecns_connected,0.0,0.47152971702405505,0.0,0.0,-0.00025261974703264125,0.0
33.833333333333336,malecns_connected,0.0,0.47152761185949643,0.0,0.0,-0.00025261974703264125,0.0
33.84166666666667,malecns_connected,0.0,0.4715255066949378,0.0,0.0,-0.00025261974703264125,0.0
33.85,malecns_connected,0.0,0.4715234015303792,0.0,0.0,-0.00025261974703264125,0.0
33.858333333333334,malecns_connected,0.0,0.4715212963658206,0.0,0.0,-0.00025261974703264125,0.0
33.86666666666667,malecns_connected,0.0,0.47151919120126196,0.0,0.0,-0.00025261974703264125,0.0
33.875,malecns_connected,0.0,0.47151708603670334,0.0,0.0,-0.00025261974703264125,0.0
33.88333333333333,malecns_connected,0.0,0.4715149808721447,0.0,0.0,-0.00025261974703264125,0.0
33.891666666666666,malecns_connected,0.0,0.4715128757075861,0.0,0.0,-0.00025261974703264125,0.0
33.9,malecns_connected,0.0,0.4715107705430275,0.0,0.0,-0.00025261974703264125,0.0
33.90833333333333,malecns_connected,0.0,0.47150866537846886,0.0,0.0,-0.00025261974703264125,0.0
33.916666666666664,malecns_connected,0.0,0.47150656021391024,0.0,0.0,-0.00025261974703264125,0.0
33.925,malecns_connected,0.0,0.4715044550493516,0.0,0.0,-0.00025261974703264125,0.0
33.93333333333333,malecns_connected,0.0,0.471502349884793,0.0,0.0,-0.00025261974703264125,0.0
33.94166666666666,malecns_connected,0.0,0.4715002447202344,0.0,0.0,-0.00025261974703264125,0.0
33.95,malecns_connected,0.0,0.47149813955567577,0.0,0.0,-0.00025261974703264125,0.0
33.958333333333336,malecns_connected,0.0,0.47149603439111715,0.0,0.0,-0.00025261974703264125,0.0
33.96666666666667,malecns_connected,0.0,0.47149392922655853,0.0,0.0,-0.00025261974703264125,0.0
33.975,malecns_connected,0.0,0.4714918240619999,0.0,0.0,-0.00025261974703264125,0.0
33.983333333333334,malecns_connected,0.0,0.4714897188974413,0.0,0.0,-0.00025261974703264125,0.0
33.99166666666667,malecns_connected,0.0,0.47148761373288267,0.0,0.0,-0.00025261974703264125,0.0
34.0,malecns_connected,0.0,0.47148550856832405,0.0,0.0,-0.00025261974703264125,0.0
34.00833333333333,malecns_connected,0.0,0.47148340340376543,0.0,0.0,-0.00025261974703264125,0.0
34.016666666666666,malecns_connected,0.0,0.4714812982392068,0.0,0.0,-0.00025261974703264125,0.0
34.025,malecns_connected,0.0,0.4714791930746482,0.0,0.0,-0.00025261974703264125,0.0
34.03333333333333,malecns_connected,0.0,0.4714770879100896,0.0,0.0,-0.00025261974703264125,0.0
34.041666666666664,malecns_connected,0.0,0.47147498274553096,0.0,0.0,-0.00025261974703264125,0.0
34.05,malecns_connected,0.0,0.47147287758097234,0.0,0.0,-0.00025261974703264125,0.0
34.05833333333333,malecns_connected,0.0,0.4714707724164137,0.0,0.0,-0.00025261974703264125,0.0
34.06666666666666,malecns_connected,0.0,0.4714686672518551,0.0,0.0,-0.00025261974703264125,0.0
34.075,malecns_connected,0.0,0.4714665620872965,0.0,0.0,-0.00025261974703264125,0.0
34.083333333333336,malecns_connected,0.0,0.47146445692273786,0.0,0.0,-0.00025261974703264125,0.0
34.09166666666667,malecns_connected,0.0,0.47146235175817924,0.0,0.0,-0.00025261974703264125,0.0
34.1,malecns_connected,0.0,0.4714602465936206,0.0,0.0,-0.00025261974703264125,0.0
34.108333333333334,malecns_connected,0.0,0.471458141429062,0.0,0.0,-0.00025261974703264125,0.0
34.11666666666667,malecns_connected,0.0,0.4714560362645034,0.0,0.0,-0.00025261974703264125,0.0
34.125,malecns_connected,0.0,0.47145393109994477,0.0,0.0,-0.00025261974703264125,0.0
34.13333333333333,malecns_connected,0.0,0.47145182593538615,0.0,0.0,-0.00025261974703264125,0.0
34.141666666666666,malecns_connected,0.0,0.47144972077082753,0.0,0.0,-0.00025261974703264125,0.0
34.15,malecns_connected,0.0,0.4714476156062689,0.0,0.0,-0.00025261974703264125,0.0
34.15833333333333,malecns_connected,0.0,0.4714455104417103,0.0,0.0,-0.00025261974703264125,0.0
34.166666666666664,malecns_connected,0.0,0.4714434052771517,0.0,0.0,-0.00025261974703264125,0.0
34.175,malecns_connected,0.0,0.47144130011259305,0.0,0.0,-0.00025261974703264125,0.0
34.18333333333333,malecns_connected,0.0,0.47143919494803443,0.0,0.0,-0.00025261974703264125,0.0
34.19166666666666,malecns_connected,0.0,0.4714370897834758,0.0,0.0,-0.00025261974703264125,0.0
34.2,malecns_connected,0.0,0.4714349846189172,0.0,0.0,-0.00025261974703264125,0.0
34.208333333333336,malecns_connected,0.0,0.4714328794543586,0.0,0.0,-0.00025261974703264125,0.0
34.21666666666667,malecns_connected,0.0,0.47143077428979996,0.0,0.0,-0.00025261974703264125,0.0
34.225,malecns_connected,0.0,0.47142866912524134,0.0,0.0,-0.00025261974703264125,0.0
34.233333333333334,malecns_connected,0.0,0.4714265639606827,0.0,0.0,-0.00025261974703264125,0.0
34.24166666666667,malecns_connected,0.0,0.4714244587961241,0.0,0.0,-0.00025261974703264125,0.0
34.25,malecns_connected,0.0,0.4714223536315655,0.0,0.0,-0.00025261974703264125,0.0
34.25833333333333,malecns_connected,0.0,0.47142024846700686,0.0,0.0,-0.00025261974703264125,0.0
34.266666666666666,malecns_connected,0.0,0.47141814330244824,0.0,0.0,-0.00025261974703264125,0.0
34.275,malecns_connected,0.0,0.4714160381378896,0.0,0.0,-0.00025261974703264125,0.0
34.28333333333333,malecns_connected,0.0,0.471413932973331,0.0,0.0,-0.00025261974703264125,0.0
34.291666666666664,malecns_connected,0.0,0.4714118278087724,0.0,0.0,-0.00025261974703264125,0.0
34.3,malecns_connected,0.0,0.47140972264421377,0.0,0.0,-0.00025261974703264125,0.0
34.30833333333333,malecns_connected,0.0,0.47140761747965515,0.0,0.0,-0.00025261974703264125,0.0
34.31666666666666,malecns_connected,0.0,0.47140551231509653,0.0,0.0,-0.00025261974703264125,0.0
34.325,malecns_connected,0.0,0.4714034071505379,0.0,0.0,-0.00025261974703264125,0.0
34.333333333333336,malecns_connected,0.0,0.4714013019859793,0.0,0.0,-0.00025261974703264125,0.0
34.34166666666667,malecns_connected,0.0,0.4713991968214207,0.0,0.0,-0.00025261974703264125,0.0
34.35,malecns_connected,0.0,0.47139709165686206,0.0,0.0,-0.00025261974703264125,0.0
34.358333333333334,malecns_connected,0.0,0.47139498649230344,0.0,0.0,-0.00025261974703264125,0.0
34.36666666666667,malecns_connected,0.0,0.4713928813277448,0.0,0.0,-0.00025261974703264125,0.0
34.375,malecns_connected,0.0,0.4713907761631862,0.0,0.0,-0.00025261974703264125,0.0
34.38333333333333,malecns_connected,0.0,0.4713886709986276,0.0,0.0,-0.00025261974703264125,0.0
34.391666666666666,malecns_connected,0.0,0.47138656583406896,0.0,0.0,-0.00025261974703264125,0.0
34.4,malecns_connected,0.0,0.47138446066951034,0.0,0.0,-0.00025261974703264125,0.0
34.40833333333333,malecns_connected,0.0,0.4713823555049517,0.0,0.0,-0.00025261974703264125,0.0
34.416666666666664,malecns_connected,0.0,0.4713802503403931,0.0,0.0,-0.00025261974703264125,0.0
34.425,malecns_connected,0.0,0.4713781451758345,0.0,0.0,-0.00025261974703264125,0.0
34.43333333333333,malecns_connected,0.0,0.47137604001127587,0.0,0.0,-0.00025261974703264125,0.0
34.44166666666666,malecns_connected,0.0,0.47137393484671725,0.0,0.0,-0.00025261974703264125,0.0
34.45,malecns_connected,0.0,0.4713718296821586,0.0,0.0,-0.00025261974703264125,0.0
34.458333333333336,malecns_connected,0.0,0.4713697245176,0.0,0.0,-0.00025261974703264125,0.0
34.46666666666667,malecns_connected,0.0,0.4713676193530414,0.0,0.0,-0.00025261974703264125,0.0
34.475,malecns_connected,0.0,0.47136551418848277,0.0,0.0,-0.00025261974703264125,0.0
34.483333333333334,malecns_connected,0.0,0.47136340902392415,0.0,0.0,-0.00025261974703264125,0.0
34.49166666666667,malecns_connected,0.0,0.47136130385936553,0.0,0.0,-0.00025261974703264125,0.0
34.5,malecns_connected,0.0,0.4713591986948069,0.0,0.0,-0.00025261974703264125,0.0
34.50833333333333,malecns_connected,0.0,0.4713570935302483,0.0,0.0,-0.00025261974703264125,0.0
34.516666666666666,malecns_connected,0.0,0.4713549883656897,0.0,0.0,-0.00025261974703264125,0.0
34.525,malecns_connected,0.0,0.47135288320113106,0.0,0.0,-0.00025261974703264125,0.0
34.53333333333333,malecns_connected,0.0,0.47135077803657244,0.0,0.0,-0.00025261974703264125,0.0
34.541666666666664,malecns_connected,0.0,0.4713486728720138,0.0,0.0,-0.00025261974703264125,0.0
34.55,malecns_connected,0.0,0.4713465677074552,0.0,0.0,-0.00025261974703264125,0.0
34.55833333333333,malecns_connected,0.0,0.4713444625428966,0.0,0.0,-0.00025261974703264125,0.0
34.56666666666666,malecns_connected,0.0,0.47134235737833796,0.0,0.0,-0.00025261974703264125,0.0
34.575,malecns_connected,0.0,0.47134025221377934,0.0,0.0,-0.00025261974703264125,0.0
34.583333333333336,malecns_connected,0.0,0.4713381470492207,0.0,0.0,-0.00025261974703264125,0.0
34.59166666666667,malecns_connected,0.0,0.4713360418846621,0.0,0.0,-0.00025261974703264125,0.0
34.6,malecns_connected,0.0,0.4713339367201035,0.0,0.0,-0.00025261974703264125,0.0
34.608333333333334,malecns_connected,0.0,0.47133183155554487,0.0,0.0,-0.00025261974703264125,0.0
34.61666666666667,malecns_connected,0.0,0.47132972639098625,0.0,0.0,-0.00025261974703264125,0.0
34.625,malecns_connected,0.0,0.47132762122642763,0.0,0.0,-0.00025261974703264125,0.0
34.63333333333333,malecns_connected,0.0,0.471325516061869,0.0,0.0,-0.00025261974703264125,0.0
34.641666666666666,malecns_connected,0.0,0.4713234108973104,0.0,0.0,-0.00025261974703264125,0.0
34.65,malecns_connected,0.0,0.47132130573275177,0.0,0.0,-0.00025261974703264125,0.0
34.65833333333333,malecns_connected,0.0,0.47131920056819315,0.0,0.0,-0.00025261974703264125,0.0
34.666666666666664,malecns_connected,0.0,0.47131709540363453,0.0,0.0,-0.00025261974703264125,0.0
34.675,malecns_connected,0.0,0.4713149902390759,0.0,0.0,-0.00025261974703264125,0.0
34.68333333333333,malecns_connected,0.0,0.4713128850745173,0.0,0.0,-0.00025261974703264125,0.0
34.69166666666666,malecns_connected,0.0,0.4713107799099587,0.0,0.0,-0.00025261974703264125,0.0
34.7,malecns_connected,0.0,0.47130867474540006,0.0,0.0,-0.00025261974703264125,0.0
34.708333333333336,malecns_connected,0.0,0.47130656958084144,0.0,0.0,-0.00025261974703264125,0.0
34.71666666666667,malecns_connected,0.0,0.4713044644162828,0.0,0.0,-0.00025261974703264125,0.0
34.725,malecns_connected,0.0,0.4713023592517242,0.0,0.0,-0.00025261974703264125,0.0
34.733333333333334,malecns_connected,0.0,0.4713002540871656,0.0,0.0,-0.00025261974703264125,0.0
34.74166666666667,malecns_connected,0.0,0.47129814892260696,0.0,0.0,-0.00025261974703264125,0.0
34.75,malecns_connected,0.0,0.47129604375804834,0.0,0.0,-0.00025261974703264125,0.0
34.75833333333333,malecns_connected,0.0,0.4712939385934897,0.0,0.0,-0.00025261974703264125,0.0
34.766666666666666,malecns_connected,0.0,0.4712918334289311,0.0,0.0,-0.00025261974703264125,0.0
34.775,malecns_connected,0.0,0.4712897282643725,0.0,0.0,-0.00025261974703264125,0.0
34.78333333333333,malecns_connected,0.0,0.47128762309981387,0.0,0.0,-0.00025261974703264125,0.0
34.791666666666664,malecns_connected,0.0,0.47128551793525525,0.0,0.0,-0.00025261974703264125,0.0
34.8,malecns_connected,0.0,0.47128341277069663,0.0,0.0,-0.00025261974703264125,0.0
34.80833333333333,malecns_connected,0.0,0.471281307606138,0.0,0.0,-0.00025261974703264125,0.0
34.81666666666666,malecns_connected,0.0,0.4712792024415794,0.0,0.0,-0.00025261974703264125,0.0
34.825,malecns_connected,0.0,0.4712770972770208,0.0,0.0,-0.00025261974703264125,0.0
34.833333333333336,malecns_connected,0.0,0.47127499211246215,0.0,0.0,-0.00025261974703264125,0.0
34.84166666666667,malecns_connected,0.0,0.47127288694790354,0.0,0.0,-0.00025261974703264125,0.0
34.85,malecns_connected,0.0,0.4712707817833449,0.0,0.0,-0.00025261974703264125,0.0
34.858333333333334,malecns_connected,0.0,0.4712686766187863,0.0,0.0,-0.00025261974703264125,0.0
34.86666666666667,malecns_connected,0.0,0.4712665714542277,0.0,0.0,-0.00025261974703264125,0.0
34.875,malecns_connected,0.0,0.47126446628966906,0.0,0.0,-0.00025261974703264125,0.0
34.88333333333333,malecns_connected,0.0,0.47126236112511044,0.0,0.0,-0.00025261974703264125,0.0
34.891666666666666,malecns_connected,0.0,0.4712602559605518,0.0,0.0,-0.00025261974703264125,0.0
34.9,malecns_connected,0.0,0.4712581507959932,0.0,0.0,-0.00025261974703264125,0.0
34.90833333333333,malecns_connected,0.0,0.4712560456314346,0.0,0.0,-0.00025261974703264125,0.0
34.916666666666664,malecns_connected,0.0,0.47125394046687596,0.0,0.0,-0.00025261974703264125,0.0
34.925,malecns_connected,0.0,0.47125183530231735,0.0,0.0,-0.00025261974703264125,0.0
34.93333333333333,malecns_connected,0.0,0.4712497301377587,0.0,0.0,-0.00025261974703264125,0.0
34.94166666666666,malecns_connected,0.0,0.4712476249732001,0.0,0.0,-0.00025261974703264125,0.0
34.95,malecns_connected,0.0,0.4712455198086415,0.0,0.0,-0.00025261974703264125,0.0
34.958333333333336,malecns_connected,0.0,0.47124341464408287,0.0,0.0,-0.00025261974703264125,0.0
34.96666666666667,malecns_connected,0.0,0.47124130947952425,0.0,0.0,-0.00025261974703264125,0.0
34.975,malecns_connected,0.0,0.47123920431496563,0.0,0.0,-0.00025261974703264125,0.0
34.983333333333334,malecns_connected,0.0,0.471237099150407,0.0,0.0,-0.00025261974703264125,0.0
34.99166666666667,malecns_connected,0.0,0.4712349939858484,0.0,0.0,-0.00025261974703264125,0.0
35.0,malecns_connected,0.0,0.4712328888212898,0.0,0.0,-0.00025261974703264125,0.0
35.00833333333333,malecns_connected,0.0,0.47123078365673116,0.0,0.0,-0.00025261974703264125,0.0
35.016666666666666,malecns_connected,0.0,0.47122867849217254,0.0,0.0,-0.00025261974703264125,0.0
35.025,malecns_connected,0.0,0.4712265733276139,0.0,0.0,-0.00025261974703264125,0.0
35.03333333333333,malecns_connected,0.0,0.4712244681630553,0.0,0.0,-0.00025261974703264125,0.0
35.041666666666664,malecns_connected,0.0,0.4712223629984967,0.0,0.0,-0.00025261974703264125,0.0
35.05,malecns_connected,0.0,0.47122025783393806,0.0,0.0,-0.00025261974703264125,0.0
35.05833333333333,malecns_connected,0.0,0.47121815266937944,0.0,0.0,-0.00025261974703264125,0.0
35.06666666666666,malecns_connected,0.0,0.4712160475048208,0.0,0.0,-0.00025261974703264125,0.0
35.075,malecns_connected,0.0,0.4712139423402622,0.0,0.0,-0.00025261974703264125,0.0
35.083333333333336,malecns_connected,0.0,0.4712118371757036,0.0,0.0,-0.00025261974703264125,0.0
35.09166666666667,malecns_connected,0.0,0.47120973201114497,0.0,0.0,-0.00025261974703264125,0.0
35.1,malecns_connected,0.0,0.47120762684658635,0.0,0.0,-0.00025261974703264125,0.0
35.108333333333334,malecns_connected,0.0,0.47120552168202773,0.0,0.0,-0.00025261974703264125,0.0
35.11666666666667,malecns_connected,0.0,0.4712034165174691,0.0,0.0,-0.00025261974703264125,0.0
35.125,malecns_connected,0.0,0.4712013113529105,0.0,0.0,-0.00025261974703264125,0.0
35.13333333333333,malecns_connected,0.0,0.47119920618835187,0.0,0.0,-0.00025261974703264125,0.0
35.141666666666666,malecns_connected,0.0,0.47119710102379325,0.0,0.0,-0.00025261974703264125,0.0
35.15,malecns_connected,0.0,0.47119499585923463,0.0,0.0,-0.00025261974703264125,0.0
35.15833333333333,malecns_connected,0.0,0.471192890694676,0.0,0.0,-0.00025261974703264125,0.0
35.166666666666664,malecns_connected,0.0,0.4711907855301174,0.0,0.0,-0.00025261974703264125,0.0
35.175,malecns_connected,0.0,0.4711886803655588,0.0,0.0,-0.00025261974703264125,0.0
35.18333333333333,malecns_connected,0.0,0.47118657520100016,0.0,0.0,-0.00025261974703264125,0.0
35.19166666666666,malecns_connected,0.0,0.47118447003644154,0.0,0.0,-0.00025261974703264125,0.0
35.2,malecns_connected,0.0,0.4711823648718829,0.0,0.0,-0.00025261974703264125,0.0
35.208333333333336,malecns_connected,0.0,0.4711802597073243,0.0,0.0,-0.00025261974703264125,0.0
35.21666666666667,malecns_connected,0.0,0.4711781545427657,0.0,0.0,-0.00025261974703264125,0.0
35.225,malecns_connected,0.0,0.47117604937820706,0.0,0.0,-0.00025261974703264125,0.0
35.233333333333334,malecns_connected,0.0,0.47117394421364844,0.0,0.0,-0.00025261974703264125,0.0
35.24166666666667,malecns_connected,0.0,0.4711718390490898,0.0,0.0,-0.00025261974703264125,0.0
35.25,malecns_connected,0.0,0.4711697338845312,0.0,0.0,-0.00025261974703264125,0.0
35.25833333333333,malecns_connected,0.0,0.4711676287199726,0.0,0.0,-0.00025261974703264125,0.0
35.266666666666666,malecns_connected,0.0,0.47116552355541397,0.0,0.0,-0.00025261974703264125,0.0
35.275,malecns_connected,0.0,0.47116341839085535,0.0,0.0,-0.00025261974703264125,0.0
35.28333333333333,malecns_connected,0.0,0.47116131322629673,0.0,0.0,-0.00025261974703264125,0.0
35.291666666666664,malecns_connected,0.0,0.4711592080617381,0.0,0.0,-0.00025261974703264125,0.0
35.3,malecns_connected,0.0,0.4711571028971795,0.0,0.0,-0.00025261974703264125,0.0
35.30833333333333,malecns_connected,0.0,0.4711549977326209,0.0,0.0,-0.00025261974703264125,0.0
35.31666666666666,malecns_connected,0.0,0.47115289256806225,0.0,0.0,-0.00025261974703264125,0.0
35.325,malecns_connected,0.0,0.47115078740350363,0.0,0.0,-0.00025261974703264125,0.0
35.333333333333336,malecns_connected,0.0,0.471148682238945,0.0,0.0,-0.00025261974703264125,0.0
35.34166666666667,malecns_connected,0.0,0.4711465770743864,0.0,0.0,-0.00025261974703264125,0.0
35.35,malecns_connected,0.0,0.4711444719098278,0.0,0.0,-0.00025261974703264125,0.0
35.358333333333334,malecns_connected,0.0,0.47114236674526916,0.0,0.0,-0.00025261974703264125,0.0
35.36666666666667,malecns_connected,0.0,0.47114026158071054,0.0,0.0,-0.00025261974703264125,0.0
35.375,malecns_connected,0.0,0.4711381564161519,0.0,0.0,-0.00025261974703264125,0.0
35.38333333333333,malecns_connected,0.0,0.4711360512515933,0.0,0.0,-0.00025261974703264125,0.0
35.391666666666666,malecns_connected,0.0,0.4711339460870347,0.0,0.0,-0.00025261974703264125,0.0
35.4,malecns_connected,0.0,0.47113184092247606,0.0,0.0,-0.00025261974703264125,0.0
35.40833333333333,malecns_connected,0.0,0.47112973575791744,0.0,0.0,-0.00025261974703264125,0.0
35.416666666666664,malecns_connected,0.0,0.4711276305933588,0.0,0.0,-0.00025261974703264125,0.0
35.425,malecns_connected,0.0,0.4711255254288002,0.0,0.0,-0.00025261974703264125,0.0
35.43333333333333,malecns_connected,0.0,0.4711234202642416,0.0,0.0,-0.00025261974703264125,0.0
35.44166666666666,malecns_connected,0.0,0.47112131509968297,0.0,0.0,-0.00025261974703264125,0.0
35.45,malecns_connected,0.0,0.47111920993512435,0.0,0.0,-0.00025261974703264125,0.0
35.458333333333336,malecns_connected,0.0,0.47111710477056573,0.0,0.0,-0.00025261974703264125,0.0
35.46666666666667,malecns_connected,0.0,0.4711149996060071,0.0,0.0,-0.00025261974703264125,0.0
35.475,malecns_connected,0.0,0.4711128944414485,0.0,0.0,-0.00025261974703264125,0.0
35.483333333333334,malecns_connected,0.0,0.4711107892768899,0.0,0.0,-0.00025261974703264125,0.0
35.49166666666667,malecns_connected,0.0,0.47110868411233126,0.0,0.0,-0.00025261974703264125,0.0
35.5,malecns_connected,0.0,0.47110657894777264,0.0,0.0,-0.00025261974703264125,0.0
35.50833333333333,malecns_connected,0.0,0.471104473783214,0.0,0.0,-0.00025261974703264125,0.0
35.516666666666666,malecns_connected,0.0,0.4711023686186554,0.0,0.0,-0.00025261974703264125,0.0
35.525,malecns_connected,0.0,0.4711002634540968,0.0,0.0,-0.00025261974703264125,0.0
35.53333333333333,malecns_connected,0.0,0.47109815828953816,0.0,0.0,-0.00025261974703264125,0.0
35.541666666666664,malecns_connected,0.0,0.47109605312497954,0.0,0.0,-0.00025261974703264125,0.0
35.55,malecns_connected,0.0,0.4710939479604209,0.0,0.0,-0.00025261974703264125,0.0
35.55833333333333,malecns_connected,0.0,0.4710918427958623,0.0,0.0,-0.00025261974703264125,0.0
35.56666666666666,malecns_connected,0.0,0.4710897376313037,0.0,0.0,-0.00025261974703264125,0.0
35.575,malecns_connected,0.0,0.47108763246674507,0.0,0.0,-0.00025261974703264125,0.0
35.583333333333336,malecns_connected,0.0,0.47108552730218645,0.0,0.0,-0.00025261974703264125,0.0
35.59166666666667,malecns_connected,0.0,0.4710834221376278,0.0,0.0,-0.00025261974703264125,0.0
35.6,malecns_connected,0.0,0.4710813169730692,0.0,0.0,-0.00025261974703264125,0.0
35.608333333333334,malecns_connected,0.0,0.4710792118085106,0.0,0.0,-0.00025261974703264125,0.0
35.61666666666667,malecns_connected,0.0,0.47107710664395197,0.0,0.0,-0.00025261974703264125,0.0
35.625,malecns_connected,0.0,0.47107500147939335,0.0,0.0,-0.00025261974703264125,0.0
35.63333333333333,malecns_connected,0.0,0.47107289631483473,0.0,0.0,-0.00025261974703264125,0.0
35.641666666666666,malecns_connected,0.0,0.4710707911502761,0.0,0.0,-0.00025261974703264125,0.0
35.65,malecns_connected,0.0,0.4710686859857175,0.0,0.0,-0.00025261974703264125,0.0
35.65833333333333,malecns_connected,0.0,0.4710665808211589,0.0,0.0,-0.00025261974703264125,0.0
35.666666666666664,malecns_connected,0.0,0.47106447565660026,0.0,0.0,-0.00025261974703264125,0.0
35.675,malecns_connected,0.0,0.47106237049204164,0.0,0.0,-0.00025261974703264125,0.0
35.68333333333333,malecns_connected,0.0,0.471060265327483,0.0,0.0,-0.00025261974703264125,0.0
35.69166666666666,malecns_connected,0.0,0.4710581601629244,0.0,0.0,-0.00025261974703264125,0.0
35.7,malecns_connected,0.0,0.4710560549983658,0.0,0.0,-0.00025261974703264125,0.0
35.708333333333336,malecns_connected,0.0,0.47105394983380716,0.0,0.0,-0.00025261974703264125,0.0
35.71666666666667,malecns_connected,0.0,0.47105184466924854,0.0,0.0,-0.00025261974703264125,0.0
35.725,malecns_connected,0.0,0.4710497395046899,0.0,0.0,-0.00025261974703264125,0.0
35.733333333333334,malecns_connected,0.0,0.4710476343401313,0.0,0.0,-0.00025261974703264125,0.0
35.74166666666667,malecns_connected,0.0,0.4710455291755727,0.0,0.0,-0.00025261974703264125,0.0
35.75,malecns_connected,0.0,0.47104342401101407,0.0,0.0,-0.00025261974703264125,0.0
35.75833333333333,malecns_connected,0.0,0.47104131884645545,0.0,0.0,-0.00025261974703264125,0.0
35.766666666666666,malecns_connected,0.0,0.47103921368189683,0.0,0.0,-0.00025261974703264125,0.0
35.775,malecns_connected,0.0,0.4710371085173382,0.0,0.0,-0.00025261974703264125,0.0
35.78333333333333,malecns_connected,0.0,0.4710350033527796,0.0,0.0,-0.00025261974703264125,0.0
35.791666666666664,malecns_connected,0.0,0.47103289818822097,0.0,0.0,-0.00025261974703264125,0.0
35.8,malecns_connected,0.0,0.47103079302366235,0.0,0.0,-0.00025261974703264125,0.0
35.80833333333333,malecns_connected,0.0,0.47102868785910373,0.0,0.0,-0.00025261974703264125,0.0
35.81666666666666,malecns_connected,0.0,0.4710265826945451,0.0,0.0,-0.00025261974703264125,0.0
35.825,malecns_connected,0.0,0.4710244775299865,0.0,0.0,-0.00025261974703264125,0.0
35.833333333333336,malecns_connected,0.0,0.4710223723654279,0.0,0.0,-0.00025261974703264125,0.0
35.84166666666667,malecns_connected,0.0,0.47102026720086926,0.0,0.0,-0.00025261974703264125,0.0
35.85,malecns_connected,0.0,0.47101816203631064,0.0,0.0,-0.00025261974703264125,0.0
35.858333333333334,malecns_connected,0.0,0.471016056871752,0.0,0.0,-0.00025261974703264125,0.0
35.86666666666667,malecns_connected,0.0,0.4710139517071934,0.0,0.0,-0.00025261974703264125,0.0
35.875,malecns_connected,0.0,0.4710118465426348,0.0,0.0,-0.00025261974703264125,0.0
35.88333333333333,malecns_connected,0.0,0.47100974137807616,0.0,0.0,-0.00025261974703264125,0.0
35.891666666666666,malecns_connected,0.0,0.47100763621351754,0.0,0.0,-0.00025261974703264125,0.0
35.9,malecns_connected,0.0,0.4710055310489589,0.0,0.0,-0.00025261974703264125,0.0
35.90833333333333,malecns_connected,0.0,0.4710034258844003,0.0,0.0,-0.00025261974703264125,0.0
35.916666666666664,malecns_connected,0.0,0.4710013207198417,0.0,0.0,-0.00025261974703264125,0.0
35.925,malecns_connected,0.0,0.47099921555528307,0.0,0.0,-0.00025261974703264125,0.0
35.93333333333333,malecns_connected,0.0,0.47099711039072445,0.0,0.0,-0.00025261974703264125,0.0
35.94166666666666,malecns_connected,0.0,0.47099500522616583,0.0,0.0,-0.00025261974703264125,0.0
35.95,malecns_connected,0.0,0.4709929000616072,0.0,0.0,-0.00025261974703264125,0.0
35.958333333333336,malecns_connected,0.0,0.4709907948970486,0.0,0.0,-0.00025261974703264125,0.0
35.96666666666667,malecns_connected,0.0,0.47098868973249,0.0,0.0,-0.00025261974703264125,0.0
35.975,malecns_connected,0.0,0.47098658456793135,0.0,0.0,-0.00025261974703264125,0.0
35.983333333333334,malecns_connected,0.0,0.47098447940337274,0.0,0.0,-0.00025261974703264125,0.0
35.99166666666667,malecns_connected,0.0,0.4709823742388141,0.0,0.0,-0.00025261974703264125,0.0
36.0,malecns_connected,0.0,0.4709802690742555,0.0,0.0,-0.00025261974703264125,0.0
36.00833333333333,malecns_connected,0.0,0.4709781639096969,0.0,0.0,-0.00025261974703264125,0.0
36.016666666666666,malecns_connected,0.0,0.47097605874513826,0.0,0.0,-0.00025261974703264125,0.0
36.025,malecns_connected,0.0,0.47097395358057964,0.0,0.0,-0.00025261974703264125,0.0
36.03333333333333,malecns_connected,0.0,0.470971848416021,0.0,0.0,-0.00025261974703264125,0.0
36.041666666666664,malecns_connected,0.0,0.4709697432514624,0.0,0.0,-0.00025261974703264125,0.0
36.05,malecns_connected,0.0,0.4709676380869038,0.0,0.0,-0.00025261974703264125,0.0
36.05833333333333,malecns_connected,0.0,0.47096553292234516,0.0,0.0,-0.00025261974703264125,0.0
36.06666666666666,malecns_connected,0.0,0.47096342775778655,0.0,0.0,-0.00025261974703264125,0.0
36.075,malecns_connected,0.0,0.4709613225932279,0.0,0.0,-0.00025261974703264125,0.0
36.083333333333336,malecns_connected,0.0,0.4709592174286693,0.0,0.0,-0.00025261974703264125,0.0
36.09166666666667,malecns_connected,0.0,0.4709571122641107,0.0,0.0,-0.00025261974703264125,0.0
36.1,malecns_connected,0.0,0.47095500709955207,0.0,0.0,-0.00025261974703264125,0.0
36.108333333333334,malecns_connected,0.0,0.47095290193499345,0.0,0.0,-0.00025261974703264125,0.0
36.11666666666667,malecns_connected,0.0,0.47095079677043483,0.0,0.0,-0.00025261974703264125,0.0
36.125,malecns_connected,0.0,0.4709486916058762,0.0,0.0,-0.00025261974703264125,0.0
36.13333333333333,malecns_connected,0.0,0.4709465864413176,0.0,0.0,-0.00025261974703264125,0.0
36.141666666666666,malecns_connected,0.0,0.470944481276759,0.0,0.0,-0.00025261974703264125,0.0
36.15,malecns_connected,0.0,0.47094237611220036,0.0,0.0,-0.00025261974703264125,0.0
36.15833333333333,malecns_connected,0.0,0.47094027094764174,0.0,0.0,-0.00025261974703264125,0.0
36.166666666666664,malecns_connected,0.0,0.4709381657830831,0.0,0.0,-0.00025261974703264125,0.0
36.175,malecns_connected,0.0,0.4709360606185245,0.0,0.0,-0.00025261974703264125,0.0
36.18333333333333,malecns_connected,0.0,0.4709339554539659,0.0,0.0,-0.00025261974703264125,0.0
36.19166666666666,malecns_connected,0.0,0.47093185028940726,0.0,0.0,-0.00025261974703264125,0.0
36.2,malecns_connected,0.0,0.47092974512484864,0.0,0.0,-0.00025261974703264125,0.0
36.208333333333336,malecns_connected,0.0,0.47092763996029,0.0,0.0,-0.00025261974703264125,0.0
36.21666666666667,malecns_connected,0.0,0.4709255347957314,0.0,0.0,-0.00025261974703264125,0.0
36.225,malecns_connected,0.0,0.4709234296311728,0.0,0.0,-0.00025261974703264125,0.0
36.233333333333334,malecns_connected,0.0,0.47092132446661417,0.0,0.0,-0.00025261974703264125,0.0
36.24166666666667,malecns_connected,0.0,0.47091921930205555,0.0,0.0,-0.00025261974703264125,0.0
36.25,malecns_connected,0.0,0.47091711413749693,0.0,0.0,-0.00025261974703264125,0.0
36.25833333333333,malecns_connected,0.0,0.4709150089729383,0.0,0.0,-0.00025261974703264125,0.0
36.266666666666666,malecns_connected,0.0,0.4709129038083797,0.0,0.0,-0.00025261974703264125,0.0
36.275,malecns_connected,0.0,0.47091079864382107,0.0,0.0,-0.00025261974703264125,0.0
36.28333333333333,malecns_connected,0.0,0.47090869347926245,0.0,0.0,-0.00025261974703264125,0.0
36.291666666666664,malecns_connected,0.0,0.47090658831470383,0.0,0.0,-0.00025261974703264125,0.0
36.3,malecns_connected,0.0,0.4709044831501452,0.0,0.0,-0.00025261974703264125,0.0
36.30833333333333,malecns_connected,0.0,0.4709023779855866,0.0,0.0,-0.00025261974703264125,0.0
36.31666666666666,malecns_connected,0.0,0.470900272821028,0.0,0.0,-0.00025261974703264125,0.0
36.325,malecns_connected,0.0,0.47089816765646936,0.0,0.0,-0.00025261974703264125,0.0
36.333333333333336,malecns_connected,0.0,0.47089606249191074,0.0,0.0,-0.00025261974703264125,0.0
36.34166666666667,malecns_connected,0.0,0.4708939573273521,0.0,0.0,-0.00025261974703264125,0.0
36.35,malecns_connected,0.0,0.4708918521627935,0.0,0.0,-0.00025261974703264125,0.0
36.358333333333334,malecns_connected,0.0,0.4708897469982349,0.0,0.0,-0.00025261974703264125,0.0
36.36666666666667,malecns_connected,0.0,0.47088764183367626,0.0,0.0,-0.00025261974703264125,0.0
36.375,malecns_connected,0.0,0.47088553666911764,0.0,0.0,-0.00025261974703264125,0.0
36.38333333333333,malecns_connected,0.0,0.470883431504559,0.0,0.0,-0.00025261974703264125,0.0
36.391666666666666,malecns_connected,0.0,0.4708813263400004,0.0,0.0,-0.00025261974703264125,0.0
36.4,malecns_connected,0.0,0.4708792211754418,0.0,0.0,-0.00025261974703264125,0.0
36.40833333333333,malecns_connected,0.0,0.47087711601088317,0.0,0.0,-0.00025261974703264125,0.0
36.416666666666664,malecns_connected,0.0,0.47087501084632455,0.0,0.0,-0.00025261974703264125,0.0
36.425,malecns_connected,0.0,0.47087290568176593,0.0,0.0,-0.00025261974703264125,0.0
36.43333333333333,malecns_connected,0.0,0.4708708005172073,0.0,0.0,-0.00025261974703264125,0.0
36.44166666666666,malecns_connected,0.0,0.4708686953526487,0.0,0.0,-0.00025261974703264125,0.0
36.45,malecns_connected,0.0,0.4708665901880901,0.0,0.0,-0.00025261974703264125,0.0
36.458333333333336,malecns_connected,0.0,0.47086448502353145,0.0,0.0,-0.00025261974703264125,0.0
36.46666666666667,malecns_connected,0.0,0.47086237985897283,0.0,0.0,-0.00025261974703264125,0.0
36.475,malecns_connected,0.0,0.4708602746944142,0.0,0.0,-0.00025261974703264125,0.0
36.483333333333334,malecns_connected,0.0,0.4708581695298556,0.0,0.0,-0.00025261974703264125,0.0
36.49166666666667,malecns_connected,0.0,0.470856064365297,0.0,0.0,-0.00025261974703264125,0.0
36.5,malecns_connected,0.0,0.47085395920073836,0.0,0.0,-0.00025261974703264125,0.0
36.50833333333333,malecns_connected,0.0,0.47085185403617974,0.0,0.0,-0.00025261974703264125,0.0
36.516666666666666,malecns_connected,0.0,0.4708497488716211,0.0,0.0,-0.00025261974703264125,0.0
36.525,malecns_connected,0.0,0.4708476437070625,0.0,0.0,-0.00025261974703264125,0.0
36.53333333333333,malecns_connected,0.0,0.4708455385425039,0.0,0.0,-0.00025261974703264125,0.0
36.541666666666664,malecns_connected,0.0,0.47084343337794526,0.0,0.0,-0.00025261974703264125,0.0
36.55,malecns_connected,0.0,0.47084132821338665,0.0,0.0,-0.00025261974703264125,0.0
36.55833333333333,malecns_connected,0.0,0.470839223048828,0.0,0.0,-0.00025261974703264125,0.0
36.56666666666666,malecns_connected,0.0,0.4708371178842694,0.0,0.0,-0.00025261974703264125,0.0
36.575,malecns_connected,0.0,0.4708350127197108,0.0,0.0,-0.00025261974703264125,0.0
36.583333333333336,malecns_connected,0.0,0.47083290755515217,0.0,0.0,-0.00025261974703264125,0.0
36.59166666666667,malecns_connected,0.0,0.47083080239059355,0.0,0.0,-0.00025261974703264125,0.0
36.6,malecns_connected,0.0,0.47082869722603493,0.0,0.0,-0.00025261974703264125,0.0
36.608333333333334,malecns_connected,0.0,0.4708265920614763,0.0,0.0,-0.00025261974703264125,0.0
36.61666666666667,malecns_connected,0.0,0.4708244868969177,0.0,0.0,-0.00025261974703264125,0.0
36.625,malecns_connected,0.0,0.4708223817323591,0.0,0.0,-0.00025261974703264125,0.0
36.63333333333333,malecns_connected,0.0,0.47082027656780046,0.0,0.0,-0.00025261974703264125,0.0
36.641666666666666,malecns_connected,0.0,0.47081817140324184,0.0,0.0,-0.00025261974703264125,0.0
36.65,malecns_connected,0.0,0.4708160662386832,0.0,0.0,-0.00025261974703264125,0.0
36.65833333333333,malecns_connected,0.0,0.4708139610741246,0.0,0.0,-0.00025261974703264125,0.0
36.666666666666664,malecns_connected,0.0,0.470811855909566,0.0,0.0,-0.00025261974703264125,0.0
36.675,malecns_connected,0.0,0.47080975074500736,0.0,0.0,-0.00025261974703264125,0.0
36.68333333333333,malecns_connected,0.0,0.47080764558044874,0.0,0.0,-0.00025261974703264125,0.0
36.69166666666666,malecns_connected,0.0,0.4708055404158901,0.0,0.0,-0.00025261974703264125,0.0
36.7,malecns_connected,0.0,0.4708034352513315,0.0,0.0,-0.00025261974703264125,0.0
36.708333333333336,malecns_connected,0.0,0.4708013300867729,0.0,0.0,-0.00025261974703264125,0.0
36.71666666666667,malecns_connected,0.0,0.47079922492221427,0.0,0.0,-0.00025261974703264125,0.0
36.725,malecns_connected,0.0,0.47079711975765565,0.0,0.0,-0.00025261974703264125,0.0
36.733333333333334,malecns_connected,0.0,0.470795014593097,0.0,0.0,-0.00025261974703264125,0.0
36.74166666666667,malecns_connected,0.0,0.4707929094285384,0.0,0.0,-0.00025261974703264125,0.0
36.75,malecns_connected,0.0,0.4707908042639798,0.0,0.0,-0.00025261974703264125,0.0
36.75833333333333,malecns_connected,0.0,0.47078869909942117,0.0,0.0,-0.00025261974703264125,0.0
36.766666666666666,malecns_connected,0.0,0.47078659393486255,0.0,0.0,-0.00025261974703264125,0.0
36.775,malecns_connected,0.0,0.47078448877030393,0.0,0.0,-0.00025261974703264125,0.0
36.78333333333333,malecns_connected,0.0,0.4707823836057453,0.0,0.0,-0.00025261974703264125,0.0
36.791666666666664,malecns_connected,0.0,0.4707802784411867,0.0,0.0,-0.00025261974703264125,0.0
36.8,malecns_connected,0.0,0.4707781732766281,0.0,0.0,-0.00025261974703264125,0.0
36.80833333333333,malecns_connected,0.0,0.47077606811206946,0.0,0.0,-0.00025261974703264125,0.0
36.81666666666666,malecns_connected,0.0,0.47077396294751084,0.0,0.0,-0.00025261974703264125,0.0
36.825,malecns_connected,0.0,0.4707718577829522,0.0,0.0,-0.00025261974703264125,0.0
36.833333333333336,malecns_connected,0.0,0.4707697526183936,0.0,0.0,-0.00025261974703264125,0.0
36.84166666666667,malecns_connected,0.0,0.470767647453835,0.0,0.0,-0.00025261974703264125,0.0
36.85,malecns_connected,0.0,0.47076554228927636,0.0,0.0,-0.00025261974703264125,0.0
36.858333333333334,malecns_connected,0.0,0.47076343712471774,0.0,0.0,-0.00025261974703264125,0.0
36.86666666666667,malecns_connected,0.0,0.4707613319601591,0.0,0.0,-0.00025261974703264125,0.0
36.875,malecns_connected,0.0,0.4707592267956005,0.0,0.0,-0.00025261974703264125,0.0
36.88333333333333,malecns_connected,0.0,0.4707571216310419,0.0,0.0,-0.00025261974703264125,0.0
36.891666666666666,malecns_connected,0.0,0.47075501646648327,0.0,0.0,-0.00025261974703264125,0.0
36.9,malecns_connected,0.0,0.47075291130192465,0.0,0.0,-0.00025261974703264125,0.0
36.90833333333333,malecns_connected,0.0,0.47075080613736603,0.0,0.0,-0.00025261974703264125,0.0
36.916666666666664,malecns_connected,0.0,0.4707487009728074,0.0,0.0,-0.00025261974703264125,0.0
36.925,malecns_connected,0.0,0.4707465958082488,0.0,0.0,-0.00025261974703264125,0.0
36.93333333333333,malecns_connected,0.0,0.47074449064369017,0.0,0.0,-0.00025261974703264125,0.0
36.94166666666666,malecns_connected,0.0,0.47074238547913155,0.0,0.0,-0.00025261974703264125,0.0
36.95,malecns_connected,0.0,0.47074028031457293,0.0,0.0,-0.00025261974703264125,0.0
36.958333333333336,malecns_connected,0.0,0.4707381751500143,0.0,0.0,-0.00025261974703264125,0.0
36.96666666666667,malecns_connected,0.0,0.4707360699854557,0.0,0.0,-0.00025261974703264125,0.0
36.975,malecns_connected,0.0,0.4707339648208971,0.0,0.0,-0.00025261974703264125,0.0
36.983333333333334,malecns_connected,0.0,0.47073185965633846,0.0,0.0,-0.00025261974703264125,0.0
36.99166666666667,malecns_connected,0.0,0.47072975449177984,0.0,0.0,-0.00025261974703264125,0.0
37.0,malecns_connected,0.0,0.4707276493272212,0.0,0.0,-0.00025261974703264125,0.0
37.00833333333333,malecns_connected,0.0,0.4707255441626626,0.0,0.0,-0.00025261974703264125,0.0
37.016666666666666,malecns_connected,0.0,0.470723438998104,0.0,0.0,-0.00025261974703264125,0.0
37.025,malecns_connected,0.0,0.47072133383354536,0.0,0.0,-0.00025261974703264125,0.0
37.03333333333333,malecns_connected,0.0,0.47071922866898674,0.0,0.0,-0.00025261974703264125,0.0
37.041666666666664,malecns_connected,0.0,0.4707171235044281,0.0,0.0,-0.00025261974703264125,0.0
37.05,malecns_connected,0.0,0.4707150183398695,0.0,0.0,-0.00025261974703264125,0.0
37.05833333333333,malecns_connected,0.0,0.4707129131753109,0.0,0.0,-0.00025261974703264125,0.0
37.06666666666666,malecns_connected,0.0,0.47071080801075227,0.0,0.0,-0.00025261974703264125,0.0
37.075,malecns_connected,0.0,0.47070870284619365,0.0,0.0,-0.00025261974703264125,0.0
37.083333333333336,malecns_connected,0.0,0.47070659768163503,0.0,0.0,-0.00025261974703264125,0.0
37.09166666666667,malecns_connected,0.0,0.4707044925170764,0.0,0.0,-0.00025261974703264125,0.0
37.1,malecns_connected,0.0,0.4707023873525178,0.0,0.0,-0.00025261974703264125,0.0
37.108333333333334,malecns_connected,0.0,0.4707002821879592,0.0,0.0,-0.00025261974703264125,0.0
37.11666666666667,malecns_connected,0.0,0.47069817702340055,0.0,0.0,-0.00025261974703264125,0.0
37.125,malecns_connected,0.0,0.47069607185884194,0.0,0.0,-0.00025261974703264125,0.0
37.13333333333333,malecns_connected,0.0,0.4706939666942833,0.0,0.0,-0.00025261974703264125,0.0
37.141666666666666,malecns_connected,0.0,0.4706918615297247,0.0,0.0,-0.00025261974703264125,0.0
37.15,malecns_connected,0.0,0.4706897563651661,0.0,0.0,-0.00025261974703264125,0.0
37.15833333333333,malecns_connected,0.0,0.47068765120060746,0.0,0.0,-0.00025261974703264125,0.0
37.166666666666664,malecns_connected,0.0,0.47068554603604884,0.0,0.0,-0.00025261974703264125,0.0
37.175,malecns_connected,0.0,0.4706834408714902,0.0,0.0,-0.00025261974703264125,0.0
37.18333333333333,malecns_connected,0.0,0.4706813357069316,0.0,0.0,-0.00025261974703264125,0.0
37.19166666666666,malecns_connected,0.0,0.470679230542373,0.0,0.0,-0.00025261974703264125,0.0
37.2,malecns_connected,0.0,0.47067712537781436,0.0,0.0,-0.00025261974703264125,0.0
37.208333333333336,malecns_connected,0.0,0.47067502021325575,0.0,0.0,-0.00025261974703264125,0.0
37.21666666666667,malecns_connected,0.0,0.4706729150486971,0.0,0.0,-0.00025261974703264125,0.0
37.225,malecns_connected,0.0,0.4706708098841385,0.0,0.0,-0.00025261974703264125,0.0
37.233333333333334,malecns_connected,0.0,0.4706687047195799,0.0,0.0,-0.00025261974703264125,0.0
37.24166666666667,malecns_connected,0.0,0.47066659955502127,0.0,0.0,-0.00025261974703264125,0.0
37.25,malecns_connected,0.0,0.47066449439046265,0.0,0.0,-0.00025261974703264125,0.0
37.25833333333333,malecns_connected,0.0,0.47066238922590403,0.0,0.0,-0.00025261974703264125,0.0
37.266666666666666,malecns_connected,0.0,0.4706602840613454,0.0,0.0,-0.00025261974703264125,0.0
37.275,malecns_connected,0.0,0.4706581788967868,0.0,0.0,-0.00025261974703264125,0.0
37.28333333333333,malecns_connected,0.0,0.4706560737322282,0.0,0.0,-0.00025261974703264125,0.0
37.291666666666664,malecns_connected,0.0,0.47065396856766956,0.0,0.0,-0.00025261974703264125,0.0
37.3,malecns_connected,0.0,0.47065186340311094,0.0,0.0,-0.00025261974703264125,0.0
37.30833333333333,malecns_connected,0.0,0.4706497582385523,0.0,0.0,-0.00025261974703264125,0.0
37.31666666666666,malecns_connected,0.0,0.4706476530739937,0.0,0.0,-0.00025261974703264125,0.0
37.325,malecns_connected,0.0,0.4706455479094351,0.0,0.0,-0.00025261974703264125,0.0
37.333333333333336,malecns_connected,0.0,0.47064344274487646,0.0,0.0,-0.00025261974703264125,0.0
37.34166666666667,malecns_connected,0.0,0.47064133758031784,0.0,0.0,-0.00025261974703264125,0.0
37.35,malecns_connected,0.0,0.4706392324157592,0.0,0.0,-0.00025261974703264125,0.0
37.358333333333334,malecns_connected,0.0,0.4706371272512006,0.0,0.0,-0.00025261974703264125,0.0
37.36666666666667,malecns_connected,0.0,0.470635022086642,0.0,0.0,-0.00025261974703264125,0.0
37.375,malecns_connected,0.0,0.47063291692208337,0.0,0.0,-0.00025261974703264125,0.0
37.38333333333333,malecns_connected,0.0,0.47063081175752475,0.0,0.0,-0.00025261974703264125,0.0
37.391666666666666,malecns_connected,0.0,0.47062870659296613,0.0,0.0,-0.00025261974703264125,0.0
37.4,malecns_connected,0.0,0.4706266014284075,0.0,0.0,-0.00025261974703264125,0.0
37.40833333333333,malecns_connected,0.0,0.4706244962638489,0.0,0.0,-0.00025261974703264125,0.0
37.416666666666664,malecns_connected,0.0,0.47062239109929027,0.0,0.0,-0.00025261974703264125,0.0
37.425,malecns_connected,0.0,0.47062028593473165,0.0,0.0,-0.00025261974703264125,0.0
37.43333333333333,malecns_connected,0.0,0.47061818077017303,0.0,0.0,-0.00025261974703264125,0.0
37.44166666666666,malecns_connected,0.0,0.4706160756056144,0.0,0.0,-0.00025261974703264125,0.0
37.45,malecns_connected,0.0,0.4706139704410558,0.0,0.0,-0.00025261974703264125,0.0
37.458333333333336,malecns_connected,0.0,0.4706118652764972,0.0,0.0,-0.00025261974703264125,0.0
37.46666666666667,malecns_connected,0.0,0.47060976011193856,0.0,0.0,-0.00025261974703264125,0.0
37.475,malecns_connected,0.0,0.47060765494737994,0.0,0.0,-0.00025261974703264125,0.0
37.483333333333334,malecns_connected,0.0,0.4706055497828213,0.0,0.0,-0.00025261974703264125,0.0
37.49166666666667,malecns_connected,0.0,0.4706034446182627,0.0,0.0,-0.00025261974703264125,0.0
37.5,malecns_connected,0.0,0.4706013394537041,0.0,0.0,-0.00025261974703264125,0.0
37.50833333333333,malecns_connected,0.0,0.47059923428914546,0.0,0.0,-0.00025261974703264125,0.0
37.516666666666666,malecns_connected,0.0,0.47059712912458684,0.0,0.0,-0.00025261974703264125,0.0
37.525,malecns_connected,0.0,0.4705950239600282,0.0,0.0,-0.00025261974703264125,0.0
37.53333333333333,malecns_connected,0.0,0.4705929187954696,0.0,0.0,-0.00025261974703264125,0.0
37.541666666666664,malecns_connected,0.0,0.470590813630911,0.0,0.0,-0.00025261974703264125,0.0
37.55,malecns_connected,0.0,0.47058870846635237,0.0,0.0,-0.00025261974703264125,0.0
37.55833333333333,malecns_connected,0.0,0.47058660330179375,0.0,0.0,-0.00025261974703264125,0.0
37.56666666666666,malecns_connected,0.0,0.47058449813723513,0.0,0.0,-0.00025261974703264125,0.0
37.575,malecns_connected,0.0,0.4705823929726765,0.0,0.0,-0.00025261974703264125,0.0
37.583333333333336,malecns_connected,0.0,0.4705802878081179,0.0,0.0,-0.00025261974703264125,0.0
37.59166666666667,malecns_connected,0.0,0.4705781826435593,0.0,0.0,-0.00025261974703264125,0.0
37.6,malecns_connected,0.0,0.47057607747900065,0.0,0.0,-0.00025261974703264125,0.0
37.608333333333334,malecns_connected,0.0,0.47057397231444204,0.0,0.0,-0.00025261974703264125,0.0
37.61666666666667,malecns_connected,0.0,0.4705718671498834,0.0,0.0,-0.00025261974703264125,0.0
37.625,malecns_connected,0.0,0.4705697619853248,0.0,0.0,-0.00025261974703264125,0.0
37.63333333333333,malecns_connected,0.0,0.4705676568207662,0.0,0.0,-0.00025261974703264125,0.0
37.641666666666666,malecns_connected,0.0,0.47056555165620756,0.0,0.0,-0.00025261974703264125,0.0
37.65,malecns_connected,0.0,0.47056344649164894,0.0,0.0,-0.00025261974703264125,0.0
37.65833333333333,malecns_connected,0.0,0.4705613413270903,0.0,0.0,-0.00025261974703264125,0.0
37.666666666666664,malecns_connected,0.0,0.4705592361625317,0.0,0.0,-0.00025261974703264125,0.0
37.675,malecns_connected,0.0,0.4705571309979731,0.0,0.0,-0.00025261974703264125,0.0
37.68333333333333,malecns_connected,0.0,0.47055502583341446,0.0,0.0,-0.00025261974703264125,0.0
37.69166666666666,malecns_connected,0.0,0.47055292066885585,0.0,0.0,-0.00025261974703264125,0.0
37.7,malecns_connected,0.0,0.4705508155042972,0.0,0.0,-0.00025261974703264125,0.0
37.708333333333336,malecns_connected,0.0,0.4705487103397386,0.0,0.0,-0.00025261974703264125,0.0
37.71666666666667,malecns_connected,0.0,0.47054660517518,0.0,0.0,-0.00025261974703264125,0.0
37.725,malecns_connected,0.0,0.47054450001062137,0.0,0.0,-0.00025261974703264125,0.0
37.733333333333334,malecns_connected,0.0,0.47054239484606275,0.0,0.0,-0.00025261974703264125,0.0
37.74166666666667,malecns_connected,0.0,0.47054028968150413,0.0,0.0,-0.00025261974703264125,0.0
37.75,malecns_connected,0.0,0.4705381845169455,0.0,0.0,-0.00025261974703264125,0.0
37.75833333333333,malecns_connected,0.0,0.4705360793523869,0.0,0.0,-0.00025261974703264125,0.0
37.766666666666666,malecns_connected,0.0,0.4705339741878283,0.0,0.0,-0.00025261974703264125,0.0
37.775,malecns_connected,0.0,0.47053186902326966,0.0,0.0,-0.00025261974703264125,0.0
37.78333333333333,malecns_connected,0.0,0.47052976385871104,0.0,0.0,-0.00025261974703264125,0.0
37.791666666666664,malecns_connected,0.0,0.4705276586941524,0.0,0.0,-0.00025261974703264125,0.0
37.8,malecns_connected,0.0,0.4705255535295938,0.0,0.0,-0.00025261974703264125,0.0
37.80833333333333,malecns_connected,0.0,0.4705234483650352,0.0,0.0,-0.00025261974703264125,0.0
37.81666666666666,malecns_connected,0.0,0.47052134320047656,0.0,0.0,-0.00025261974703264125,0.0
37.825,malecns_connected,0.0,0.47051923803591794,0.0,0.0,-0.00025261974703264125,0.0
37.833333333333336,malecns_connected,0.0,0.4705171328713593,0.0,0.0,-0.00025261974703264125,0.0
37.84166666666667,malecns_connected,0.0,0.4705150277068007,0.0,0.0,-0.00025261974703264125,0.0
37.85,malecns_connected,0.0,0.4705129225422421,0.0,0.0,-0.00025261974703264125,0.0
37.858333333333334,malecns_connected,0.0,0.47051081737768347,0.0,0.0,-0.00025261974703264125,0.0
37.86666666666667,malecns_connected,0.0,0.47050871221312485,0.0,0.0,-0.00025261974703264125,0.0
37.875,malecns_connected,0.0,0.4705066070485662,0.0,0.0,-0.00025261974703264125,0.0
37.88333333333333,malecns_connected,0.0,0.4705045018840076,0.0,0.0,-0.00025261974703264125,0.0
37.891666666666666,malecns_connected,0.0,0.470502396719449,0.0,0.0,-0.00025261974703264125,0.0
37.9,malecns_connected,0.0,0.47050029155489037,0.0,0.0,-0.00025261974703264125,0.0
37.90833333333333,malecns_connected,0.0,0.47049818639033175,0.0,0.0,-0.00025261974703264125,0.0
37.916666666666664,malecns_connected,0.0,0.47049608122577313,0.0,0.0,-0.00025261974703264125,0.0
37.925,malecns_connected,0.0,0.4704939760612145,0.0,0.0,-0.00025261974703264125,0.0
37.93333333333333,malecns_connected,0.0,0.4704918708966559,0.0,0.0,-0.00025261974703264125,0.0
37.94166666666666,malecns_connected,0.0,0.4704897657320973,0.0,0.0,-0.00025261974703264125,0.0
37.95,malecns_connected,0.0,0.47048766056753866,0.0,0.0,-0.00025261974703264125,0.0
37.958333333333336,malecns_connected,0.0,0.47048555540298004,0.0,0.0,-0.00025261974703264125,0.0
37.96666666666667,malecns_connected,0.0,0.4704834502384214,0.0,0.0,-0.00025261974703264125,0.0
37.975,malecns_connected,0.0,0.4704813450738628,0.0,0.0,-0.00025261974703264125,0.0
37.983333333333334,malecns_connected,0.0,0.4704792399093042,0.0,0.0,-0.00025261974703264125,0.0
37.99166666666667,malecns_connected,0.0,0.47047713474474556,0.0,0.0,-0.00025261974703264125,0.0
38.0,malecns_connected,0.0,0.47047502958018694,0.0,0.0,-0.00025261974703264125,0.0
38.00833333333333,malecns_connected,0.0,0.4704729244156283,0.0,0.0,-0.00025261974703264125,0.0
38.016666666666666,malecns_connected,0.0,0.4704708192510697,0.0,0.0,-0.00025261974703264125,0.0
38.025,malecns_connected,0.0,0.4704687140865111,0.0,0.0,-0.00025261974703264125,0.0
38.03333333333333,malecns_connected,0.0,0.47046660892195247,0.0,0.0,-0.00025261974703264125,0.0
38.041666666666664,malecns_connected,0.0,0.47046450375739385,0.0,0.0,-0.00025261974703264125,0.0
38.05,malecns_connected,0.0,0.47046239859283523,0.0,0.0,-0.00025261974703264125,0.0
38.05833333333333,malecns_connected,0.0,0.4704602934282766,0.0,0.0,-0.00025261974703264125,0.0
38.06666666666666,malecns_connected,0.0,0.470458188263718,0.0,0.0,-0.00025261974703264125,0.0
38.075,malecns_connected,0.0,0.4704560830991594,0.0,0.0,-0.00025261974703264125,0.0
38.083333333333336,malecns_connected,0.0,0.47045397793460075,0.0,0.0,-0.00025261974703264125,0.0
38.09166666666667,malecns_connected,0.0,0.47045187277004213,0.0,0.0,-0.00025261974703264125,0.0
38.1,malecns_connected,0.0,0.4704497676054835,0.0,0.0,-0.00025261974703264125,0.0
38.108333333333334,malecns_connected,0.0,0.4704476624409249,0.0,0.0,-0.00025261974703264125,0.0
38.11666666666667,malecns_connected,0.0,0.4704455572763663,0.0,0.0,-0.00025261974703264125,0.0
38.125,malecns_connected,0.0,0.47044345211180766,0.0,0.0,-0.00025261974703264125,0.0
38.13333333333333,malecns_connected,0.0,0.47044134694724904,0.0,0.0,-0.00025261974703264125,0.0
38.141666666666666,malecns_connected,0.0,0.4704392417826904,0.0,0.0,-0.00025261974703264125,0.0
38.15,malecns_connected,0.0,0.4704371366181318,0.0,0.0,-0.00025261974703264125,0.0
38.15833333333333,malecns_connected,0.0,0.4704350314535732,0.0,0.0,-0.00025261974703264125,0.0
38.166666666666664,malecns_connected,0.0,0.47043292628901456,0.0,0.0,-0.00025261974703264125,0.0
38.175,malecns_connected,0.0,0.47043082112445594,0.0,0.0,-0.00025261974703264125,0.0
38.18333333333333,malecns_connected,0.0,0.4704287159598973,0.0,0.0,-0.00025261974703264125,0.0
38.19166666666666,malecns_connected,0.0,0.4704266107953387,0.0,0.0,-0.00025261974703264125,0.0
38.2,malecns_connected,0.0,0.4704245056307801,0.0,0.0,-0.00025261974703264125,0.0
38.208333333333336,malecns_connected,0.0,0.47042240046622147,0.0,0.0,-0.00025261974703264125,0.0
38.21666666666667,malecns_connected,0.0,0.47042029530166285,0.0,0.0,-0.00025261974703264125,0.0
38.225,malecns_connected,0.0,0.47041819013710423,0.0,0.0,-0.00025261974703264125,0.0
38.233333333333334,malecns_connected,0.0,0.4704160849725456,0.0,0.0,-0.00025261974703264125,0.0
38.24166666666667,malecns_connected,0.0,0.470413979807987,0.0,0.0,-0.00025261974703264125,0.0
38.25,malecns_connected,0.0,0.4704118746434284,0.0,0.0,-0.00025261974703264125,0.0
38.25833333333333,malecns_connected,0.0,0.47040976947886975,0.0,0.0,-0.00025261974703264125,0.0
38.266666666666666,malecns_connected,0.0,0.47040766431431114,0.0,0.0,-0.00025261974703264125,0.0
38.275,malecns_connected,0.0,0.4704055591497525,0.0,0.0,-0.00025261974703264125,0.0
38.28333333333333,malecns_connected,0.0,0.4704034539851939,0.0,0.0,-0.00025261974703264125,0.0
38.291666666666664,malecns_connected,0.0,0.4704013488206353,0.0,0.0,-0.00025261974703264125,0.0
38.3,malecns_connected,0.0,0.47039924365607666,0.0,0.0,-0.00025261974703264125,0.0
38.30833333333333,malecns_connected,0.0,0.47039713849151804,0.0,0.0,-0.00025261974703264125,0.0
38.31666666666666,malecns_connected,0.0,0.4703950333269594,0.0,0.0,-0.00025261974703264125,0.0
38.325,malecns_connected,0.0,0.4703929281624008,0.0,0.0,-0.00025261974703264125,0.0
38.333333333333336,malecns_connected,0.0,0.4703908229978422,0.0,0.0,-0.00025261974703264125,0.0
38.34166666666667,malecns_connected,0.0,0.47038871783328357,0.0,0.0,-0.00025261974703264125,0.0
38.35,malecns_connected,0.0,0.47038661266872495,0.0,0.0,-0.00025261974703264125,0.0
38.358333333333334,malecns_connected,0.0,0.4703845075041663,0.0,0.0,-0.00025261974703264125,0.0
38.36666666666667,malecns_connected,0.0,0.4703824023396077,0.0,0.0,-0.00025261974703264125,0.0
38.375,malecns_connected,0.0,0.4703802971750491,0.0,0.0,-0.00025261974703264125,0.0
38.38333333333333,malecns_connected,0.0,0.47037819201049047,0.0,0.0,-0.00025261974703264125,0.0
38.391666666666666,malecns_connected,0.0,0.47037608684593185,0.0,0.0,-0.00025261974703264125,0.0
38.4,malecns_connected,0.0,0.47037398168137323,0.0,0.0,-0.00025261974703264125,0.0
38.40833333333333,malecns_connected,0.0,0.4703718765168146,0.0,0.0,-0.00025261974703264125,0.0
38.416666666666664,malecns_connected,0.0,0.470369771352256,0.0,0.0,-0.00025261974703264125,0.0
38.425,malecns_connected,0.0,0.4703676661876974,0.0,0.0,-0.00025261974703264125,0.0
38.43333333333333,malecns_connected,0.0,0.47036556102313876,0.0,0.0,-0.00025261974703264125,0.0
38.44166666666666,malecns_connected,0.0,0.47036345585858014,0.0,0.0,-0.00025261974703264125,0.0
38.45,malecns_connected,0.0,0.4703613506940215,0.0,0.0,-0.00025261974703264125,0.0
38.458333333333336,malecns_connected,0.0,0.4703592455294629,0.0,0.0,-0.00025261974703264125,0.0
38.46666666666667,malecns_connected,0.0,0.4703571403649043,0.0,0.0,-0.00025261974703264125,0.0
38.475,malecns_connected,0.0,0.47035503520034566,0.0,0.0,-0.00025261974703264125,0.0
38.483333333333334,malecns_connected,0.0,0.47035293003578704,0.0,0.0,-0.00025261974703264125,0.0
38.49166666666667,malecns_connected,0.0,0.4703508248712284,0.0,0.0,-0.00025261974703264125,0.0
38.5,malecns_connected,0.0,0.4703487197066698,0.0,0.0,-0.00025261974703264125,0.0
38.50833333333333,malecns_connected,0.0,0.4703466145421112,0.0,0.0,-0.00025261974703264125,0.0
38.516666666666666,malecns_connected,0.0,0.47034450937755257,0.0,0.0,-0.00025261974703264125,0.0
38.525,malecns_connected,0.0,0.47034240421299395,0.0,0.0,-0.00025261974703264125,0.0
38.53333333333333,malecns_connected,0.0,0.47034029904843533,0.0,0.0,-0.00025261974703264125,0.0
38.541666666666664,malecns_connected,0.0,0.4703381938838767,0.0,0.0,-0.00025261974703264125,0.0
38.55,malecns_connected,0.0,0.4703360887193181,0.0,0.0,-0.00025261974703264125,0.0
38.55833333333333,malecns_connected,0.0,0.47033398355475947,0.0,0.0,-0.00025261974703264125,0.0
38.56666666666666,malecns_connected,0.0,0.47033187839020085,0.0,0.0,-0.00025261974703264125,0.0
38.575,malecns_connected,0.0,0.47032977322564223,0.0,0.0,-0.00025261974703264125,0.0
38.583333333333336,malecns_connected,0.0,0.4703276680610836,0.0,0.0,-0.00025261974703264125,0.0
38.59166666666667,malecns_connected,0.0,0.470325562896525,0.0,0.0,-0.00025261974703264125,0.0
38.6,malecns_connected,0.0,0.4703234577319664,0.0,0.0,-0.00025261974703264125,0.0
38.608333333333334,malecns_connected,0.0,0.47032135256740776,0.0,0.0,-0.00025261974703264125,0.0
38.61666666666667,malecns_connected,0.0,0.47031924740284914,0.0,0.0,-0.00025261974703264125,0.0
38.625,malecns_connected,0.0,0.4703171422382905,0.0,0.0,-0.00025261974703264125,0.0
38.63333333333333,malecns_connected,0.0,0.4703150370737319,0.0,0.0,-0.00025261974703264125,0.0
38.641666666666666,malecns_connected,0.0,0.4703129319091733,0.0,0.0,-0.00025261974703264125,0.0
38.65,malecns_connected,0.0,0.47031082674461466,0.0,0.0,-0.00025261974703264125,0.0
38.65833333333333,malecns_connected,0.0,0.47030872158005604,0.0,0.0,-0.00025261974703264125,0.0
38.666666666666664,malecns_connected,0.0,0.4703066164154974,0.0,0.0,-0.00025261974703264125,0.0
38.675,malecns_connected,0.0,0.4703045112509388,0.0,0.0,-0.00025261974703264125,0.0
38.68333333333333,malecns_connected,0.0,0.4703024060863802,0.0,0.0,-0.00025261974703264125,0.0
38.69166666666666,malecns_connected,0.0,0.47030030092182157,0.0,0.0,-0.00025261974703264125,0.0
38.7,malecns_connected,0.0,0.47029819575726295,0.0,0.0,-0.00025261974703264125,0.0
38.708333333333336,malecns_connected,0.0,0.47029609059270433,0.0,0.0,-0.00025261974703264125,0.0
38.71666666666667,malecns_connected,0.0,0.4702939854281457,0.0,0.0,-0.00025261974703264125,0.0
38.725,malecns_connected,0.0,0.4702918802635871,0.0,0.0,-0.00025261974703264125,0.0
38.733333333333334,malecns_connected,0.0,0.4702897750990285,0.0,0.0,-0.00025261974703264125,0.0
38.74166666666667,malecns_connected,0.0,0.47028766993446985,0.0,0.0,-0.00025261974703264125,0.0
38.75,malecns_connected,0.0,0.47028556476991124,0.0,0.0,-0.00025261974703264125,0.0
38.75833333333333,malecns_connected,0.0,0.4702834596053526,0.0,0.0,-0.00025261974703264125,0.0
38.766666666666666,malecns_connected,0.0,0.470281354440794,0.0,0.0,-0.00025261974703264125,0.0
38.775,malecns_connected,0.0,0.4702792492762354,0.0,0.0,-0.00025261974703264125,0.0
38.78333333333333,malecns_connected,0.0,0.47027714411167676,0.0,0.0,-0.00025261974703264125,0.0
38.791666666666664,malecns_connected,0.0,0.47027503894711814,0.0,0.0,-0.00025261974703264125,0.0
38.8,malecns_connected,0.0,0.4702729337825595,0.0,0.0,-0.00025261974703264125,0.0
38.80833333333333,malecns_connected,0.0,0.4702708286180009,0.0,0.0,-0.00025261974703264125,0.0
38.81666666666666,malecns_connected,0.0,0.4702687234534423,0.0,0.0,-0.00025261974703264125,0.0
38.825,malecns_connected,0.0,0.47026661828888366,0.0,0.0,-0.00025261974703264125,0.0
38.833333333333336,malecns_connected,0.0,0.47026451312432505,0.0,0.0,-0.00025261974703264125,0.0
38.84166666666667,malecns_connected,0.0,0.4702624079597664,0.0,0.0,-0.00025261974703264125,0.0
38.85,malecns_connected,0.0,0.4702603027952078,0.0,0.0,-0.00025261974703264125,0.0
38.858333333333334,malecns_connected,0.0,0.4702581976306492,0.0,0.0,-0.00025261974703264125,0.0
38.86666666666667,malecns_connected,0.0,0.47025609246609057,0.0,0.0,-0.00025261974703264125,0.0
38.875,malecns_connected,0.0,0.47025398730153195,0.0,0.0,-0.00025261974703264125,0.0
38.88333333333333,malecns_connected,0.0,0.47025188213697333,0.0,0.0,-0.00025261974703264125,0.0
38.891666666666666,malecns_connected,0.0,0.4702497769724147,0.0,0.0,-0.00025261974703264125,0.0
38.9,malecns_connected,0.0,0.4702476718078561,0.0,0.0,-0.00025261974703264125,0.0
38.90833333333333,malecns_connected,0.0,0.4702455666432975,0.0,0.0,-0.00025261974703264125,0.0
38.916666666666664,malecns_connected,0.0,0.47024346147873886,0.0,0.0,-0.00025261974703264125,0.0
38.925,malecns_connected,0.0,0.47024135631418024,0.0,0.0,-0.00025261974703264125,0.0
38.93333333333333,malecns_connected,0.0,0.4702392511496216,0.0,0.0,-0.00025261974703264125,0.0
38.94166666666666,malecns_connected,0.0,0.470237145985063,0.0,0.0,-0.00025261974703264125,0.0
38.95,malecns_connected,0.0,0.4702350408205044,0.0,0.0,-0.00025261974703264125,0.0
38.958333333333336,malecns_connected,0.0,0.47023293565594576,0.0,0.0,-0.00025261974703264125,0.0
38.96666666666667,malecns_connected,0.0,0.47023083049138714,0.0,0.0,-0.00025261974703264125,0.0
38.975,malecns_connected,0.0,0.4702287253268285,0.0,0.0,-0.00025261974703264125,0.0
38.983333333333334,malecns_connected,0.0,0.4702266201622699,0.0,0.0,-0.00025261974703264125,0.0
38.99166666666667,malecns_connected,0.0,0.4702245149977113,0.0,0.0,-0.00025261974703264125,0.0
39.0,malecns_connected,0.0,0.47022240983315267,0.0,0.0,-0.00025261974703264125,0.0
39.00833333333333,malecns_connected,0.0,0.47022030466859405,0.0,0.0,-0.00025261974703264125,0.0
39.016666666666666,malecns_connected,0.0,0.47021819950403543,0.0,0.0,-0.00025261974703264125,0.0
39.025,malecns_connected,0.0,0.4702160943394768,0.0,0.0,-0.00025261974703264125,0.0
39.03333333333333,malecns_connected,0.0,0.4702139891749182,0.0,0.0,-0.00025261974703264125,0.0
39.041666666666664,malecns_connected,0.0,0.47021188401035957,0.0,0.0,-0.00025261974703264125,0.0
39.05,malecns_connected,0.0,0.47020977884580095,0.0,0.0,-0.00025261974703264125,0.0
39.05833333333333,malecns_connected,0.0,0.47020767368124233,0.0,0.0,-0.00025261974703264125,0.0
39.06666666666666,malecns_connected,0.0,0.4702055685166837,0.0,0.0,-0.00025261974703264125,0.0
39.075,malecns_connected,0.0,0.4702034633521251,0.0,0.0,-0.00025261974703264125,0.0
39.083333333333336,malecns_connected,0.0,0.4702013581875665,0.0,0.0,-0.00025261974703264125,0.0
39.09166666666667,malecns_connected,0.0,0.47019925302300786,0.0,0.0,-0.00025261974703264125,0.0
39.1,malecns_connected,0.0,0.47019714785844924,0.0,0.0,-0.00025261974703264125,0.0
39.108333333333334,malecns_connected,0.0,0.4701950426938906,0.0,0.0,-0.00025261974703264125,0.0
39.11666666666667,malecns_connected,0.0,0.470192937529332,0.0,0.0,-0.00025261974703264125,0.0
39.125,malecns_connected,0.0,0.4701908323647734,0.0,0.0,-0.00025261974703264125,0.0
39.13333333333333,malecns_connected,0.0,0.47018872720021476,0.0,0.0,-0.00025261974703264125,0.0
39.141666666666666,malecns_connected,0.0,0.47018662203565614,0.0,0.0,-0.00025261974703264125,0.0
39.15,malecns_connected,0.0,0.4701845168710975,0.0,0.0,-0.00025261974703264125,0.0
39.15833333333333,malecns_connected,0.0,0.4701824117065389,0.0,0.0,-0.00025261974703264125,0.0
39.166666666666664,malecns_connected,0.0,0.4701803065419803,0.0,0.0,-0.00025261974703264125,0.0
39.175,malecns_connected,0.0,0.47017820137742167,0.0,0.0,-0.00025261974703264125,0.0
39.18333333333333,malecns_connected,0.0,0.47017609621286305,0.0,0.0,-0.00025261974703264125,0.0
39.19166666666666,malecns_connected,0.0,0.47017399104830443,0.0,0.0,-0.00025261974703264125,0.0
39.2,malecns_connected,0.0,0.4701718858837458,0.0,0.0,-0.00025261974703264125,0.0
39.208333333333336,malecns_connected,0.0,0.4701697807191872,0.0,0.0,-0.00025261974703264125,0.0
39.21666666666667,malecns_connected,0.0,0.4701676755546286,0.0,0.0,-0.00025261974703264125,0.0
39.225,malecns_connected,0.0,0.47016557039006995,0.0,0.0,-0.00025261974703264125,0.0
39.233333333333334,malecns_connected,0.0,0.47016346522551133,0.0,0.0,-0.00025261974703264125,0.0
39.24166666666667,malecns_connected,0.0,0.4701613600609527,0.0,0.0,-0.00025261974703264125,0.0
39.25,malecns_connected,0.0,0.4701592548963941,0.0,0.0,-0.00025261974703264125,0.0
39.25833333333333,malecns_connected,0.0,0.4701571497318355,0.0,0.0,-0.00025261974703264125,0.0
39.266666666666666,malecns_connected,0.0,0.47015504456727686,0.0,0.0,-0.00025261974703264125,0.0
39.275,malecns_connected,0.0,0.47015293940271824,0.0,0.0,-0.00025261974703264125,0.0
39.28333333333333,malecns_connected,0.0,0.4701508342381596,0.0,0.0,-0.00025261974703264125,0.0
39.291666666666664,malecns_connected,0.0,0.470148729073601,0.0,0.0,-0.00025261974703264125,0.0
39.3,malecns_connected,0.0,0.4701466239090424,0.0,0.0,-0.00025261974703264125,0.0
39.30833333333333,malecns_connected,0.0,0.47014451874448376,0.0,0.0,-0.00025261974703264125,0.0
39.31666666666666,malecns_connected,0.0,0.47014241357992514,0.0,0.0,-0.00025261974703264125,0.0
39.325,malecns_connected,0.0,0.4701403084153665,0.0,0.0,-0.00025261974703264125,0.0
39.333333333333336,malecns_connected,0.0,0.4701382032508079,0.0,0.0,-0.00025261974703264125,0.0
39.34166666666667,malecns_connected,0.0,0.4701360980862493,0.0,0.0,-0.00025261974703264125,0.0
39.35,malecns_connected,0.0,0.47013399292169067,0.0,0.0,-0.00025261974703264125,0.0
39.358333333333334,malecns_connected,0.0,0.47013188775713205,0.0,0.0,-0.00025261974703264125,0.0
39.36666666666667,malecns_connected,0.0,0.47012978259257343,0.0,0.0,-0.00025261974703264125,0.0
39.375,malecns_connected,0.0,0.4701276774280148,0.0,0.0,-0.00025261974703264125,0.0
39.38333333333333,malecns_connected,0.0,0.4701255722634562,0.0,0.0,-0.00025261974703264125,0.0
39.391666666666666,malecns_connected,0.0,0.4701234670988976,0.0,0.0,-0.00025261974703264125,0.0
39.4,malecns_connected,0.0,0.47012136193433895,0.0,0.0,-0.00025261974703264125,0.0
39.40833333333333,malecns_connected,0.0,0.47011925676978034,0.0,0.0,-0.00025261974703264125,0.0
39.416666666666664,malecns_connected,0.0,0.4701171516052217,0.0,0.0,-0.00025261974703264125,0.0
39.425,malecns_connected,0.0,0.4701150464406631,0.0,0.0,-0.00025261974703264125,0.0
39.43333333333333,malecns_connected,0.0,0.4701129412761045,0.0,0.0,-0.00025261974703264125,0.0
39.44166666666666,malecns_connected,0.0,0.47011083611154586,0.0,0.0,-0.00025261974703264125,0.0
39.45,malecns_connected,0.0,0.47010873094698724,0.0,0.0,-0.00025261974703264125,0.0
39.458333333333336,malecns_connected,0.0,0.4701066257824286,0.0,0.0,-0.00025261974703264125,0.0
39.46666666666667,malecns_connected,0.0,0.47010452061787,0.0,0.0,-0.00025261974703264125,0.0
39.475,malecns_connected,0.0,0.4701024154533114,0.0,0.0,-0.00025261974703264125,0.0
39.483333333333334,malecns_connected,0.0,0.47010031028875277,0.0,0.0,-0.00025261974703264125,0.0
39.49166666666667,malecns_connected,0.0,0.47009820512419415,0.0,0.0,-0.00025261974703264125,0.0
39.5,malecns_connected,0.0,0.4700960999596355,0.0,0.0,-0.00025261974703264125,0.0
39.50833333333333,malecns_connected,0.0,0.4700939947950769,0.0,0.0,-0.00025261974703264125,0.0
39.516666666666666,malecns_connected,0.0,0.4700918896305183,0.0,0.0,-0.00025261974703264125,0.0
39.525,malecns_connected,0.0,0.47008978446595967,0.0,0.0,-0.00025261974703264125,0.0
39.53333333333333,malecns_connected,0.0,0.47008767930140105,0.0,0.0,-0.00025261974703264125,0.0
39.541666666666664,malecns_connected,0.0,0.47008557413684243,0.0,0.0,-0.00025261974703264125,0.0
39.55,malecns_connected,0.0,0.4700834689722838,0.0,0.0,-0.00025261974703264125,0.0
39.55833333333333,malecns_connected,0.0,0.4700813638077252,0.0,0.0,-0.00025261974703264125,0.0
39.56666666666666,malecns_connected,0.0,0.4700792586431666,0.0,0.0,-0.00025261974703264125,0.0
39.575,malecns_connected,0.0,0.47007715347860796,0.0,0.0,-0.00025261974703264125,0.0
39.583333333333336,malecns_connected,0.0,0.47007504831404934,0.0,0.0,-0.00025261974703264125,0.0
39.59166666666667,malecns_connected,0.0,0.4700729431494907,0.0,0.0,-0.00025261974703264125,0.0
39.6,malecns_connected,0.0,0.4700708379849321,0.0,0.0,-0.00025261974703264125,0.0
39.608333333333334,malecns_connected,0.0,0.4700687328203735,0.0,0.0,-0.00025261974703264125,0.0
39.61666666666667,malecns_connected,0.0,0.47006662765581486,0.0,0.0,-0.00025261974703264125,0.0
39.625,malecns_connected,0.0,0.47006452249125624,0.0,0.0,-0.00025261974703264125,0.0
39.63333333333333,malecns_connected,0.0,0.4700624173266976,0.0,0.0,-0.00025261974703264125,0.0
39.641666666666666,malecns_connected,0.0,0.470060312162139,0.0,0.0,-0.00025261974703264125,0.0
39.65,malecns_connected,0.0,0.4700582069975804,0.0,0.0,-0.00025261974703264125,0.0
39.65833333333333,malecns_connected,0.0,0.47005610183302177,0.0,0.0,-0.00025261974703264125,0.0
39.666666666666664,malecns_connected,0.0,0.47005399666846315,0.0,0.0,-0.00025261974703264125,0.0
39.675,malecns_connected,0.0,0.47005189150390453,0.0,0.0,-0.00025261974703264125,0.0
39.68333333333333,malecns_connected,0.0,0.4700497863393459,0.0,0.0,-0.00025261974703264125,0.0
39.69166666666666,malecns_connected,0.0,0.4700476811747873,0.0,0.0,-0.00025261974703264125,0.0
39.7,malecns_connected,0.0,0.47004557601022867,0.0,0.0,-0.00025261974703264125,0.0
39.708333333333336,malecns_connected,0.0,0.47004347084567005,0.0,0.0,-0.00025261974703264125,0.0
39.71666666666667,malecns_connected,0.0,0.47004136568111143,0.0,0.0,-0.00025261974703264125,0.0
39.725,malecns_connected,0.0,0.4700392605165528,0.0,0.0,-0.00025261974703264125,0.0
39.733333333333334,malecns_connected,0.0,0.4700371553519942,0.0,0.0,-0.00025261974703264125,0.0
39.74166666666667,malecns_connected,0.0,0.4700350501874356,0.0,0.0,-0.00025261974703264125,0.0
39.75,malecns_connected,0.0,0.47003294502287696,0.0,0.0,-0.00025261974703264125,0.0
39.75833333333333,malecns_connected,0.0,0.47003083985831834,0.0,0.0,-0.00025261974703264125,0.0
39.766666666666666,malecns_connected,0.0,0.4700287346937597,0.0,0.0,-0.00025261974703264125,0.0
39.775,malecns_connected,0.0,0.4700266295292011,0.0,0.0,-0.00025261974703264125,0.0
39.78333333333333,malecns_connected,0.0,0.4700245243646425,0.0,0.0,-0.00025261974703264125,0.0
39.791666666666664,malecns_connected,0.0,0.47002241920008386,0.0,0.0,-0.00025261974703264125,0.0
39.8,malecns_connected,0.0,0.47002031403552524,0.0,0.0,-0.00025261974703264125,0.0
39.80833333333333,malecns_connected,0.0,0.4700182088709666,0.0,0.0,-0.00025261974703264125,0.0
39.81666666666666,malecns_connected,0.0,0.470016103706408,0.0,0.0,-0.00025261974703264125,0.0
39.825,malecns_connected,0.0,0.4700139985418494,0.0,0.0,-0.00025261974703264125,0.0
39.833333333333336,malecns_connected,0.0,0.47001189337729077,0.0,0.0,-0.00025261974703264125,0.0
39.84166666666667,malecns_connected,0.0,0.47000978821273215,0.0,0.0,-0.00025261974703264125,0.0
39.85,malecns_connected,0.0,0.47000768304817353,0.0,0.0,-0.00025261974703264125,0.0
39.858333333333334,malecns_connected,0.0,0.4700055778836149,0.0,0.0,-0.00025261974703264125,0.0
39.86666666666667,malecns_connected,0.0,0.4700034727190563,0.0,0.0,-0.00025261974703264125,0.0
39.875,malecns_connected,0.0,0.4700013675544977,0.0,0.0,-0.00025261974703264125,0.0
39.88333333333333,malecns_connected,0.0,0.46999926238993905,0.0,0.0,-0.00025261974703264125,0.0
39.891666666666666,malecns_connected,0.0,0.46999715722538044,0.0,0.0,-0.00025261974703264125,0.0
39.9,malecns_connected,0.0,0.4699950520608218,0.0,0.0,-0.00025261974703264125,0.0
39.90833333333333,malecns_connected,0.0,0.4699929468962632,0.0,0.0,-0.00025261974703264125,0.0
39.916666666666664,malecns_connected,0.0,0.4699908417317046,0.0,0.0,-0.00025261974703264125,0.0
39.925,malecns_connected,0.0,0.46998873656714596,0.0,0.0,-0.00025261974703264125,0.0
39.93333333333333,malecns_connected,0.0,0.46998663140258734,0.0,0.0,-0.00025261974703264125,0.0
39.94166666666666,malecns_connected,0.0,0.4699845262380287,0.0,0.0,-0.00025261974703264125,0.0
39.95,malecns_connected,0.0,0.4699824210734701,0.0,0.0,-0.00025261974703264125,0.0
39.958333333333336,malecns_connected,0.0,0.4699803159089115,0.0,0.0,-0.00025261974703264125,0.0
39.96666666666667,malecns_connected,0.0,0.46997821074435286,0.0,0.0,-0.00025261974703264125,0.0
39.975,malecns_connected,0.0,0.46997610557979425,0.0,0.0,-0.00025261974703264125,0.0
39.983333333333334,malecns_connected,0.0,0.4699740004152356,0.0,0.0,-0.00025261974703264125,0.0
39.99166666666667,malecns_connected,0.0,0.469971895250677,0.0,0.0,-0.00025261974703264125,0.0
40.0,malecns_connected,0.0,0.4699697900861184,0.0,0.0,-0.00025261974703264125,0.0
40.00833333333333,malecns_connected,0.0,0.46996768492155977,0.0,0.0,-0.00025261974703264125,0.0
40.016666666666666,malecns_connected,0.0,0.46996557975700115,0.0,0.0,-0.00025261974703264125,0.0
40.025,malecns_connected,0.0,0.46996347459244253,0.0,0.0,-0.00025261974703264125,0.0
40.03333333333333,malecns_connected,0.0,0.4699613694278839,0.0,0.0,-0.00025261974703264125,0.0
40.041666666666664,malecns_connected,0.0,0.4699592642633253,0.0,0.0,-0.00025261974703264125,0.0
40.05,malecns_connected,0.0,0.4699571590987667,0.0,0.0,-0.00025261974703264125,0.0
40.05833333333333,malecns_connected,0.0,0.46995505393420806,0.0,0.0,-0.00025261974703264125,0.0
40.06666666666666,malecns_connected,0.0,0.46995294876964944,0.0,0.0,-0.00025261974703264125,0.0
40.075,malecns_connected,0.0,0.4699508436050908,0.0,0.0,-0.00025261974703264125,0.0
40.083333333333336,malecns_connected,0.0,0.4699487384405322,0.0,0.0,-0.00025261974703264125,0.0
40.09166666666667,malecns_connected,0.0,0.4699466332759736,0.0,0.0,-0.00025261974703264125,0.0
40.1,malecns_connected,0.0,0.46994452811141496,0.0,0.0,-0.00025261974703264125,0.0
40.108333333333334,malecns_connected,0.0,0.46994242294685634,0.0,0.0,-0.00025261974703264125,0.0
40.11666666666667,malecns_connected,0.0,0.4699403177822977,0.0,0.0,-0.00025261974703264125,0.0
40.125,malecns_connected,0.0,0.4699382126177391,0.0,0.0,-0.00025261974703264125,0.0
40.13333333333333,malecns_connected,0.0,0.4699361074531805,0.0,0.0,-0.00025261974703264125,0.0
40.141666666666666,malecns_connected,0.0,0.46993400228862187,0.0,0.0,-0.00025261974703264125,0.0
40.15,malecns_connected,0.0,0.46993189712406325,0.0,0.0,-0.00025261974703264125,0.0
40.15833333333333,malecns_connected,0.0,0.46992979195950463,0.0,0.0,-0.00025261974703264125,0.0
40.166666666666664,malecns_connected,0.0,0.469927686794946,0.0,0.0,-0.00025261974703264125,0.0
40.175,malecns_connected,0.0,0.4699255816303874,0.0,0.0,-0.00025261974703264125,0.0
40.18333333333333,malecns_connected,0.0,0.46992347646582877,0.0,0.0,-0.00025261974703264125,0.0
40.19166666666666,malecns_connected,0.0,0.46992137130127015,0.0,0.0,-0.00025261974703264125,0.0
40.2,malecns_connected,0.0,0.46991926613671153,0.0,0.0,-0.00025261974703264125,0.0
40.208333333333336,malecns_connected,0.0,0.4699171609721529,0.0,0.0,-0.00025261974703264125,0.0
40.21666666666667,malecns_connected,0.0,0.4699150558075943,0.0,0.0,-0.00025261974703264125,0.0
40.225,malecns_connected,0.0,0.4699129506430357,0.0,0.0,-0.00025261974703264125,0.0
40.233333333333334,malecns_connected,0.0,0.46991084547847706,0.0,0.0,-0.00025261974703264125,0.0
40.24166666666667,malecns_connected,0.0,0.46990874031391844,0.0,0.0,-0.00025261974703264125,0.0
40.25,malecns_connected,0.0,0.4699066351493598,0.0,0.0,-0.00025261974703264125,0.0
40.25833333333333,malecns_connected,0.0,0.4699045299848012,0.0,0.0,-0.00025261974703264125,0.0
40.266666666666666,malecns_connected,0.0,0.4699024248202426,0.0,0.0,-0.00025261974703264125,0.0
40.275,malecns_connected,0.0,0.46990031965568396,0.0,0.0,-0.00025261974703264125,0.0
40.28333333333333,malecns_connected,0.0,0.46989821449112534,0.0,0.0,-0.00025261974703264125,0.0
40.291666666666664,malecns_connected,0.0,0.4698961093265667,0.0,0.0,-0.00025261974703264125,0.0
40.3,malecns_connected,0.0,0.4698940041620081,0.0,0.0,-0.00025261974703264125,0.0
40.30833333333333,malecns_connected,0.0,0.4698918989974495,0.0,0.0,-0.00025261974703264125,0.0
40.31666666666666,malecns_connected,0.0,0.46988979383289087,0.0,0.0,-0.00025261974703264125,0.0
40.325,malecns_connected,0.0,0.46988768866833225,0.0,0.0,-0.00025261974703264125,0.0
40.333333333333336,malecns_connected,0.0,0.46988558350377363,0.0,0.0,-0.00025261974703264125,0.0
40.34166666666667,malecns_connected,0.0,0.469883478339215,0.0,0.0,-0.00025261974703264125,0.0
40.35,malecns_connected,0.0,0.4698813731746564,0.0,0.0,-0.00025261974703264125,0.0
40.358333333333334,malecns_connected,0.0,0.4698792680100978,0.0,0.0,-0.00025261974703264125,0.0
40.36666666666667,malecns_connected,0.0,0.46987716284553915,0.0,0.0,-0.00025261974703264125,0.0
40.375,malecns_connected,0.0,0.46987505768098053,0.0,0.0,-0.00025261974703264125,0.0
40.38333333333333,malecns_connected,0.0,0.4698729525164219,0.0,0.0,-0.00025261974703264125,0.0
40.391666666666666,malecns_connected,0.0,0.4698708473518633,0.0,0.0,-0.00025261974703264125,0.0
40.4,malecns_connected,0.0,0.4698687421873047,0.0,0.0,-0.00025261974703264125,0.0
40.40833333333333,malecns_connected,0.0,0.46986663702274606,0.0,0.0,-0.00025261974703264125,0.0
40.416666666666664,malecns_connected,0.0,0.46986453185818744,0.0,0.0,-0.00025261974703264125,0.0
40.425,malecns_connected,0.0,0.4698624266936288,0.0,0.0,-0.00025261974703264125,0.0
40.43333333333333,malecns_connected,0.0,0.4698603215290702,0.0,0.0,-0.00025261974703264125,0.0
40.44166666666666,malecns_connected,0.0,0.4698582163645116,0.0,0.0,-0.00025261974703264125,0.0
40.45,malecns_connected,0.0,0.46985611119995296,0.0,0.0,-0.00025261974703264125,0.0
40.458333333333336,malecns_connected,0.0,0.46985400603539434,0.0,0.0,-0.00025261974703264125,0.0
40.46666666666667,malecns_connected,0.0,0.4698519008708357,0.0,0.0,-0.00025261974703264125,0.0
40.475,malecns_connected,0.0,0.4698497957062771,0.0,0.0,-0.00025261974703264125,0.0
40.483333333333334,malecns_connected,0.0,0.4698476905417185,0.0,0.0,-0.00025261974703264125,0.0
40.49166666666667,malecns_connected,0.0,0.46984558537715987,0.0,0.0,-0.00025261974703264125,0.0
40.5,malecns_connected,0.0,0.46984348021260125,0.0,0.0,-0.00025261974703264125,0.0
40.50833333333333,malecns_connected,0.0,0.46984137504804263,0.0,0.0,-0.00025261974703264125,0.0
40.516666666666666,malecns_connected,0.0,0.469839269883484,0.0,0.0,-0.00025261974703264125,0.0
40.525,malecns_connected,0.0,0.4698371647189254,0.0,0.0,-0.00025261974703264125,0.0
40.53333333333333,malecns_connected,0.0,0.4698350595543668,0.0,0.0,-0.00025261974703264125,0.0
40.541666666666664,malecns_connected,0.0,0.46983295438980816,0.0,0.0,-0.00025261974703264125,0.0
40.55,malecns_connected,0.0,0.46983084922524954,0.0,0.0,-0.00025261974703264125,0.0
40.55833333333333,malecns_connected,0.0,0.4698287440606909,0.0,0.0,-0.00025261974703264125,0.0
40.56666666666666,malecns_connected,0.0,0.4698266388961323,0.0,0.0,-0.00025261974703264125,0.0
40.575,malecns_connected,0.0,0.4698245337315737,0.0,0.0,-0.00025261974703264125,0.0
40.583333333333336,malecns_connected,0.0,0.46982242856701506,0.0,0.0,-0.00025261974703264125,0.0
40.59166666666667,malecns_connected,0.0,0.46982032340245644,0.0,0.0,-0.00025261974703264125,0.0
40.6,malecns_connected,0.0,0.4698182182378978,0.0,0.0,-0.00025261974703264125,0.0
40.608333333333334,malecns_connected,0.0,0.4698161130733392,0.0,0.0,-0.00025261974703264125,0.0
40.61666666666667,malecns_connected,0.0,0.4698140079087806,0.0,0.0,-0.00025261974703264125,0.0
40.625,malecns_connected,0.0,0.46981190274422197,0.0,0.0,-0.00025261974703264125,0.0
40.63333333333333,malecns_connected,0.0,0.46980979757966335,0.0,0.0,-0.00025261974703264125,0.0
40.641666666666666,malecns_connected,0.0,0.4698076924151047,0.0,0.0,-0.00025261974703264125,0.0
40.65,malecns_connected,0.0,0.4698055872505461,0.0,0.0,-0.00025261974703264125,0.0
40.65833333333333,malecns_connected,0.0,0.4698034820859875,0.0,0.0,-0.00025261974703264125,0.0
40.666666666666664,malecns_connected,0.0,0.46980137692142887,0.0,0.0,-0.00025261974703264125,0.0
40.675,malecns_connected,0.0,0.46979927175687025,0.0,0.0,-0.00025261974703264125,0.0
40.68333333333333,malecns_connected,0.0,0.46979716659231163,0.0,0.0,-0.00025261974703264125,0.0
40.69166666666666,malecns_connected,0.0,0.469795061427753,0.0,0.0,-0.00025261974703264125,0.0
40.7,malecns_connected,0.0,0.4697929562631944,0.0,0.0,-0.00025261974703264125,0.0
40.708333333333336,malecns_connected,0.0,0.4697908510986358,0.0,0.0,-0.00025261974703264125,0.0
40.71666666666667,malecns_connected,0.0,0.46978874593407716,0.0,0.0,-0.00025261974703264125,0.0
40.725,malecns_connected,0.0,0.46978664076951854,0.0,0.0,-0.00025261974703264125,0.0
40.733333333333334,malecns_connected,0.0,0.4697845356049599,0.0,0.0,-0.00025261974703264125,0.0
40.74166666666667,malecns_connected,0.0,0.4697824304404013,0.0,0.0,-0.00025261974703264125,0.0
40.75,malecns_connected,0.0,0.4697803252758427,0.0,0.0,-0.00025261974703264125,0.0
40.75833333333333,malecns_connected,0.0,0.46977822011128406,0.0,0.0,-0.00025261974703264125,0.0
40.766666666666666,malecns_connected,0.0,0.46977611494672544,0.0,0.0,-0.00025261974703264125,0.0
40.775,malecns_connected,0.0,0.4697740097821668,0.0,0.0,-0.00025261974703264125,0.0
40.78333333333333,malecns_connected,0.0,0.4697719046176082,0.0,0.0,-0.00025261974703264125,0.0
40.791666666666664,malecns_connected,0.0,0.4697697994530496,0.0,0.0,-0.00025261974703264125,0.0
40.8,malecns_connected,0.0,0.46976769428849097,0.0,0.0,-0.00025261974703264125,0.0
40.80833333333333,malecns_connected,0.0,0.46976558912393235,0.0,0.0,-0.00025261974703264125,0.0
40.81666666666666,malecns_connected,0.0,0.46976348395937373,0.0,0.0,-0.00025261974703264125,0.0
40.825,malecns_connected,0.0,0.4697613787948151,0.0,0.0,-0.00025261974703264125,0.0
40.833333333333336,malecns_connected,0.0,0.4697592736302565,0.0,0.0,-0.00025261974703264125,0.0
40.84166666666667,malecns_connected,0.0,0.46975716846569787,0.0,0.0,-0.00025261974703264125,0.0
40.85,malecns_connected,0.0,0.46975506330113925,0.0,0.0,-0.00025261974703264125,0.0
40.858333333333334,malecns_connected,0.0,0.46975295813658063,0.0,0.0,-0.00025261974703264125,0.0
40.86666666666667,malecns_connected,0.0,0.469750852972022,0.0,0.0,-0.00025261974703264125,0.0
40.875,malecns_connected,0.0,0.4697487478074634,0.0,0.0,-0.00025261974703264125,0.0
40.88333333333333,malecns_connected,0.0,0.4697466426429048,0.0,0.0,-0.00025261974703264125,0.0
40.891666666666666,malecns_connected,0.0,0.46974453747834616,0.0,0.0,-0.00025261974703264125,0.0
40.9,malecns_connected,0.0,0.46974243231378754,0.0,0.0,-0.00025261974703264125,0.0
40.90833333333333,malecns_connected,0.0,0.4697403271492289,0.0,0.0,-0.00025261974703264125,0.0
40.916666666666664,malecns_connected,0.0,0.4697382219846703,0.0,0.0,-0.00025261974703264125,0.0
40.925,malecns_connected,0.0,0.4697361168201117,0.0,0.0,-0.00025261974703264125,0.0
40.93333333333333,malecns_connected,0.0,0.46973401165555306,0.0,0.0,-0.00025261974703264125,0.0
40.94166666666666,malecns_connected,0.0,0.46973190649099444,0.0,0.0,-0.00025261974703264125,0.0
40.95,malecns_connected,0.0,0.4697298013264358,0.0,0.0,-0.00025261974703264125,0.0
40.958333333333336,malecns_connected,0.0,0.4697276961618772,0.0,0.0,-0.00025261974703264125,0.0
40.96666666666667,malecns_connected,0.0,0.4697255909973186,0.0,0.0,-0.00025261974703264125,0.0
40.975,malecns_connected,0.0,0.46972348583275997,0.0,0.0,-0.00025261974703264125,0.0
40.983333333333334,malecns_connected,0.0,0.46972138066820135,0.0,0.0,-0.00025261974703264125,0.0
40.99166666666667,malecns_connected,0.0,0.46971927550364273,0.0,0.0,-0.00025261974703264125,0.0
41.0,malecns_connected,0.0,0.4697171703390841,0.0,0.0,-0.00025261974703264125,0.0
41.00833333333333,malecns_connected,0.0,0.4697150651745255,0.0,0.0,-0.00025261974703264125,0.0
41.016666666666666,malecns_connected,0.0,0.4697129600099669,0.0,0.0,-0.00025261974703264125,0.0
41.025,malecns_connected,0.0,0.46971085484540825,0.0,0.0,-0.00025261974703264125,0.0
41.03333333333333,malecns_connected,0.0,0.46970874968084964,0.0,0.0,-0.00025261974703264125,0.0
41.041666666666664,malecns_connected,0.0,0.469706644516291,0.0,0.0,-0.00025261974703264125,0.0
41.05,malecns_connected,0.0,0.4697045393517324,0.0,0.0,-0.00025261974703264125,0.0
41.05833333333333,malecns_connected,0.0,0.4697024341871738,0.0,0.0,-0.00025261974703264125,0.0
41.06666666666666,malecns_connected,0.0,0.46970032902261516,0.0,0.0,-0.00025261974703264125,0.0
41.075,malecns_connected,0.0,0.46969822385805654,0.0,0.0,-0.00025261974703264125,0.0
41.083333333333336,malecns_connected,0.0,0.4696961186934979,0.0,0.0,-0.00025261974703264125,0.0
41.09166666666667,malecns_connected,0.0,0.4696940135289393,0.0,0.0,-0.00025261974703264125,0.0
41.1,malecns_connected,0.0,0.4696919083643807,0.0,0.0,-0.00025261974703264125,0.0
41.108333333333334,malecns_connected,0.0,0.46968980319982206,0.0,0.0,-0.00025261974703264125,0.0
41.11666666666667,malecns_connected,0.0,0.46968769803526345,0.0,0.0,-0.00025261974703264125,0.0
41.125,malecns_connected,0.0,0.4696855928707048,0.0,0.0,-0.00025261974703264125,0.0
41.13333333333333,malecns_connected,0.0,0.4696834877061462,0.0,0.0,-0.00025261974703264125,0.0
41.141666666666666,malecns_connected,0.0,0.4696813825415876,0.0,0.0,-0.00025261974703264125,0.0
41.15,malecns_connected,0.0,0.46967927737702897,0.0,0.0,-0.00025261974703264125,0.0
41.15833333333333,malecns_connected,0.0,0.46967717221247035,0.0,0.0,-0.00025261974703264125,0.0
41.166666666666664,malecns_connected,0.0,0.46967506704791173,0.0,0.0,-0.00025261974703264125,0.0
41.175,malecns_connected,0.0,0.4696729618833531,0.0,0.0,-0.00025261974703264125,0.0
41.18333333333333,malecns_connected,0.0,0.4696708567187945,0.0,0.0,-0.00025261974703264125,0.0
41.19166666666666,malecns_connected,0.0,0.4696687515542359,0.0,0.0,-0.00025261974703264125,0.0
41.2,malecns_connected,0.0,0.46966664638967726,0.0,0.0,-0.00025261974703264125,0.0
41.208333333333336,malecns_connected,0.0,0.46966454122511864,0.0,0.0,-0.00025261974703264125,0.0
41.21666666666667,malecns_connected,0.0,0.46966243606056,0.0,0.0,-0.00025261974703264125,0.0
41.225,malecns_connected,0.0,0.4696603308960014,0.0,0.0,-0.00025261974703264125,0.0
41.233333333333334,malecns_connected,0.0,0.4696582257314428,0.0,0.0,-0.00025261974703264125,0.0
41.24166666666667,malecns_connected,0.0,0.46965612056688416,0.0,0.0,-0.00025261974703264125,0.0
41.25,malecns_connected,0.0,0.46965401540232554,0.0,0.0,-0.00025261974703264125,0.0
41.25833333333333,malecns_connected,0.0,0.4696519102377669,0.0,0.0,-0.00025261974703264125,0.0
41.266666666666666,malecns_connected,0.0,0.4696498050732083,0.0,0.0,-0.00025261974703264125,0.0
41.275,malecns_connected,0.0,0.4696476999086497,0.0,0.0,-0.00025261974703264125,0.0
41.28333333333333,malecns_connected,0.0,0.46964559474409107,0.0,0.0,-0.00025261974703264125,0.0
41.291666666666664,malecns_connected,0.0,0.46964348957953245,0.0,0.0,-0.00025261974703264125,0.0
41.3,malecns_connected,0.0,0.46964138441497383,0.0,0.0,-0.00025261974703264125,0.0
41.30833333333333,malecns_connected,0.0,0.4696392792504152,0.0,0.0,-0.00025261974703264125,0.0
41.31666666666666,malecns_connected,0.0,0.4696371740858566,0.0,0.0,-0.00025261974703264125,0.0
41.325,malecns_connected,0.0,0.46963506892129797,0.0,0.0,-0.00025261974703264125,0.0
41.333333333333336,malecns_connected,0.0,0.46963296375673935,0.0,0.0,-0.00025261974703264125,0.0
41.34166666666667,malecns_connected,0.0,0.46963085859218073,0.0,0.0,-0.00025261974703264125,0.0
41.35,malecns_connected,0.0,0.4696287534276221,0.0,0.0,-0.00025261974703264125,0.0
41.358333333333334,malecns_connected,0.0,0.4696266482630635,0.0,0.0,-0.00025261974703264125,0.0
41.36666666666667,malecns_connected,0.0,0.4696245430985049,0.0,0.0,-0.00025261974703264125,0.0
41.375,malecns_connected,0.0,0.46962243793394626,0.0,0.0,-0.00025261974703264125,0.0
41.38333333333333,malecns_connected,0.0,0.46962033276938764,0.0,0.0,-0.00025261974703264125,0.0
41.391666666666666,malecns_connected,0.0,0.469618227604829,0.0,0.0,-0.00025261974703264125,0.0
41.4,malecns_connected,0.0,0.4696161224402704,0.0,0.0,-0.00025261974703264125,0.0
41.40833333333333,malecns_connected,0.0,0.4696140172757118,0.0,0.0,-0.00025261974703264125,0.0
41.416666666666664,malecns_connected,0.0,0.46961191211115316,0.0,0.0,-0.00025261974703264125,0.0
41.425,malecns_connected,0.0,0.46960980694659454,0.0,0.0,-0.00025261974703264125,0.0
41.43333333333333,malecns_connected,0.0,0.4696077017820359,0.0,0.0,-0.00025261974703264125,0.0
41.44166666666666,malecns_connected,0.0,0.4696055966174773,0.0,0.0,-0.00025261974703264125,0.0
41.45,malecns_connected,0.0,0.4696034914529187,0.0,0.0,-0.00025261974703264125,0.0
41.458333333333336,malecns_connected,0.0,0.46960138628836007,0.0,0.0,-0.00025261974703264125,0.0
41.46666666666667,malecns_connected,0.0,0.46959928112380145,0.0,0.0,-0.00025261974703264125,0.0
41.475,malecns_connected,0.0,0.46959717595924283,0.0,0.0,-0.00025261974703264125,0.0
41.483333333333334,malecns_connected,0.0,0.4695950707946842,0.0,0.0,-0.00025261974703264125,0.0
41.49166666666667,malecns_connected,0.0,0.4695929656301256,0.0,0.0,-0.00025261974703264125,0.0
41.5,malecns_connected,0.0,0.469590860465567,0.0,0.0,-0.00025261974703264125,0.0
41.50833333333333,malecns_connected,0.0,0.46958875530100835,0.0,0.0,-0.00025261974703264125,0.0
41.516666666666666,malecns_connected,0.0,0.46958665013644973,0.0,0.0,-0.00025261974703264125,0.0
41.525,malecns_connected,0.0,0.4695845449718911,0.0,0.0,-0.00025261974703264125,0.0
41.53333333333333,malecns_connected,0.0,0.4695824398073325,0.0,0.0,-0.00025261974703264125,0.0
41.541666666666664,malecns_connected,0.0,0.4695803346427739,0.0,0.0,-0.00025261974703264125,0.0
41.55,malecns_connected,0.0,0.46957822947821526,0.0,0.0,-0.00025261974703264125,0.0
41.55833333333333,malecns_connected,0.0,0.46957612431365664,0.0,0.0,-0.00025261974703264125,0.0
41.56666666666666,malecns_connected,0.0,0.469574019149098,0.0,0.0,-0.00025261974703264125,0.0
41.575,malecns_connected,0.0,0.4695719139845394,0.0,0.0,-0.00025261974703264125,0.0
41.583333333333336,malecns_connected,0.0,0.4695698088199808,0.0,0.0,-0.00025261974703264125,0.0
41.59166666666667,malecns_connected,0.0,0.46956770365542216,0.0,0.0,-0.00025261974703264125,0.0
41.6,malecns_connected,0.0,0.46956559849086354,0.0,0.0,-0.00025261974703264125,0.0
41.608333333333334,malecns_connected,0.0,0.4695634933263049,0.0,0.0,-0.00025261974703264125,0.0
41.61666666666667,malecns_connected,0.0,0.4695613881617463,0.0,0.0,-0.00025261974703264125,0.0
41.625,malecns_connected,0.0,0.4695592829971877,0.0,0.0,-0.00025261974703264125,0.0
41.63333333333333,malecns_connected,0.0,0.46955717783262907,0.0,0.0,-0.00025261974703264125,0.0
41.641666666666666,malecns_connected,0.0,0.46955507266807045,0.0,0.0,-0.00025261974703264125,0.0
41.65,malecns_connected,0.0,0.46955296750351183,0.0,0.0,-0.00025261974703264125,0.0
41.65833333333333,malecns_connected,0.0,0.4695508623389532,0.0,0.0,-0.00025261974703264125,0.0
41.666666666666664,malecns_connected,0.0,0.4695487571743946,0.0,0.0,-0.00025261974703264125,0.0
41.675,malecns_connected,0.0,0.469546652009836,0.0,0.0,-0.00025261974703264125,0.0
41.68333333333333,malecns_connected,0.0,0.46954454684527736,0.0,0.0,-0.00025261974703264125,0.0
41.69166666666666,malecns_connected,0.0,0.46954244168071874,0.0,0.0,-0.00025261974703264125,0.0
41.7,malecns_connected,0.0,0.4695403365161601,0.0,0.0,-0.00025261974703264125,0.0
41.708333333333336,malecns_connected,0.0,0.4695382313516015,0.0,0.0,-0.00025261974703264125,0.0
41.71666666666667,malecns_connected,0.0,0.4695361261870429,0.0,0.0,-0.00025261974703264125,0.0
41.725,malecns_connected,0.0,0.46953402102248426,0.0,0.0,-0.00025261974703264125,0.0
41.733333333333334,malecns_connected,0.0,0.46953191585792564,0.0,0.0,-0.00025261974703264125,0.0
41.74166666666667,malecns_connected,0.0,0.469529810693367,0.0,0.0,-0.00025261974703264125,0.0
41.75,malecns_connected,0.0,0.4695277055288084,0.0,0.0,-0.00025261974703264125,0.0
41.75833333333333,malecns_connected,0.0,0.4695256003642498,0.0,0.0,-0.00025261974703264125,0.0
41.766666666666666,malecns_connected,0.0,0.46952349519969117,0.0,0.0,-0.00025261974703264125,0.0
41.775,malecns_connected,0.0,0.46952139003513255,0.0,0.0,-0.00025261974703264125,0.0
41.78333333333333,malecns_connected,0.0,0.4695192848705739,0.0,0.0,-0.00025261974703264125,0.0
41.791666666666664,malecns_connected,0.0,0.4695171797060153,0.0,0.0,-0.00025261974703264125,0.0
41.8,malecns_connected,0.0,0.4695150745414567,0.0,0.0,-0.00025261974703264125,0.0
41.80833333333333,malecns_connected,0.0,0.46951296937689807,0.0,0.0,-0.00025261974703264125,0.0
41.81666666666666,malecns_connected,0.0,0.46951086421233945,0.0,0.0,-0.00025261974703264125,0.0
41.825,malecns_connected,0.0,0.46950875904778083,0.0,0.0,-0.00025261974703264125,0.0
41.833333333333336,malecns_connected,0.0,0.4695066538832222,0.0,0.0,-0.00025261974703264125,0.0
41.84166666666667,malecns_connected,0.0,0.4695045487186636,0.0,0.0,-0.00025261974703264125,0.0
41.85,malecns_connected,0.0,0.469502443554105,0.0,0.0,-0.00025261974703264125,0.0
41.858333333333334,malecns_connected,0.0,0.46950033838954636,0.0,0.0,-0.00025261974703264125,0.0
41.86666666666667,malecns_connected,0.0,0.46949823322498774,0.0,0.0,-0.00025261974703264125,0.0
41.875,malecns_connected,0.0,0.4694961280604291,0.0,0.0,-0.00025261974703264125,0.0
41.88333333333333,malecns_connected,0.0,0.4694940228958705,0.0,0.0,-0.00025261974703264125,0.0
41.891666666666666,malecns_connected,0.0,0.4694919177313119,0.0,0.0,-0.00025261974703264125,0.0
41.9,malecns_connected,0.0,0.46948981256675326,0.0,0.0,-0.00025261974703264125,0.0
41.90833333333333,malecns_connected,0.0,0.46948770740219464,0.0,0.0,-0.00025261974703264125,0.0
41.916666666666664,malecns_connected,0.0,0.469485602237636,0.0,0.0,-0.00025261974703264125,0.0
41.925,malecns_connected,0.0,0.4694834970730774,0.0,0.0,-0.00025261974703264125,0.0
41.93333333333333,malecns_connected,0.0,0.4694813919085188,0.0,0.0,-0.00025261974703264125,0.0
41.94166666666666,malecns_connected,0.0,0.46947928674396017,0.0,0.0,-0.00025261974703264125,0.0
41.95,malecns_connected,0.0,0.46947718157940155,0.0,0.0,-0.00025261974703264125,0.0
41.958333333333336,malecns_connected,0.0,0.46947507641484293,0.0,0.0,-0.00025261974703264125,0.0
41.96666666666667,malecns_connected,0.0,0.4694729712502843,0.0,0.0,-0.00025261974703264125,0.0
41.975,malecns_connected,0.0,0.4694708660857257,0.0,0.0,-0.00025261974703264125,0.0
41.983333333333334,malecns_connected,0.0,0.46946876092116707,0.0,0.0,-0.00025261974703264125,0.0
41.99166666666667,malecns_connected,0.0,0.46946665575660845,0.0,0.0,-0.00025261974703264125,0.0
42.0,malecns_connected,0.0,0.46946455059204983,0.0,0.0,-0.00025261974703264125,0.0
42.00833333333333,malecns_connected,0.0,0.4694624454274912,0.0,0.0,-0.00025261974703264125,0.0
42.016666666666666,malecns_connected,0.0,0.4694603402629326,0.0,0.0,-0.00025261974703264125,0.0
42.025,malecns_connected,0.0,0.469458235098374,0.0,0.0,-0.00025261974703264125,0.0
42.03333333333333,malecns_connected,0.0,0.46945612993381536,0.0,0.0,-0.00025261974703264125,0.0
42.041666666666664,malecns_connected,0.0,0.46945402476925674,0.0,0.0,-0.00025261974703264125,0.0
42.05,malecns_connected,0.0,0.4694519196046981,0.0,0.0,-0.00025261974703264125,0.0
42.05833333333333,malecns_connected,0.0,0.4694498144401395,0.0,0.0,-0.00025261974703264125,0.0
42.06666666666666,malecns_connected,0.0,0.4694477092755809,0.0,0.0,-0.00025261974703264125,0.0
42.075,malecns_connected,0.0,0.46944560411102226,0.0,0.0,-0.00025261974703264125,0.0
42.083333333333336,malecns_connected,0.0,0.46944349894646364,0.0,0.0,-0.00025261974703264125,0.0
42.09166666666667,malecns_connected,0.0,0.469441393781905,0.0,0.0,-0.00025261974703264125,0.0
42.1,malecns_connected,0.0,0.4694392886173464,0.0,0.0,-0.00025261974703264125,0.0
42.108333333333334,malecns_connected,0.0,0.4694371834527878,0.0,0.0,-0.00025261974703264125,0.0
42.11666666666667,malecns_connected,0.0,0.46943507828822917,0.0,0.0,-0.00025261974703264125,0.0
42.125,malecns_connected,0.0,0.46943297312367055,0.0,0.0,-0.00025261974703264125,0.0
42.13333333333333,malecns_connected,0.0,0.46943086795911193,0.0,0.0,-0.00025261974703264125,0.0
42.141666666666666,malecns_connected,0.0,0.4694287627945533,0.0,0.0,-0.00025261974703264125,0.0
42.15,malecns_connected,0.0,0.4694266576299947,0.0,0.0,-0.00025261974703264125,0.0
42.15833333333333,malecns_connected,0.0,0.4694245524654361,0.0,0.0,-0.00025261974703264125,0.0
42.166666666666664,malecns_connected,0.0,0.46942244730087745,0.0,0.0,-0.00025261974703264125,0.0
42.175,malecns_connected,0.0,0.46942034213631884,0.0,0.0,-0.00025261974703264125,0.0
42.18333333333333,malecns_connected,0.0,0.4694182369717602,0.0,0.0,-0.00025261974703264125,0.0
42.19166666666666,malecns_connected,0.0,0.4694161318072016,0.0,0.0,-0.00025261974703264125,0.0
42.2,malecns_connected,0.0,0.469414026642643,0.0,0.0,-0.00025261974703264125,0.0
42.208333333333336,malecns_connected,0.0,0.46941192147808436,0.0,0.0,-0.00025261974703264125,0.0
42.21666666666667,malecns_connected,0.0,0.46940981631352574,0.0,0.0,-0.00025261974703264125,0.0
42.225,malecns_connected,0.0,0.4694077111489671,0.0,0.0,-0.00025261974703264125,0.0
42.233333333333334,malecns_connected,0.0,0.4694056059844085,0.0,0.0,-0.00025261974703264125,0.0
42.24166666666667,malecns_connected,0.0,0.4694035008198499,0.0,0.0,-0.00025261974703264125,0.0
42.25,malecns_connected,0.0,0.46940139565529126,0.0,0.0,-0.00025261974703264125,0.0
42.25833333333333,malecns_connected,0.0,0.46939929049073265,0.0,0.0,-0.00025261974703264125,0.0
42.266666666666666,malecns_connected,0.0,0.469397185326174,0.0,0.0,-0.00025261974703264125,0.0
42.275,malecns_connected,0.0,0.4693950801616154,0.0,0.0,-0.00025261974703264125,0.0
42.28333333333333,malecns_connected,0.0,0.4693929749970568,0.0,0.0,-0.00025261974703264125,0.0
42.291666666666664,malecns_connected,0.0,0.46939086983249817,0.0,0.0,-0.00025261974703264125,0.0
42.3,malecns_connected,0.0,0.46938876466793955,0.0,0.0,-0.00025261974703264125,0.0
42.30833333333333,malecns_connected,0.0,0.46938665950338093,0.0,0.0,-0.00025261974703264125,0.0
42.31666666666666,malecns_connected,0.0,0.4693845543388223,0.0,0.0,-0.00025261974703264125,0.0
42.325,malecns_connected,0.0,0.4693824491742637,0.0,0.0,-0.00025261974703264125,0.0
42.333333333333336,malecns_connected,0.0,0.4693803440097051,0.0,0.0,-0.00025261974703264125,0.0
42.34166666666667,malecns_connected,0.0,0.46937823884514646,0.0,0.0,-0.00025261974703264125,0.0
42.35,malecns_connected,0.0,0.46937613368058784,0.0,0.0,-0.00025261974703264125,0.0
42.358333333333334,malecns_connected,0.0,0.4693740285160292,0.0,0.0,-0.00025261974703264125,0.0
42.36666666666667,malecns_connected,0.0,0.4693719233514706,0.0,0.0,-0.00025261974703264125,0.0
42.375,malecns_connected,0.0,0.469369818186912,0.0,0.0,-0.00025261974703264125,0.0
42.38333333333333,malecns_connected,0.0,0.46936771302235336,0.0,0.0,-0.00025261974703264125,0.0
42.391666666666666,malecns_connected,0.0,0.46936560785779474,0.0,0.0,-0.00025261974703264125,0.0
42.4,malecns_connected,0.0,0.4693635026932361,0.0,0.0,-0.00025261974703264125,0.0
42.40833333333333,malecns_connected,0.0,0.4693613975286775,0.0,0.0,-0.00025261974703264125,0.0
42.416666666666664,malecns_connected,0.0,0.4693592923641189,0.0,0.0,-0.00025261974703264125,0.0
42.425,malecns_connected,0.0,0.46935718719956027,0.0,0.0,-0.00025261974703264125,0.0
42.43333333333333,malecns_connected,0.0,0.46935508203500165,0.0,0.0,-0.00025261974703264125,0.0
42.44166666666666,malecns_connected,0.0,0.46935297687044303,0.0,0.0,-0.00025261974703264125,0.0
42.45,malecns_connected,0.0,0.4693508717058844,0.0,0.0,-0.00025261974703264125,0.0
42.458333333333336,malecns_connected,0.0,0.4693487665413258,0.0,0.0,-0.00025261974703264125,0.0
42.46666666666667,malecns_connected,0.0,0.46934666137676717,0.0,0.0,-0.00025261974703264125,0.0
42.475,malecns_connected,0.0,0.46934455621220855,0.0,0.0,-0.00025261974703264125,0.0
42.483333333333334,malecns_connected,0.0,0.46934245104764993,0.0,0.0,-0.00025261974703264125,0.0
42.49166666666667,malecns_connected,0.0,0.4693403458830913,0.0,0.0,-0.00025261974703264125,0.0
42.5,malecns_connected,0.0,0.4693382407185327,0.0,0.0,-0.00025261974703264125,0.0
42.50833333333333,malecns_connected,0.0,0.4693361355539741,0.0,0.0,-0.00025261974703264125,0.0
42.516666666666666,malecns_connected,0.0,0.46933403038941546,0.0,0.0,-0.00025261974703264125,0.0
42.525,malecns_connected,0.0,0.46933192522485684,0.0,0.0,-0.00025261974703264125,0.0
42.53333333333333,malecns_connected,0.0,0.4693298200602982,0.0,0.0,-0.00025261974703264125,0.0
42.541666666666664,malecns_connected,0.0,0.4693277148957396,0.0,0.0,-0.00025261974703264125,0.0
42.55,malecns_connected,0.0,0.469325609731181,0.0,0.0,-0.00025261974703264125,0.0
42.55833333333333,malecns_connected,0.0,0.46932350456662236,0.0,0.0,-0.00025261974703264125,0.0
42.56666666666666,malecns_connected,0.0,0.46932139940206374,0.0,0.0,-0.00025261974703264125,0.0
42.575,malecns_connected,0.0,0.4693192942375051,0.0,0.0,-0.00025261974703264125,0.0
42.583333333333336,malecns_connected,0.0,0.4693171890729465,0.0,0.0,-0.00025261974703264125,0.0
42.59166666666667,malecns_connected,0.0,0.4693150839083879,0.0,0.0,-0.00025261974703264125,0.0
42.6,malecns_connected,0.0,0.46931297874382927,0.0,0.0,-0.00025261974703264125,0.0
42.608333333333334,malecns_connected,0.0,0.46931087357927065,0.0,0.0,-0.00025261974703264125,0.0
42.61666666666667,malecns_connected,0.0,0.46930876841471203,0.0,0.0,-0.00025261974703264125,0.0
42.625,malecns_connected,0.0,0.4693066632501534,0.0,0.0,-0.00025261974703264125,0.0
42.63333333333333,malecns_connected,0.0,0.4693045580855948,0.0,0.0,-0.00025261974703264125,0.0
42.641666666666666,malecns_connected,0.0,0.4693024529210362,0.0,0.0,-0.00025261974703264125,0.0
42.65,malecns_connected,0.0,0.46930034775647755,0.0,0.0,-0.00025261974703264125,0.0
42.65833333333333,malecns_connected,0.0,0.46929824259191893,0.0,0.0,-0.00025261974703264125,0.0
42.666666666666664,malecns_connected,0.0,0.4692961374273603,0.0,0.0,-0.00025261974703264125,0.0
42.675,malecns_connected,0.0,0.4692940322628017,0.0,0.0,-0.00025261974703264125,0.0
42.68333333333333,malecns_connected,0.0,0.4692919270982431,0.0,0.0,-0.00025261974703264125,0.0
42.69166666666666,malecns_connected,0.0,0.46928982193368446,0.0,0.0,-0.00025261974703264125,0.0
42.7,malecns_connected,0.0,0.46928771676912584,0.0,0.0,-0.00025261974703264125,0.0
42.708333333333336,malecns_connected,0.0,0.4692856116045672,0.0,0.0,-0.00025261974703264125,0.0
42.71666666666667,malecns_connected,0.0,0.4692835064400086,0.0,0.0,-0.00025261974703264125,0.0
42.725,malecns_connected,0.0,0.46928140127545,0.0,0.0,-0.00025261974703264125,0.0
42.733333333333334,malecns_connected,0.0,0.46927929611089136,0.0,0.0,-0.00025261974703264125,0.0
42.74166666666667,malecns_connected,0.0,0.46927719094633275,0.0,0.0,-0.00025261974703264125,0.0
42.75,malecns_connected,0.0,0.4692750857817741,0.0,0.0,-0.00025261974703264125,0.0
42.75833333333333,malecns_connected,0.0,0.4692729806172155,0.0,0.0,-0.00025261974703264125,0.0
42.766666666666666,malecns_connected,0.0,0.4692708754526569,0.0,0.0,-0.00025261974703264125,0.0
42.775,malecns_connected,0.0,0.46926877028809827,0.0,0.0,-0.00025261974703264125,0.0
42.78333333333333,malecns_connected,0.0,0.46926666512353965,0.0,0.0,-0.00025261974703264125,0.0
42.791666666666664,malecns_connected,0.0,0.46926455995898103,0.0,0.0,-0.00025261974703264125,0.0
42.8,malecns_connected,0.0,0.4692624547944224,0.0,0.0,-0.00025261974703264125,0.0
42.80833333333333,malecns_connected,0.0,0.4692603496298638,0.0,0.0,-0.00025261974703264125,0.0
42.81666666666666,malecns_connected,0.0,0.4692582444653052,0.0,0.0,-0.00025261974703264125,0.0
42.825,malecns_connected,0.0,0.46925613930074656,0.0,0.0,-0.00025261974703264125,0.0
42.833333333333336,malecns_connected,0.0,0.46925403413618794,0.0,0.0,-0.00025261974703264125,0.0
42.84166666666667,malecns_connected,0.0,0.4692519289716293,0.0,0.0,-0.00025261974703264125,0.0
42.85,malecns_connected,0.0,0.4692498238070707,0.0,0.0,-0.00025261974703264125,0.0
42.858333333333334,malecns_connected,0.0,0.4692477186425121,0.0,0.0,-0.00025261974703264125,0.0
42.86666666666667,malecns_connected,0.0,0.46924561347795346,0.0,0.0,-0.00025261974703264125,0.0
42.875,malecns_connected,0.0,0.46924350831339484,0.0,0.0,-0.00025261974703264125,0.0
42.88333333333333,malecns_connected,0.0,0.4692414031488362,0.0,0.0,-0.00025261974703264125,0.0
42.891666666666666,malecns_connected,0.0,0.4692392979842776,0.0,0.0,-0.00025261974703264125,0.0
42.9,malecns_connected,0.0,0.469237192819719,0.0,0.0,-0.00025261974703264125,0.0
42.90833333333333,malecns_connected,0.0,0.46923508765516037,0.0,0.0,-0.00025261974703264125,0.0
42.916666666666664,malecns_connected,0.0,0.46923298249060175,0.0,0.0,-0.00025261974703264125,0.0
42.925,malecns_connected,0.0,0.4692308773260431,0.0,0.0,-0.00025261974703264125,0.0
42.93333333333333,malecns_connected,0.0,0.4692287721614845,0.0,0.0,-0.00025261974703264125,0.0
42.94166666666666,malecns_connected,0.0,0.4692266669969259,0.0,0.0,-0.00025261974703264125,0.0
42.95,malecns_connected,0.0,0.46922456183236727,0.0,0.0,-0.00025261974703264125,0.0
42.958333333333336,malecns_connected,0.0,0.46922245666780865,0.0,0.0,-0.00025261974703264125,0.0
42.96666666666667,malecns_connected,0.0,0.46922035150325003,0.0,0.0,-0.00025261974703264125,0.0
42.975,malecns_connected,0.0,0.4692182463386914,0.0,0.0,-0.00025261974703264125,0.0
42.983333333333334,malecns_connected,0.0,0.4692161411741328,0.0,0.0,-0.00025261974703264125,0.0
42.99166666666667,malecns_connected,0.0,0.4692140360095742,0.0,0.0,-0.00025261974703264125,0.0
43.0,malecns_connected,0.0,0.46921193084501556,0.0,0.0,-0.00025261974703264125,0.0
43.00833333333333,malecns_connected,0.0,0.46920982568045694,0.0,0.0,-0.00025261974703264125,0.0
43.016666666666666,malecns_connected,0.0,0.4692077205158983,0.0,0.0,-0.00025261974703264125,0.0
43.025,malecns_connected,0.0,0.4692056153513397,0.0,0.0,-0.00025261974703264125,0.0
43.03333333333333,malecns_connected,0.0,0.4692035101867811,0.0,0.0,-0.00025261974703264125,0.0
43.041666666666664,malecns_connected,0.0,0.46920140502222246,0.0,0.0,-0.00025261974703264125,0.0
43.05,malecns_connected,0.0,0.46919929985766384,0.0,0.0,-0.00025261974703264125,0.0
43.05833333333333,malecns_connected,0.0,0.4691971946931052,0.0,0.0,-0.00025261974703264125,0.0
43.06666666666666,malecns_connected,0.0,0.4691950895285466,0.0,0.0,-0.00025261974703264125,0.0
43.075,malecns_connected,0.0,0.469192984363988,0.0,0.0,-0.00025261974703264125,0.0
43.083333333333336,malecns_connected,0.0,0.46919087919942937,0.0,0.0,-0.00025261974703264125,0.0
43.09166666666667,malecns_connected,0.0,0.46918877403487075,0.0,0.0,-0.00025261974703264125,0.0
43.1,malecns_connected,0.0,0.46918666887031213,0.0,0.0,-0.00025261974703264125,0.0
43.108333333333334,malecns_connected,0.0,0.4691845637057535,0.0,0.0,-0.00025261974703264125,0.0
43.11666666666667,malecns_connected,0.0,0.4691824585411949,0.0,0.0,-0.00025261974703264125,0.0
43.125,malecns_connected,0.0,0.46918035337663627,0.0,0.0,-0.00025261974703264125,0.0
43.13333333333333,malecns_connected,0.0,0.46917824821207765,0.0,0.0,-0.00025261974703264125,0.0
43.141666666666666,malecns_connected,0.0,0.46917614304751903,0.0,0.0,-0.00025261974703264125,0.0
43.15,malecns_connected,0.0,0.4691740378829604,0.0,0.0,-0.00025261974703264125,0.0
43.15833333333333,malecns_connected,0.0,0.4691719327184018,0.0,0.0,-0.00025261974703264125,0.0
43.166666666666664,malecns_connected,0.0,0.4691698275538432,0.0,0.0,-0.00025261974703264125,0.0
43.175,malecns_connected,0.0,0.46916772238928456,0.0,0.0,-0.00025261974703264125,0.0
43.18333333333333,malecns_connected,0.0,0.46916561722472594,0.0,0.0,-0.00025261974703264125,0.0
43.19166666666666,malecns_connected,0.0,0.4691635120601673,0.0,0.0,-0.00025261974703264125,0.0
43.2,malecns_connected,0.0,0.4691614068956087,0.0,0.0,-0.00025261974703264125,0.0
43.208333333333336,malecns_connected,0.0,0.4691593017310501,0.0,0.0,-0.00025261974703264125,0.0
43.21666666666667,malecns_connected,0.0,0.46915719656649146,0.0,0.0,-0.00025261974703264125,0.0
43.225,malecns_connected,0.0,0.46915509140193284,0.0,0.0,-0.00025261974703264125,0.0
43.233333333333334,malecns_connected,0.0,0.4691529862373742,0.0,0.0,-0.00025261974703264125,0.0
43.24166666666667,malecns_connected,0.0,0.4691508810728156,0.0,0.0,-0.00025261974703264125,0.0
43.25,malecns_connected,0.0,0.469148775908257,0.0,0.0,-0.00025261974703264125,0.0
43.25833333333333,malecns_connected,0.0,0.46914667074369837,0.0,0.0,-0.00025261974703264125,0.0
43.266666666666666,malecns_connected,0.0,0.46914456557913975,0.0,0.0,-0.00025261974703264125,0.0
43.275,malecns_connected,0.0,0.46914246041458113,0.0,0.0,-0.00025261974703264125,0.0
43.28333333333333,malecns_connected,0.0,0.4691403552500225,0.0,0.0,-0.00025261974703264125,0.0
43.291666666666664,malecns_connected,0.0,0.4691382500854639,0.0,0.0,-0.00025261974703264125,0.0
43.3,malecns_connected,0.0,0.4691361449209053,0.0,0.0,-0.00025261974703264125,0.0
43.30833333333333,malecns_connected,0.0,0.46913403975634665,0.0,0.0,-0.00025261974703264125,0.0
43.31666666666666,malecns_connected,0.0,0.46913193459178804,0.0,0.0,-0.00025261974703264125,0.0
43.325,malecns_connected,0.0,0.4691298294272294,0.0,0.0,-0.00025261974703264125,0.0
43.333333333333336,malecns_connected,0.0,0.4691277242626708,0.0,0.0,-0.00025261974703264125,0.0
43.34166666666667,malecns_connected,0.0,0.4691256190981122,0.0,0.0,-0.00025261974703264125,0.0
43.35,malecns_connected,0.0,0.46912351393355356,0.0,0.0,-0.00025261974703264125,0.0
43.358333333333334,malecns_connected,0.0,0.46912140876899494,0.0,0.0,-0.00025261974703264125,0.0
43.36666666666667,malecns_connected,0.0,0.4691193036044363,0.0,0.0,-0.00025261974703264125,0.0
43.375,malecns_connected,0.0,0.4691171984398777,0.0,0.0,-0.00025261974703264125,0.0
43.38333333333333,malecns_connected,0.0,0.4691150932753191,0.0,0.0,-0.00025261974703264125,0.0
43.391666666666666,malecns_connected,0.0,0.46911298811076046,0.0,0.0,-0.00025261974703264125,0.0
43.4,malecns_connected,0.0,0.46911088294620185,0.0,0.0,-0.00025261974703264125,0.0
43.40833333333333,malecns_connected,0.0,0.4691087777816432,0.0,0.0,-0.00025261974703264125,0.0
43.416666666666664,malecns_connected,0.0,0.4691066726170846,0.0,0.0,-0.00025261974703264125,0.0
43.425,malecns_connected,0.0,0.469104567452526,0.0,0.0,-0.00025261974703264125,0.0
43.43333333333333,malecns_connected,0.0,0.46910246228796737,0.0,0.0,-0.00025261974703264125,0.0
43.44166666666666,malecns_connected,0.0,0.46910035712340875,0.0,0.0,-0.00025261974703264125,0.0
43.45,malecns_connected,0.0,0.46909825195885013,0.0,0.0,-0.00025261974703264125,0.0
43.458333333333336,malecns_connected,0.0,0.4690961467942915,0.0,0.0,-0.00025261974703264125,0.0
43.46666666666667,malecns_connected,0.0,0.4690940416297329,0.0,0.0,-0.00025261974703264125,0.0
43.475,malecns_connected,0.0,0.4690919364651743,0.0,0.0,-0.00025261974703264125,0.0
43.483333333333334,malecns_connected,0.0,0.46908983130061566,0.0,0.0,-0.00025261974703264125,0.0
43.49166666666667,malecns_connected,0.0,0.46908772613605704,0.0,0.0,-0.00025261974703264125,0.0
43.5,malecns_connected,0.0,0.4690856209714984,0.0,0.0,-0.00025261974703264125,0.0
43.50833333333333,malecns_connected,0.0,0.4690835158069398,0.0,0.0,-0.00025261974703264125,0.0
43.516666666666666,malecns_connected,0.0,0.4690814106423812,0.0,0.0,-0.00025261974703264125,0.0
43.525,malecns_connected,0.0,0.46907930547782256,0.0,0.0,-0.00025261974703264125,0.0
43.53333333333333,malecns_connected,0.0,0.46907720031326394,0.0,0.0,-0.00025261974703264125,0.0
43.541666666666664,malecns_connected,0.0,0.4690750951487053,0.0,0.0,-0.00025261974703264125,0.0
43.55,malecns_connected,0.0,0.4690729899841467,0.0,0.0,-0.00025261974703264125,0.0
43.55833333333333,malecns_connected,0.0,0.4690708848195881,0.0,0.0,-0.00025261974703264125,0.0
43.56666666666666,malecns_connected,0.0,0.46906877965502947,0.0,0.0,-0.00025261974703264125,0.0
43.575,malecns_connected,0.0,0.46906667449047085,0.0,0.0,-0.00025261974703264125,0.0
43.583333333333336,malecns_connected,0.0,0.46906456932591223,0.0,0.0,-0.00025261974703264125,0.0
43.59166666666667,malecns_connected,0.0,0.4690624641613536,0.0,0.0,-0.00025261974703264125,0.0
43.6,malecns_connected,0.0,0.469060358996795,0.0,0.0,-0.00025261974703264125,0.0
43.608333333333334,malecns_connected,0.0,0.46905825383223637,0.0,0.0,-0.00025261974703264125,0.0
43.61666666666667,malecns_connected,0.0,0.46905614866767775,0.0,0.0,-0.00025261974703264125,0.0
43.625,malecns_connected,0.0,0.46905404350311913,0.0,0.0,-0.00025261974703264125,0.0
43.63333333333333,malecns_connected,0.0,0.4690519383385605,0.0,0.0,-0.00025261974703264125,0.0
43.641666666666666,malecns_connected,0.0,0.4690498331740019,0.0,0.0,-0.00025261974703264125,0.0
43.65,malecns_connected,0.0,0.4690477280094433,0.0,0.0,-0.00025261974703264125,0.0
43.65833333333333,malecns_connected,0.0,0.46904562284488466,0.0,0.0,-0.00025261974703264125,0.0
43.666666666666664,malecns_connected,0.0,0.46904351768032604,0.0,0.0,-0.00025261974703264125,0.0
43.675,malecns_connected,0.0,0.4690414125157674,0.0,0.0,-0.00025261974703264125,0.0
43.68333333333333,malecns_connected,0.0,0.4690393073512088,0.0,0.0,-0.00025261974703264125,0.0
43.69166666666666,malecns_connected,0.0,0.4690372021866502,0.0,0.0,-0.00025261974703264125,0.0
43.7,malecns_connected,0.0,0.46903509702209156,0.0,0.0,-0.00025261974703264125,0.0
43.708333333333336,malecns_connected,0.0,0.46903299185753294,0.0,0.0,-0.00025261974703264125,0.0
43.71666666666667,malecns_connected,0.0,0.4690308866929743,0.0,0.0,-0.00025261974703264125,0.0
43.725,malecns_connected,0.0,0.4690287815284157,0.0,0.0,-0.00025261974703264125,0.0
43.733333333333334,malecns_connected,0.0,0.4690266763638571,0.0,0.0,-0.00025261974703264125,0.0
43.74166666666667,malecns_connected,0.0,0.46902457119929847,0.0,0.0,-0.00025261974703264125,0.0
43.75,malecns_connected,0.0,0.46902246603473985,0.0,0.0,-0.00025261974703264125,0.0
43.75833333333333,malecns_connected,0.0,0.46902036087018123,0.0,0.0,-0.00025261974703264125,0.0
43.766666666666666,malecns_connected,0.0,0.4690182557056226,0.0,0.0,-0.00025261974703264125,0.0
43.775,malecns_connected,0.0,0.469016150541064,0.0,0.0,-0.00025261974703264125,0.0
43.78333333333333,malecns_connected,0.0,0.4690140453765054,0.0,0.0,-0.00025261974703264125,0.0
43.791666666666664,malecns_connected,0.0,0.46901194021194675,0.0,0.0,-0.00025261974703264125,0.0
43.8,malecns_connected,0.0,0.46900983504738814,0.0,0.0,-0.00025261974703264125,0.0
43.80833333333333,malecns_connected,0.0,0.4690077298828295,0.0,0.0,-0.00025261974703264125,0.0
43.81666666666666,malecns_connected,0.0,0.4690056247182709,0.0,0.0,-0.00025261974703264125,0.0
43.825,malecns_connected,0.0,0.4690035195537123,0.0,0.0,-0.00025261974703264125,0.0
43.833333333333336,malecns_connected,0.0,0.46900141438915366,0.0,0.0,-0.00025261974703264125,0.0
43.84166666666667,malecns_connected,0.0,0.46899930922459504,0.0,0.0,-0.00025261974703264125,0.0
43.85,malecns_connected,0.0,0.4689972040600364,0.0,0.0,-0.00025261974703264125,0.0
43.858333333333334,malecns_connected,0.0,0.4689950988954778,0.0,0.0,-0.00025261974703264125,0.0
43.86666666666667,malecns_connected,0.0,0.4689929937309192,0.0,0.0,-0.00025261974703264125,0.0
43.875,malecns_connected,0.0,0.46899088856636056,0.0,0.0,-0.00025261974703264125,0.0
43.88333333333333,malecns_connected,0.0,0.46898878340180195,0.0,0.0,-0.00025261974703264125,0.0
43.891666666666666,malecns_connected,0.0,0.4689866782372433,0.0,0.0,-0.00025261974703264125,0.0
43.9,malecns_connected,0.0,0.4689845730726847,0.0,0.0,-0.00025261974703264125,0.0
43.90833333333333,malecns_connected,0.0,0.4689824679081261,0.0,0.0,-0.00025261974703264125,0.0
43.916666666666664,malecns_connected,0.0,0.46898036274356747,0.0,0.0,-0.00025261974703264125,0.0
43.925,malecns_connected,0.0,0.46897825757900885,0.0,0.0,-0.00025261974703264125,0.0
43.93333333333333,malecns_connected,0.0,0.46897615241445023,0.0,0.0,-0.00025261974703264125,0.0
43.94166666666666,malecns_connected,0.0,0.4689740472498916,0.0,0.0,-0.00025261974703264125,0.0
43.95,malecns_connected,0.0,0.468971942085333,0.0,0.0,-0.00025261974703264125,0.0
43.958333333333336,malecns_connected,0.0,0.4689698369207744,0.0,0.0,-0.00025261974703264125,0.0
43.96666666666667,malecns_connected,0.0,0.46896773175621576,0.0,0.0,-0.00025261974703264125,0.0
43.975,malecns_connected,0.0,0.46896562659165714,0.0,0.0,-0.00025261974703264125,0.0
43.983333333333334,malecns_connected,0.0,0.4689635214270985,0.0,0.0,-0.00025261974703264125,0.0
43.99166666666667,malecns_connected,0.0,0.4689614162625399,0.0,0.0,-0.00025261974703264125,0.0
44.0,malecns_connected,0.0,0.4689593110979813,0.0,0.0,-0.00025261974703264125,0.0
44.00833333333333,malecns_connected,0.0,0.46895720593342266,0.0,0.0,-0.00025261974703264125,0.0
44.016666666666666,malecns_connected,0.0,0.46895510076886404,0.0,0.0,-0.00025261974703264125,0.0
44.025,malecns_connected,0.0,0.4689529956043054,0.0,0.0,-0.00025261974703264125,0.0
44.03333333333333,malecns_connected,0.0,0.4689508904397468,0.0,0.0,-0.00025261974703264125,0.0
44.041666666666664,malecns_connected,0.0,0.4689487852751882,0.0,0.0,-0.00025261974703264125,0.0
44.05,malecns_connected,0.0,0.46894668011062957,0.0,0.0,-0.00025261974703264125,0.0
44.05833333333333,malecns_connected,0.0,0.46894457494607095,0.0,0.0,-0.00025261974703264125,0.0
44.06666666666666,malecns_connected,0.0,0.4689424697815123,0.0,0.0,-0.00025261974703264125,0.0
44.075,malecns_connected,0.0,0.4689403646169537,0.0,0.0,-0.00025261974703264125,0.0
44.083333333333336,malecns_connected,0.0,0.4689382594523951,0.0,0.0,-0.00025261974703264125,0.0
44.09166666666667,malecns_connected,0.0,0.46893615428783647,0.0,0.0,-0.00025261974703264125,0.0
44.1,malecns_connected,0.0,0.46893404912327785,0.0,0.0,-0.00025261974703264125,0.0
44.108333333333334,malecns_connected,0.0,0.46893194395871923,0.0,0.0,-0.00025261974703264125,0.0
44.11666666666667,malecns_connected,0.0,0.4689298387941606,0.0,0.0,-0.00025261974703264125,0.0
44.125,malecns_connected,0.0,0.468927733629602,0.0,0.0,-0.00025261974703264125,0.0
44.13333333333333,malecns_connected,0.0,0.4689256284650434,0.0,0.0,-0.00025261974703264125,0.0
44.141666666666666,malecns_connected,0.0,0.46892352330048476,0.0,0.0,-0.00025261974703264125,0.0
44.15,malecns_connected,0.0,0.46892141813592614,0.0,0.0,-0.00025261974703264125,0.0
44.15833333333333,malecns_connected,0.0,0.4689193129713675,0.0,0.0,-0.00025261974703264125,0.0
44.166666666666664,malecns_connected,0.0,0.4689172078068089,0.0,0.0,-0.00025261974703264125,0.0
44.175,malecns_connected,0.0,0.4689151026422503,0.0,0.0,-0.00025261974703264125,0.0
44.18333333333333,malecns_connected,0.0,0.46891299747769166,0.0,0.0,-0.00025261974703264125,0.0
44.19166666666666,malecns_connected,0.0,0.46891089231313304,0.0,0.0,-0.00025261974703264125,0.0
44.2,malecns_connected,0.0,0.4689087871485744,0.0,0.0,-0.00025261974703264125,0.0
44.208333333333336,malecns_connected,0.0,0.4689066819840158,0.0,0.0,-0.00025261974703264125,0.0
44.21666666666667,malecns_connected,0.0,0.4689045768194572,0.0,0.0,-0.00025261974703264125,0.0
44.225,malecns_connected,0.0,0.46890247165489857,0.0,0.0,-0.00025261974703264125,0.0
44.233333333333334,malecns_connected,0.0,0.46890036649033995,0.0,0.0,-0.00025261974703264125,0.0
44.24166666666667,malecns_connected,0.0,0.46889826132578133,0.0,0.0,-0.00025261974703264125,0.0
44.25,malecns_connected,0.0,0.4688961561612227,0.0,0.0,-0.00025261974703264125,0.0
44.25833333333333,malecns_connected,0.0,0.4688940509966641,0.0,0.0,-0.00025261974703264125,0.0
44.266666666666666,malecns_connected,0.0,0.4688919458321055,0.0,0.0,-0.00025261974703264125,0.0
44.275,malecns_connected,0.0,0.46888984066754685,0.0,0.0,-0.00025261974703264125,0.0
44.28333333333333,malecns_connected,0.0,0.46888773550298823,0.0,0.0,-0.00025261974703264125,0.0
44.291666666666664,malecns_connected,0.0,0.4688856303384296,0.0,0.0,-0.00025261974703264125,0.0
44.3,malecns_connected,0.0,0.468883525173871,0.0,0.0,-0.00025261974703264125,0.0
44.30833333333333,malecns_connected,0.0,0.4688814200093124,0.0,0.0,-0.00025261974703264125,0.0
44.31666666666666,malecns_connected,0.0,0.46887931484475376,0.0,0.0,-0.00025261974703264125,0.0
44.325,malecns_connected,0.0,0.46887720968019514,0.0,0.0,-0.00025261974703264125,0.0
44.333333333333336,malecns_connected,0.0,0.4688751045156365,0.0,0.0,-0.00025261974703264125,0.0
44.34166666666667,malecns_connected,0.0,0.4688729993510779,0.0,0.0,-0.00025261974703264125,0.0
44.35,malecns_connected,0.0,0.4688708941865193,0.0,0.0,-0.00025261974703264125,0.0
44.358333333333334,malecns_connected,0.0,0.46886878902196066,0.0,0.0,-0.00025261974703264125,0.0
44.36666666666667,malecns_connected,0.0,0.46886668385740204,0.0,0.0,-0.00025261974703264125,0.0
44.375,malecns_connected,0.0,0.4688645786928434,0.0,0.0,-0.00025261974703264125,0.0
44.38333333333333,malecns_connected,0.0,0.4688624735282848,0.0,0.0,-0.00025261974703264125,0.0
44.391666666666666,malecns_connected,0.0,0.4688603683637262,0.0,0.0,-0.00025261974703264125,0.0
44.4,malecns_connected,0.0,0.46885826319916757,0.0,0.0,-0.00025261974703264125,0.0
44.40833333333333,malecns_connected,0.0,0.46885615803460895,0.0,0.0,-0.00025261974703264125,0.0
44.416666666666664,malecns_connected,0.0,0.46885405287005033,0.0,0.0,-0.00025261974703264125,0.0
44.425,malecns_connected,0.0,0.4688519477054917,0.0,0.0,-0.00025261974703264125,0.0
44.43333333333333,malecns_connected,0.0,0.4688498425409331,0.0,0.0,-0.00025261974703264125,0.0
44.44166666666666,malecns_connected,0.0,0.4688477373763745,0.0,0.0,-0.00025261974703264125,0.0
44.45,malecns_connected,0.0,0.46884563221181585,0.0,0.0,-0.00025261974703264125,0.0
44.458333333333336,malecns_connected,0.0,0.46884352704725724,0.0,0.0,-0.00025261974703264125,0.0
44.46666666666667,malecns_connected,0.0,0.4688414218826986,0.0,0.0,-0.00025261974703264125,0.0
44.475,malecns_connected,0.0,0.46883931671814,0.0,0.0,-0.00025261974703264125,0.0
44.483333333333334,malecns_connected,0.0,0.4688372115535814,0.0,0.0,-0.00025261974703264125,0.0
44.49166666666667,malecns_connected,0.0,0.46883510638902276,0.0,0.0,-0.00025261974703264125,0.0
44.5,malecns_connected,0.0,0.46883300122446414,0.0,0.0,-0.00025261974703264125,0.0
44.50833333333333,malecns_connected,0.0,0.4688308960599055,0.0,0.0,-0.00025261974703264125,0.0
44.516666666666666,malecns_connected,0.0,0.4688287908953469,0.0,0.0,-0.00025261974703264125,0.0
44.525,malecns_connected,0.0,0.4688266857307883,0.0,0.0,-0.00025261974703264125,0.0
44.53333333333333,malecns_connected,0.0,0.46882458056622967,0.0,0.0,-0.00025261974703264125,0.0
44.541666666666664,malecns_connected,0.0,0.46882247540167105,0.0,0.0,-0.00025261974703264125,0.0
44.55,malecns_connected,0.0,0.4688203702371124,0.0,0.0,-0.00025261974703264125,0.0
44.55833333333333,malecns_connected,0.0,0.4688182650725538,0.0,0.0,-0.00025261974703264125,0.0
44.56666666666666,malecns_connected,0.0,0.4688161599079952,0.0,0.0,-0.00025261974703264125,0.0
44.575,malecns_connected,0.0,0.46881405474343657,0.0,0.0,-0.00025261974703264125,0.0
44.583333333333336,malecns_connected,0.0,0.46881194957887795,0.0,0.0,-0.00025261974703264125,0.0
44.59166666666667,malecns_connected,0.0,0.46880984441431933,0.0,0.0,-0.00025261974703264125,0.0
44.6,malecns_connected,0.0,0.4688077392497607,0.0,0.0,-0.00025261974703264125,0.0
44.608333333333334,malecns_connected,0.0,0.4688056340852021,0.0,0.0,-0.00025261974703264125,0.0
44.61666666666667,malecns_connected,0.0,0.4688035289206435,0.0,0.0,-0.00025261974703264125,0.0
44.625,malecns_connected,0.0,0.46880142375608486,0.0,0.0,-0.00025261974703264125,0.0
44.63333333333333,malecns_connected,0.0,0.46879931859152624,0.0,0.0,-0.00025261974703264125,0.0
44.641666666666666,malecns_connected,0.0,0.4687972134269676,0.0,0.0,-0.00025261974703264125,0.0
44.65,malecns_connected,0.0,0.468795108262409,0.0,0.0,-0.00025261974703264125,0.0
44.65833333333333,malecns_connected,0.0,0.4687930030978504,0.0,0.0,-0.00025261974703264125,0.0
44.666666666666664,malecns_connected,0.0,0.46879089793329176,0.0,0.0,-0.00025261974703264125,0.0
44.675,malecns_connected,0.0,0.46878879276873314,0.0,0.0,-0.00025261974703264125,0.0
44.68333333333333,malecns_connected,0.0,0.4687866876041745,0.0,0.0,-0.00025261974703264125,0.0
44.69166666666666,malecns_connected,0.0,0.4687845824396159,0.0,0.0,-0.00025261974703264125,0.0
44.7,malecns_connected,0.0,0.4687824772750573,0.0,0.0,-0.00025261974703264125,0.0
44.708333333333336,malecns_connected,0.0,0.46878037211049867,0.0,0.0,-0.00025261974703264125,0.0
44.71666666666667,malecns_connected,0.0,0.46877826694594005,0.0,0.0,-0.00025261974703264125,0.0
44.725,malecns_connected,0.0,0.46877616178138143,0.0,0.0,-0.00025261974703264125,0.0
44.733333333333334,malecns_connected,0.0,0.4687740566168228,0.0,0.0,-0.00025261974703264125,0.0
44.74166666666667,malecns_connected,0.0,0.4687719514522642,0.0,0.0,-0.00025261974703264125,0.0
44.75,malecns_connected,0.0,0.46876984628770557,0.0,0.0,-0.00025261974703264125,0.0
44.75833333333333,malecns_connected,0.0,0.46876774112314695,0.0,0.0,-0.00025261974703264125,0.0
44.766666666666666,malecns_connected,0.0,0.46876563595858833,0.0,0.0,-0.00025261974703264125,0.0
44.775,malecns_connected,0.0,0.4687635307940297,0.0,0.0,-0.00025261974703264125,0.0
44.78333333333333,malecns_connected,0.0,0.4687614256294711,0.0,0.0,-0.00025261974703264125,0.0
44.791666666666664,malecns_connected,0.0,0.4687593204649125,0.0,0.0,-0.00025261974703264125,0.0
44.8,malecns_connected,0.0,0.46875721530035386,0.0,0.0,-0.00025261974703264125,0.0
44.80833333333333,malecns_connected,0.0,0.46875511013579524,0.0,0.0,-0.00025261974703264125,0.0
44.81666666666666,malecns_connected,0.0,0.4687530049712366,0.0,0.0,-0.00025261974703264125,0.0
44.825,malecns_connected,0.0,0.468750899806678,0.0,0.0,-0.00025261974703264125,0.0
44.833333333333336,malecns_connected,0.0,0.4687487946421194,0.0,0.0,-0.00025261974703264125,0.0
44.84166666666667,malecns_connected,0.0,0.46874668947756076,0.0,0.0,-0.00025261974703264125,0.0
44.85,malecns_connected,0.0,0.46874458431300214,0.0,0.0,-0.00025261974703264125,0.0
44.858333333333334,malecns_connected,0.0,0.4687424791484435,0.0,0.0,-0.00025261974703264125,0.0
44.86666666666667,malecns_connected,0.0,0.4687403739838849,0.0,0.0,-0.00025261974703264125,0.0
44.875,malecns_connected,0.0,0.4687382688193263,0.0,0.0,-0.00025261974703264125,0.0
44.88333333333333,malecns_connected,0.0,0.46873616365476767,0.0,0.0,-0.00025261974703264125,0.0
44.891666666666666,malecns_connected,0.0,0.46873405849020905,0.0,0.0,-0.00025261974703264125,0.0
44.9,malecns_connected,0.0,0.46873195332565043,0.0,0.0,-0.00025261974703264125,0.0
44.90833333333333,malecns_connected,0.0,0.4687298481610918,0.0,0.0,-0.00025261974703264125,0.0
44.916666666666664,malecns_connected,0.0,0.4687277429965332,0.0,0.0,-0.00025261974703264125,0.0
44.925,malecns_connected,0.0,0.4687256378319746,0.0,0.0,-0.00025261974703264125,0.0
44.93333333333333,malecns_connected,0.0,0.46872353266741595,0.0,0.0,-0.00025261974703264125,0.0
44.94166666666666,malecns_connected,0.0,0.46872142750285734,0.0,0.0,-0.00025261974703264125,0.0
44.95,malecns_connected,0.0,0.4687193223382987,0.0,0.0,-0.00025261974703264125,0.0
44.958333333333336,malecns_connected,0.0,0.4687172171737401,0.0,0.0,-0.00025261974703264125,0.0
44.96666666666667,malecns_connected,0.0,0.4687151120091815,0.0,0.0,-0.00025261974703264125,0.0
44.975,malecns_connected,0.0,0.46871300684462286,0.0,0.0,-0.00025261974703264125,0.0
44.983333333333334,malecns_connected,0.0,0.46871090168006424,0.0,0.0,-0.00025261974703264125,0.0
44.99166666666667,malecns_connected,0.0,0.4687087965155056,0.0,0.0,-0.00025261974703264125,0.0
45.0,malecns_connected,0.0,0.468706691350947,0.0,0.0,-0.00025261974703264125,0.0
45.00833333333333,malecns_connected,0.0,0.4687045861863884,0.0,0.0,-0.00025261974703264125,0.0
45.016666666666666,malecns_connected,0.0,0.46870248102182976,0.0,0.0,-0.00025261974703264125,0.0
45.025,malecns_connected,0.0,0.46870037585727115,0.0,0.0,-0.00025261974703264125,0.0
45.03333333333333,malecns_connected,0.0,0.4686982706927125,0.0,0.0,-0.00025261974703264125,0.0
45.041666666666664,malecns_connected,0.0,0.4686961655281539,0.0,0.0,-0.00025261974703264125,0.0
45.05,malecns_connected,0.0,0.4686940603635953,0.0,0.0,-0.00025261974703264125,0.0
45.05833333333333,malecns_connected,0.0,0.46869195519903667,0.0,0.0,-0.00025261974703264125,0.0
45.06666666666666,malecns_connected,0.0,0.46868985003447805,0.0,0.0,-0.00025261974703264125,0.0
45.075,malecns_connected,0.0,0.46868774486991943,0.0,0.0,-0.00025261974703264125,0.0
45.083333333333336,malecns_connected,0.0,0.4686856397053608,0.0,0.0,-0.00025261974703264125,0.0
45.09166666666667,malecns_connected,0.0,0.4686835345408022,0.0,0.0,-0.00025261974703264125,0.0
45.1,malecns_connected,0.0,0.4686814293762436,0.0,0.0,-0.00025261974703264125,0.0
45.108333333333334,malecns_connected,0.0,0.46867932421168496,0.0,0.0,-0.00025261974703264125,0.0
45.11666666666667,malecns_connected,0.0,0.46867721904712634,0.0,0.0,-0.00025261974703264125,0.0
45.125,malecns_connected,0.0,0.4686751138825677,0.0,0.0,-0.00025261974703264125,0.0
45.13333333333333,malecns_connected,0.0,0.4686730087180091,0.0,0.0,-0.00025261974703264125,0.0
45.141666666666666,malecns_connected,0.0,0.4686709035534505,0.0,0.0,-0.00025261974703264125,0.0
45.15,malecns_connected,0.0,0.46866879838889186,0.0,0.0,-0.00025261974703264125,0.0
45.15833333333333,malecns_connected,0.0,0.46866669322433324,0.0,0.0,-0.00025261974703264125,0.0
45.166666666666664,malecns_connected,0.0,0.4686645880597746,0.0,0.0,-0.00025261974703264125,0.0
45.175,malecns_connected,0.0,0.468662482895216,0.0,0.0,-0.00025261974703264125,0.0
45.18333333333333,malecns_connected,0.0,0.4686603777306574,0.0,0.0,-0.00025261974703264125,0.0
45.19166666666666,malecns_connected,0.0,0.46865827256609877,0.0,0.0,-0.00025261974703264125,0.0
45.2,malecns_connected,0.0,0.46865616740154015,0.0,0.0,-0.00025261974703264125,0.0
45.208333333333336,malecns_connected,0.0,0.46865406223698153,0.0,0.0,-0.00025261974703264125,0.0
45.21666666666667,malecns_connected,0.0,0.4686519570724229,0.0,0.0,-0.00025261974703264125,0.0
45.225,malecns_connected,0.0,0.4686498519078643,0.0,0.0,-0.00025261974703264125,0.0
45.233333333333334,malecns_connected,0.0,0.46864774674330567,0.0,0.0,-0.00025261974703264125,0.0
45.24166666666667,malecns_connected,0.0,0.46864564157874705,0.0,0.0,-0.00025261974703264125,0.0
45.25,malecns_connected,0.0,0.46864353641418843,0.0,0.0,-0.00025261974703264125,0.0
45.25833333333333,malecns_connected,0.0,0.4686414312496298,0.0,0.0,-0.00025261974703264125,0.0
45.266666666666666,malecns_connected,0.0,0.4686393260850712,0.0,0.0,-0.00025261974703264125,0.0
45.275,malecns_connected,0.0,0.4686372209205126,0.0,0.0,-0.00025261974703264125,0.0
45.28333333333333,malecns_connected,0.0,0.46863511575595396,0.0,0.0,-0.00025261974703264125,0.0
45.291666666666664,malecns_connected,0.0,0.46863301059139534,0.0,0.0,-0.00025261974703264125,0.0
45.3,malecns_connected,0.0,0.4686309054268367,0.0,0.0,-0.00025261974703264125,0.0
45.30833333333333,malecns_connected,0.0,0.4686288002622781,0.0,0.0,-0.00025261974703264125,0.0
45.31666666666666,malecns_connected,0.0,0.4686266950977195,0.0,0.0,-0.00025261974703264125,0.0
45.325,malecns_connected,0.0,0.46862458993316086,0.0,0.0,-0.00025261974703264125,0.0
45.333333333333336,malecns_connected,0.0,0.46862248476860224,0.0,0.0,-0.00025261974703264125,0.0
45.34166666666667,malecns_connected,0.0,0.4686203796040436,0.0,0.0,-0.00025261974703264125,0.0
45.35,malecns_connected,0.0,0.468618274439485,0.0,0.0,-0.00025261974703264125,0.0
45.358333333333334,malecns_connected,0.0,0.4686161692749264,0.0,0.0,-0.00025261974703264125,0.0
45.36666666666667,malecns_connected,0.0,0.46861406411036777,0.0,0.0,-0.00025261974703264125,0.0
45.375,malecns_connected,0.0,0.46861195894580915,0.0,0.0,-0.00025261974703264125,0.0
45.38333333333333,malecns_connected,0.0,0.46860985378125053,0.0,0.0,-0.00025261974703264125,0.0
45.391666666666666,malecns_connected,0.0,0.4686077486166919,0.0,0.0,-0.00025261974703264125,0.0
45.4,malecns_connected,0.0,0.4686056434521333,0.0,0.0,-0.00025261974703264125,0.0
45.40833333333333,malecns_connected,0.0,0.4686035382875747,0.0,0.0,-0.00025261974703264125,0.0
45.416666666666664,malecns_connected,0.0,0.46860143312301605,0.0,0.0,-0.00025261974703264125,0.0
45.425,malecns_connected,0.0,0.46859932795845743,0.0,0.0,-0.00025261974703264125,0.0
45.43333333333333,malecns_connected,0.0,0.4685972227938988,0.0,0.0,-0.00025261974703264125,0.0
45.44166666666666,malecns_connected,0.0,0.4685951176293402,0.0,0.0,-0.00025261974703264125,0.0
45.45,malecns_connected,0.0,0.4685930124647816,0.0,0.0,-0.00025261974703264125,0.0
45.458333333333336,malecns_connected,0.0,0.46859090730022296,0.0,0.0,-0.00025261974703264125,0.0
45.46666666666667,malecns_connected,0.0,0.46858880213566434,0.0,0.0,-0.00025261974703264125,0.0
45.475,malecns_connected,0.0,0.4685866969711057,0.0,0.0,-0.00025261974703264125,0.0
45.483333333333334,malecns_connected,0.0,0.4685845918065471,0.0,0.0,-0.00025261974703264125,0.0
45.49166666666667,malecns_connected,0.0,0.4685824866419885,0.0,0.0,-0.00025261974703264125,0.0
45.5,malecns_connected,0.0,0.46858038147742986,0.0,0.0,-0.00025261974703264125,0.0
45.50833333333333,malecns_connected,0.0,0.46857827631287124,0.0,0.0,-0.00025261974703264125,0.0
45.516666666666666,malecns_connected,0.0,0.4685761711483126,0.0,0.0,-0.00025261974703264125,0.0
45.525,malecns_connected,0.0,0.468574065983754,0.0,0.0,-0.00025261974703264125,0.0
45.53333333333333,malecns_connected,0.0,0.4685719608191954,0.0,0.0,-0.00025261974703264125,0.0
45.541666666666664,malecns_connected,0.0,0.46856985565463677,0.0,0.0,-0.00025261974703264125,0.0
45.55,malecns_connected,0.0,0.46856775049007815,0.0,0.0,-0.00025261974703264125,0.0
45.55833333333333,malecns_connected,0.0,0.46856564532551953,0.0,0.0,-0.00025261974703264125,0.0
45.56666666666666,malecns_connected,0.0,0.4685635401609609,0.0,0.0,-0.00025261974703264125,0.0
45.575,malecns_connected,0.0,0.4685614349964023,0.0,0.0,-0.00025261974703264125,0.0
45.583333333333336,malecns_connected,0.0,0.4685593298318437,0.0,0.0,-0.00025261974703264125,0.0
45.59166666666667,malecns_connected,0.0,0.46855722466728505,0.0,0.0,-0.00025261974703264125,0.0
45.6,malecns_connected,0.0,0.46855511950272644,0.0,0.0,-0.00025261974703264125,0.0
45.608333333333334,malecns_connected,0.0,0.4685530143381678,0.0,0.0,-0.00025261974703264125,0.0
45.61666666666667,malecns_connected,0.0,0.4685509091736092,0.0,0.0,-0.00025261974703264125,0.0
45.625,malecns_connected,0.0,0.4685488040090506,0.0,0.0,-0.00025261974703264125,0.0
45.63333333333333,malecns_connected,0.0,0.46854669884449196,0.0,0.0,-0.00025261974703264125,0.0
45.641666666666666,malecns_connected,0.0,0.46854459367993334,0.0,0.0,-0.00025261974703264125,0.0
45.65,malecns_connected,0.0,0.4685424885153747,0.0,0.0,-0.00025261974703264125,0.0
45.65833333333333,malecns_connected,0.0,0.4685403833508161,0.0,0.0,-0.00025261974703264125,0.0
45.666666666666664,malecns_connected,0.0,0.4685382781862575,0.0,0.0,-0.00025261974703264125,0.0
45.675,malecns_connected,0.0,0.46853617302169887,0.0,0.0,-0.00025261974703264125,0.0
45.68333333333333,malecns_connected,0.0,0.46853406785714025,0.0,0.0,-0.00025261974703264125,0.0
45.69166666666666,malecns_connected,0.0,0.4685319626925816,0.0,0.0,-0.00025261974703264125,0.0
45.7,malecns_connected,0.0,0.468529857528023,0.0,0.0,-0.00025261974703264125,0.0
45.708333333333336,malecns_connected,0.0,0.4685277523634644,0.0,0.0,-0.00025261974703264125,0.0
45.71666666666667,malecns_connected,0.0,0.46852564719890577,0.0,0.0,-0.00025261974703264125,0.0
45.725,malecns_connected,0.0,0.46852354203434715,0.0,0.0,-0.00025261974703264125,0.0
45.733333333333334,malecns_connected,0.0,0.46852143686978853,0.0,0.0,-0.00025261974703264125,0.0
45.74166666666667,malecns_connected,0.0,0.4685193317052299,0.0,0.0,-0.00025261974703264125,0.0
45.75,malecns_connected,0.0,0.4685172265406713,0.0,0.0,-0.00025261974703264125,0.0
45.75833333333333,malecns_connected,0.0,0.4685151213761127,0.0,0.0,-0.00025261974703264125,0.0
45.766666666666666,malecns_connected,0.0,0.46851301621155406,0.0,0.0,-0.00025261974703264125,0.0
45.775,malecns_connected,0.0,0.46851091104699544,0.0,0.0,-0.00025261974703264125,0.0
45.78333333333333,malecns_connected,0.0,0.4685088058824368,0.0,0.0,-0.00025261974703264125,0.0
45.791666666666664,malecns_connected,0.0,0.4685067007178782,0.0,0.0,-0.00025261974703264125,0.0
45.8,malecns_connected,0.0,0.4685045955533196,0.0,0.0,-0.00025261974703264125,0.0
45.80833333333333,malecns_connected,0.0,0.46850249038876096,0.0,0.0,-0.00025261974703264125,0.0
45.81666666666666,malecns_connected,0.0,0.46850038522420234,0.0,0.0,-0.00025261974703264125,0.0
45.825,malecns_connected,0.0,0.4684982800596437,0.0,0.0,-0.00025261974703264125,0.0
45.833333333333336,malecns_connected,0.0,0.4684961748950851,0.0,0.0,-0.00025261974703264125,0.0
45.84166666666667,malecns_connected,0.0,0.4684940697305265,0.0,0.0,-0.00025261974703264125,0.0
45.85,malecns_connected,0.0,0.46849196456596787,0.0,0.0,-0.00025261974703264125,0.0
45.858333333333334,malecns_connected,0.0,0.46848985940140925,0.0,0.0,-0.00025261974703264125,0.0
45.86666666666667,malecns_connected,0.0,0.46848775423685063,0.0,0.0,-0.00025261974703264125,0.0
45.875,malecns_connected,0.0,0.468485649072292,0.0,0.0,-0.00025261974703264125,0.0
45.88333333333333,malecns_connected,0.0,0.4684835439077334,0.0,0.0,-0.00025261974703264125,0.0
45.891666666666666,malecns_connected,0.0,0.46848143874317477,0.0,0.0,-0.00025261974703264125,0.0
45.9,malecns_connected,0.0,0.46847933357861615,0.0,0.0,-0.00025261974703264125,0.0
45.90833333333333,malecns_connected,0.0,0.46847722841405753,0.0,0.0,-0.00025261974703264125,0.0
45.916666666666664,malecns_connected,0.0,0.4684751232494989,0.0,0.0,-0.00025261974703264125,0.0
45.925,malecns_connected,0.0,0.4684730180849403,0.0,0.0,-0.00025261974703264125,0.0
45.93333333333333,malecns_connected,0.0,0.4684709129203817,0.0,0.0,-0.00025261974703264125,0.0
45.94166666666666,malecns_connected,0.0,0.46846880775582306,0.0,0.0,-0.00025261974703264125,0.0
45.95,malecns_connected,0.0,0.46846670259126444,0.0,0.0,-0.00025261974703264125,0.0
45.958333333333336,malecns_connected,0.0,0.4684645974267058,0.0,0.0,-0.00025261974703264125,0.0
45.96666666666667,malecns_connected,0.0,0.4684624922621472,0.0,0.0,-0.00025261974703264125,0.0
45.975,malecns_connected,0.0,0.4684603870975886,0.0,0.0,-0.00025261974703264125,0.0
45.983333333333334,malecns_connected,0.0,0.46845828193302996,0.0,0.0,-0.00025261974703264125,0.0
45.99166666666667,malecns_connected,0.0,0.46845617676847134,0.0,0.0,-0.00025261974703264125,0.0
46.0,malecns_connected,0.0,0.4684540716039127,0.0,0.0,-0.00025261974703264125,0.0
46.00833333333333,malecns_connected,0.0,0.4684519664393541,0.0,0.0,-0.00025261974703264125,0.0
46.016666666666666,malecns_connected,0.0,0.4684498612747955,0.0,0.0,-0.00025261974703264125,0.0
46.025,malecns_connected,0.0,0.46844775611023687,0.0,0.0,-0.00025261974703264125,0.0
46.03333333333333,malecns_connected,0.0,0.46844565094567825,0.0,0.0,-0.00025261974703264125,0.0
46.041666666666664,malecns_connected,0.0,0.46844354578111963,0.0,0.0,-0.00025261974703264125,0.0
46.05,malecns_connected,0.0,0.468441440616561,0.0,0.0,-0.00025261974703264125,0.0
46.05833333333333,malecns_connected,0.0,0.4684393354520024,0.0,0.0,-0.00025261974703264125,0.0
46.06666666666666,malecns_connected,0.0,0.4684372302874438,0.0,0.0,-0.00025261974703264125,0.0
46.075,malecns_connected,0.0,0.46843512512288515,0.0,0.0,-0.00025261974703264125,0.0
46.083333333333336,malecns_connected,0.0,0.46843301995832654,0.0,0.0,-0.00025261974703264125,0.0
46.09166666666667,malecns_connected,0.0,0.4684309147937679,0.0,0.0,-0.00025261974703264125,0.0
46.1,malecns_connected,0.0,0.4684288096292093,0.0,0.0,-0.00025261974703264125,0.0
46.108333333333334,malecns_connected,0.0,0.4684267044646507,0.0,0.0,-0.00025261974703264125,0.0
46.11666666666667,malecns_connected,0.0,0.46842459930009206,0.0,0.0,-0.00025261974703264125,0.0
46.125,malecns_connected,0.0,0.46842249413553344,0.0,0.0,-0.00025261974703264125,0.0
46.13333333333333,malecns_connected,0.0,0.4684203889709748,0.0,0.0,-0.00025261974703264125,0.0
46.141666666666666,malecns_connected,0.0,0.4684182838064162,0.0,0.0,-0.00025261974703264125,0.0
46.15,malecns_connected,0.0,0.4684161786418576,0.0,0.0,-0.00025261974703264125,0.0
46.15833333333333,malecns_connected,0.0,0.46841407347729896,0.0,0.0,-0.00025261974703264125,0.0
46.166666666666664,malecns_connected,0.0,0.46841196831274035,0.0,0.0,-0.00025261974703264125,0.0
46.175,malecns_connected,0.0,0.4684098631481817,0.0,0.0,-0.00025261974703264125,0.0
46.18333333333333,malecns_connected,0.0,0.4684077579836231,0.0,0.0,-0.00025261974703264125,0.0
46.19166666666666,malecns_connected,0.0,0.4684056528190645,0.0,0.0,-0.00025261974703264125,0.0
46.2,malecns_connected,0.0,0.46840354765450587,0.0,0.0,-0.00025261974703264125,0.0
46.208333333333336,malecns_connected,0.0,0.46840144248994725,0.0,0.0,-0.00025261974703264125,0.0
46.21666666666667,malecns_connected,0.0,0.46839933732538863,0.0,0.0,-0.00025261974703264125,0.0
46.225,malecns_connected,0.0,0.46839723216083,0.0,0.0,-0.00025261974703264125,0.0
46.233333333333334,malecns_connected,0.0,0.4683951269962714,0.0,0.0,-0.00025261974703264125,0.0
46.24166666666667,malecns_connected,0.0,0.4683930218317128,0.0,0.0,-0.00025261974703264125,0.0
46.25,malecns_connected,0.0,0.46839091666715416,0.0,0.0,-0.00025261974703264125,0.0
46.25833333333333,malecns_connected,0.0,0.46838881150259554,0.0,0.0,-0.00025261974703264125,0.0
46.266666666666666,malecns_connected,0.0,0.4683867063380369,0.0,0.0,-0.00025261974703264125,0.0
46.275,malecns_connected,0.0,0.4683846011734783,0.0,0.0,-0.00025261974703264125,0.0
46.28333333333333,malecns_connected,0.0,0.4683824960089197,0.0,0.0,-0.00025261974703264125,0.0
46.291666666666664,malecns_connected,0.0,0.46838039084436106,0.0,0.0,-0.00025261974703264125,0.0
46.3,malecns_connected,0.0,0.46837828567980244,0.0,0.0,-0.00025261974703264125,0.0
46.30833333333333,malecns_connected,0.0,0.4683761805152438,0.0,0.0,-0.00025261974703264125,0.0
46.31666666666666,malecns_connected,0.0,0.4683740753506852,0.0,0.0,-0.00025261974703264125,0.0
46.325,malecns_connected,0.0,0.4683719701861266,0.0,0.0,-0.00025261974703264125,0.0
46.333333333333336,malecns_connected,0.0,0.46836986502156797,0.0,0.0,-0.00025261974703264125,0.0
46.34166666666667,malecns_connected,0.0,0.46836775985700935,0.0,0.0,-0.00025261974703264125,0.0
46.35,malecns_connected,0.0,0.46836565469245073,0.0,0.0,-0.00025261974703264125,0.0
46.358333333333334,malecns_connected,0.0,0.4683635495278921,0.0,0.0,-0.00025261974703264125,0.0
46.36666666666667,malecns_connected,0.0,0.4683614443633335,0.0,0.0,-0.00025261974703264125,0.0
46.375,malecns_connected,0.0,0.46835933919877487,0.0,0.0,-0.00025261974703264125,0.0
46.38333333333333,malecns_connected,0.0,0.46835723403421625,0.0,0.0,-0.00025261974703264125,0.0
46.391666666666666,malecns_connected,0.0,0.46835512886965763,0.0,0.0,-0.00025261974703264125,0.0
46.4,malecns_connected,0.0,0.468353023705099,0.0,0.0,-0.00025261974703264125,0.0
46.40833333333333,malecns_connected,0.0,0.4683509185405404,0.0,0.0,-0.00025261974703264125,0.0
46.416666666666664,malecns_connected,0.0,0.4683488133759818,0.0,0.0,-0.00025261974703264125,0.0
46.425,malecns_connected,0.0,0.46834670821142316,0.0,0.0,-0.00025261974703264125,0.0
46.43333333333333,malecns_connected,0.0,0.46834460304686454,0.0,0.0,-0.00025261974703264125,0.0
46.44166666666666,malecns_connected,0.0,0.4683424978823059,0.0,0.0,-0.00025261974703264125,0.0
46.45,malecns_connected,0.0,0.4683403927177473,0.0,0.0,-0.00025261974703264125,0.0
46.458333333333336,malecns_connected,0.0,0.4683382875531887,0.0,0.0,-0.00025261974703264125,0.0
46.46666666666667,malecns_connected,0.0,0.46833618238863006,0.0,0.0,-0.00025261974703264125,0.0
46.475,malecns_connected,0.0,0.46833407722407144,0.0,0.0,-0.00025261974703264125,0.0
46.483333333333334,malecns_connected,0.0,0.4683319720595128,0.0,0.0,-0.00025261974703264125,0.0
46.49166666666667,malecns_connected,0.0,0.4683298668949542,0.0,0.0,-0.00025261974703264125,0.0
46.5,malecns_connected,0.0,0.4683277617303956,0.0,0.0,-0.00025261974703264125,0.0
46.50833333333333,malecns_connected,0.0,0.46832565656583697,0.0,0.0,-0.00025261974703264125,0.0
46.516666666666666,malecns_connected,0.0,0.46832355140127835,0.0,0.0,-0.00025261974703264125,0.0
46.525,malecns_connected,0.0,0.46832144623671973,0.0,0.0,-0.00025261974703264125,0.0
46.53333333333333,malecns_connected,0.0,0.4683193410721611,0.0,0.0,-0.00025261974703264125,0.0
46.541666666666664,malecns_connected,0.0,0.4683172359076025,0.0,0.0,-0.00025261974703264125,0.0
46.55,malecns_connected,0.0,0.4683151307430439,0.0,0.0,-0.00025261974703264125,0.0
46.55833333333333,malecns_connected,0.0,0.46831302557848525,0.0,0.0,-0.00025261974703264125,0.0
46.56666666666666,malecns_connected,0.0,0.46831092041392663,0.0,0.0,-0.00025261974703264125,0.0
46.575,malecns_connected,0.0,0.468308815249368,0.0,0.0,-0.00025261974703264125,0.0
46.583333333333336,malecns_connected,0.0,0.4683067100848094,0.0,0.0,-0.00025261974703264125,0.0
46.59166666666667,malecns_connected,0.0,0.4683046049202508,0.0,0.0,-0.00025261974703264125,0.0
46.6,malecns_connected,0.0,0.46830249975569216,0.0,0.0,-0.00025261974703264125,0.0
46.608333333333334,malecns_connected,0.0,0.46830039459113354,0.0,0.0,-0.00025261974703264125,0.0
46.61666666666667,malecns_connected,0.0,0.4682982894265749,0.0,0.0,-0.00025261974703264125,0.0
46.625,malecns_connected,0.0,0.4682961842620163,0.0,0.0,-0.00025261974703264125,0.0
46.63333333333333,malecns_connected,0.0,0.4682940790974577,0.0,0.0,-0.00025261974703264125,0.0
46.641666666666666,malecns_connected,0.0,0.46829197393289906,0.0,0.0,-0.00025261974703264125,0.0
46.65,malecns_connected,0.0,0.46828986876834044,0.0,0.0,-0.00025261974703264125,0.0
46.65833333333333,malecns_connected,0.0,0.4682877636037818,0.0,0.0,-0.00025261974703264125,0.0
46.666666666666664,malecns_connected,0.0,0.4682856584392232,0.0,0.0,-0.00025261974703264125,0.0
46.675,malecns_connected,0.0,0.4682835532746646,0.0,0.0,-0.00025261974703264125,0.0
46.68333333333333,malecns_connected,0.0,0.46828144811010597,0.0,0.0,-0.00025261974703264125,0.0
46.69166666666666,malecns_connected,0.0,0.46827934294554735,0.0,0.0,-0.00025261974703264125,0.0
46.7,malecns_connected,0.0,0.46827723778098873,0.0,0.0,-0.00025261974703264125,0.0
46.708333333333336,malecns_connected,0.0,0.4682751326164301,0.0,0.0,-0.00025261974703264125,0.0
46.71666666666667,malecns_connected,0.0,0.4682730274518715,0.0,0.0,-0.00025261974703264125,0.0
46.725,malecns_connected,0.0,0.4682709222873129,0.0,0.0,-0.00025261974703264125,0.0
46.733333333333334,malecns_connected,0.0,0.46826881712275426,0.0,0.0,-0.00025261974703264125,0.0
46.74166666666667,malecns_connected,0.0,0.46826671195819564,0.0,0.0,-0.00025261974703264125,0.0
46.75,malecns_connected,0.0,0.468264606793637,0.0,0.0,-0.00025261974703264125,0.0
46.75833333333333,malecns_connected,0.0,0.4682625016290784,0.0,0.0,-0.00025261974703264125,0.0
46.766666666666666,malecns_connected,0.0,0.4682603964645198,0.0,0.0,-0.00025261974703264125,0.0
46.775,malecns_connected,0.0,0.46825829129996116,0.0,0.0,-0.00025261974703264125,0.0
46.78333333333333,malecns_connected,0.0,0.46825618613540254,0.0,0.0,-0.00025261974703264125,0.0
46.791666666666664,malecns_connected,0.0,0.4682540809708439,0.0,0.0,-0.00025261974703264125,0.0
46.8,malecns_connected,0.0,0.4682519758062853,0.0,0.0,-0.00025261974703264125,0.0
46.80833333333333,malecns_connected,0.0,0.4682498706417267,0.0,0.0,-0.00025261974703264125,0.0
46.81666666666666,malecns_connected,0.0,0.46824776547716807,0.0,0.0,-0.00025261974703264125,0.0
46.825,malecns_connected,0.0,0.46824566031260945,0.0,0.0,-0.00025261974703264125,0.0
46.833333333333336,malecns_connected,0.0,0.4682435551480508,0.0,0.0,-0.00025261974703264125,0.0
46.84166666666667,malecns_connected,0.0,0.4682414499834922,0.0,0.0,-0.00025261974703264125,0.0
46.85,malecns_connected,0.0,0.4682393448189336,0.0,0.0,-0.00025261974703264125,0.0
46.858333333333334,malecns_connected,0.0,0.46823723965437497,0.0,0.0,-0.00025261974703264125,0.0
46.86666666666667,malecns_connected,0.0,0.46823513448981635,0.0,0.0,-0.00025261974703264125,0.0
46.875,malecns_connected,0.0,0.46823302932525773,0.0,0.0,-0.00025261974703264125,0.0
46.88333333333333,malecns_connected,0.0,0.4682309241606991,0.0,0.0,-0.00025261974703264125,0.0
46.891666666666666,malecns_connected,0.0,0.4682288189961405,0.0,0.0,-0.00025261974703264125,0.0
46.9,malecns_connected,0.0,0.4682267138315819,0.0,0.0,-0.00025261974703264125,0.0
46.90833333333333,malecns_connected,0.0,0.46822460866702326,0.0,0.0,-0.00025261974703264125,0.0
46.916666666666664,malecns_connected,0.0,0.46822250350246464,0.0,0.0,-0.00025261974703264125,0.0
46.925,malecns_connected,0.0,0.468220398337906,0.0,0.0,-0.00025261974703264125,0.0
46.93333333333333,malecns_connected,0.0,0.4682182931733474,0.0,0.0,-0.00025261974703264125,0.0
46.94166666666666,malecns_connected,0.0,0.4682161880087888,0.0,0.0,-0.00025261974703264125,0.0
46.95,malecns_connected,0.0,0.46821408284423016,0.0,0.0,-0.00025261974703264125,0.0
46.958333333333336,malecns_connected,0.0,0.46821197767967154,0.0,0.0,-0.00025261974703264125,0.0
46.96666666666667,malecns_connected,0.0,0.4682098725151129,0.0,0.0,-0.00025261974703264125,0.0
46.975,malecns_connected,0.0,0.4682077673505543,0.0,0.0,-0.00025261974703264125,0.0
46.983333333333334,malecns_connected,0.0,0.4682056621859957,0.0,0.0,-0.00025261974703264125,0.0
46.99166666666667,malecns_connected,0.0,0.46820355702143707,0.0,0.0,-0.00025261974703264125,0.0
47.0,malecns_connected,0.0,0.46820145185687845,0.0,0.0,-0.00025261974703264125,0.0
47.00833333333333,malecns_connected,0.0,0.46819934669231983,0.0,0.0,-0.00025261974703264125,0.0
47.016666666666666,malecns_connected,0.0,0.4681972415277612,0.0,0.0,-0.00025261974703264125,0.0
47.025,malecns_connected,0.0,0.4681951363632026,0.0,0.0,-0.00025261974703264125,0.0
47.03333333333333,malecns_connected,0.0,0.46819303119864397,0.0,0.0,-0.00025261974703264125,0.0
47.041666666666664,malecns_connected,0.0,0.46819092603408535,0.0,0.0,-0.00025261974703264125,0.0
47.05,malecns_connected,0.0,0.46818882086952673,0.0,0.0,-0.00025261974703264125,0.0
47.05833333333333,malecns_connected,0.0,0.4681867157049681,0.0,0.0,-0.00025261974703264125,0.0
47.06666666666666,malecns_connected,0.0,0.4681846105404095,0.0,0.0,-0.00025261974703264125,0.0
47.075,malecns_connected,0.0,0.4681825053758509,0.0,0.0,-0.00025261974703264125,0.0
47.083333333333336,malecns_connected,0.0,0.46818040021129226,0.0,0.0,-0.00025261974703264125,0.0
47.09166666666667,malecns_connected,0.0,0.46817829504673364,0.0,0.0,-0.00025261974703264125,0.0
47.1,malecns_connected,0.0,0.468176189882175,0.0,0.0,-0.00025261974703264125,0.0
47.108333333333334,malecns_connected,0.0,0.4681740847176164,0.0,0.0,-0.00025261974703264125,0.0
47.11666666666667,malecns_connected,0.0,0.4681719795530578,0.0,0.0,-0.00025261974703264125,0.0
47.125,malecns_connected,0.0,0.46816987438849916,0.0,0.0,-0.00025261974703264125,0.0
47.13333333333333,malecns_connected,0.0,0.46816776922394054,0.0,0.0,-0.00025261974703264125,0.0
47.141666666666666,malecns_connected,0.0,0.4681656640593819,0.0,0.0,-0.00025261974703264125,0.0
47.15,malecns_connected,0.0,0.4681635588948233,0.0,0.0,-0.00025261974703264125,0.0
47.15833333333333,malecns_connected,0.0,0.4681614537302647,0.0,0.0,-0.00025261974703264125,0.0
47.166666666666664,malecns_connected,0.0,0.46815934856570607,0.0,0.0,-0.00025261974703264125,0.0
47.175,malecns_connected,0.0,0.46815724340114745,0.0,0.0,-0.00025261974703264125,0.0
47.18333333333333,malecns_connected,0.0,0.46815513823658883,0.0,0.0,-0.00025261974703264125,0.0
47.19166666666666,malecns_connected,0.0,0.4681530330720302,0.0,0.0,-0.00025261974703264125,0.0
47.2,malecns_connected,0.0,0.4681509279074716,0.0,0.0,-0.00025261974703264125,0.0
47.208333333333336,malecns_connected,0.0,0.468148822742913,0.0,0.0,-0.00025261974703264125,0.0
47.21666666666667,malecns_connected,0.0,0.46814671757835435,0.0,0.0,-0.00025261974703264125,0.0
47.225,malecns_connected,0.0,0.46814461241379574,0.0,0.0,-0.00025261974703264125,0.0
47.233333333333334,malecns_connected,0.0,0.4681425072492371,0.0,0.0,-0.00025261974703264125,0.0
47.24166666666667,malecns_connected,0.0,0.4681404020846785,0.0,0.0,-0.00025261974703264125,0.0
47.25,malecns_connected,0.0,0.4681382969201199,0.0,0.0,-0.00025261974703264125,0.0
47.25833333333333,malecns_connected,0.0,0.46813619175556126,0.0,0.0,-0.00025261974703264125,0.0
47.266666666666666,malecns_connected,0.0,0.46813408659100264,0.0,0.0,-0.00025261974703264125,0.0
47.275,malecns_connected,0.0,0.468131981426444,0.0,0.0,-0.00025261974703264125,0.0
47.28333333333333,malecns_connected,0.0,0.4681298762618854,0.0,0.0,-0.00025261974703264125,0.0
47.291666666666664,malecns_connected,0.0,0.4681277710973268,0.0,0.0,-0.00025261974703264125,0.0
47.3,malecns_connected,0.0,0.46812566593276816,0.0,0.0,-0.00025261974703264125,0.0
47.30833333333333,malecns_connected,0.0,0.46812356076820955,0.0,0.0,-0.00025261974703264125,0.0
47.31666666666666,malecns_connected,0.0,0.4681214556036509,0.0,0.0,-0.00025261974703264125,0.0
47.325,malecns_connected,0.0,0.4681193504390923,0.0,0.0,-0.00025261974703264125,0.0
47.333333333333336,malecns_connected,0.0,0.4681172452745337,0.0,0.0,-0.00025261974703264125,0.0
47.34166666666667,malecns_connected,0.0,0.46811514010997507,0.0,0.0,-0.00025261974703264125,0.0
47.35,malecns_connected,0.0,0.46811303494541645,0.0,0.0,-0.00025261974703264125,0.0
47.358333333333334,malecns_connected,0.0,0.46811092978085783,0.0,0.0,-0.00025261974703264125,0.0
47.36666666666667,malecns_connected,0.0,0.4681088246162992,0.0,0.0,-0.00025261974703264125,0.0
47.375,malecns_connected,0.0,0.4681067194517406,0.0,0.0,-0.00025261974703264125,0.0
47.38333333333333,malecns_connected,0.0,0.468104614287182,0.0,0.0,-0.00025261974703264125,0.0
47.391666666666666,malecns_connected,0.0,0.46810250912262336,0.0,0.0,-0.00025261974703264125,0.0
47.4,malecns_connected,0.0,0.46810040395806474,0.0,0.0,-0.00025261974703264125,0.0
47.40833333333333,malecns_connected,0.0,0.4680982987935061,0.0,0.0,-0.00025261974703264125,0.0
47.416666666666664,malecns_connected,0.0,0.4680961936289475,0.0,0.0,-0.00025261974703264125,0.0
47.425,malecns_connected,0.0,0.4680940884643889,0.0,0.0,-0.00025261974703264125,0.0
47.43333333333333,malecns_connected,0.0,0.46809198329983026,0.0,0.0,-0.00025261974703264125,0.0
47.44166666666666,malecns_connected,0.0,0.46808987813527164,0.0,0.0,-0.00025261974703264125,0.0
47.45,malecns_connected,0.0,0.468087772970713,0.0,0.0,-0.00025261974703264125,0.0
47.458333333333336,malecns_connected,0.0,0.4680856678061544,0.0,0.0,-0.00025261974703264125,0.0
47.46666666666667,malecns_connected,0.0,0.4680835626415958,0.0,0.0,-0.00025261974703264125,0.0
47.475,malecns_connected,0.0,0.46808145747703717,0.0,0.0,-0.00025261974703264125,0.0
47.483333333333334,malecns_connected,0.0,0.46807935231247855,0.0,0.0,-0.00025261974703264125,0.0
47.49166666666667,malecns_connected,0.0,0.46807724714791993,0.0,0.0,-0.00025261974703264125,0.0
47.5,malecns_connected,0.0,0.4680751419833613,0.0,0.0,-0.00025261974703264125,0.0
47.50833333333333,malecns_connected,0.0,0.4680730368188027,0.0,0.0,-0.00025261974703264125,0.0
47.516666666666666,malecns_connected,0.0,0.46807093165424407,0.0,0.0,-0.00025261974703264125,0.0
47.525,malecns_connected,0.0,0.46806882648968545,0.0,0.0,-0.00025261974703264125,0.0
47.53333333333333,malecns_connected,0.0,0.46806672132512683,0.0,0.0,-0.00025261974703264125,0.0
47.541666666666664,malecns_connected,0.0,0.4680646161605682,0.0,0.0,-0.00025261974703264125,0.0
47.55,malecns_connected,0.0,0.4680625109960096,0.0,0.0,-0.00025261974703264125,0.0
47.55833333333333,malecns_connected,0.0,0.468060405831451,0.0,0.0,-0.00025261974703264125,0.0
47.56666666666666,malecns_connected,0.0,0.46805830066689236,0.0,0.0,-0.00025261974703264125,0.0
47.575,malecns_connected,0.0,0.46805619550233374,0.0,0.0,-0.00025261974703264125,0.0
47.583333333333336,malecns_connected,0.0,0.4680540903377751,0.0,0.0,-0.00025261974703264125,0.0
47.59166666666667,malecns_connected,0.0,0.4680519851732165,0.0,0.0,-0.00025261974703264125,0.0
47.6,malecns_connected,0.0,0.4680498800086579,0.0,0.0,-0.00025261974703264125,0.0
47.608333333333334,malecns_connected,0.0,0.46804777484409926,0.0,0.0,-0.00025261974703264125,0.0
47.61666666666667,malecns_connected,0.0,0.46804566967954064,0.0,0.0,-0.00025261974703264125,0.0
47.625,malecns_connected,0.0,0.468043564514982,0.0,0.0,-0.00025261974703264125,0.0
47.63333333333333,malecns_connected,0.0,0.4680414593504234,0.0,0.0,-0.00025261974703264125,0.0
47.641666666666666,malecns_connected,0.0,0.4680393541858648,0.0,0.0,-0.00025261974703264125,0.0
47.65,malecns_connected,0.0,0.46803724902130617,0.0,0.0,-0.00025261974703264125,0.0
47.65833333333333,malecns_connected,0.0,0.46803514385674755,0.0,0.0,-0.00025261974703264125,0.0
47.666666666666664,malecns_connected,0.0,0.46803303869218893,0.0,0.0,-0.00025261974703264125,0.0
47.675,malecns_connected,0.0,0.4680309335276303,0.0,0.0,-0.00025261974703264125,0.0
47.68333333333333,malecns_connected,0.0,0.4680288283630717,0.0,0.0,-0.00025261974703264125,0.0
47.69166666666666,malecns_connected,0.0,0.4680267231985131,0.0,0.0,-0.00025261974703264125,0.0
47.7,malecns_connected,0.0,0.46802461803395445,0.0,0.0,-0.00025261974703264125,0.0
47.708333333333336,malecns_connected,0.0,0.46802251286939583,0.0,0.0,-0.00025261974703264125,0.0
47.71666666666667,malecns_connected,0.0,0.4680204077048372,0.0,0.0,-0.00025261974703264125,0.0
47.725,malecns_connected,0.0,0.4680183025402786,0.0,0.0,-0.00025261974703264125,0.0
47.733333333333334,malecns_connected,0.0,0.46801619737572,0.0,0.0,-0.00025261974703264125,0.0
47.74166666666667,malecns_connected,0.0,0.46801409221116136,0.0,0.0,-0.00025261974703264125,0.0
47.75,malecns_connected,0.0,0.46801198704660274,0.0,0.0,-0.00025261974703264125,0.0
47.75833333333333,malecns_connected,0.0,0.4680098818820441,0.0,0.0,-0.00025261974703264125,0.0
47.766666666666666,malecns_connected,0.0,0.4680077767174855,0.0,0.0,-0.00025261974703264125,0.0
47.775,malecns_connected,0.0,0.4680056715529269,0.0,0.0,-0.00025261974703264125,0.0
47.78333333333333,malecns_connected,0.0,0.46800356638836826,0.0,0.0,-0.00025261974703264125,0.0
47.791666666666664,malecns_connected,0.0,0.46800146122380964,0.0,0.0,-0.00025261974703264125,0.0
47.8,malecns_connected,0.0,0.467999356059251,0.0,0.0,-0.00025261974703264125,0.0
47.80833333333333,malecns_connected,0.0,0.4679972508946924,0.0,0.0,-0.00025261974703264125,0.0
47.81666666666666,malecns_connected,0.0,0.4679951457301338,0.0,0.0,-0.00025261974703264125,0.0
47.825,malecns_connected,0.0,0.46799304056557517,0.0,0.0,-0.00025261974703264125,0.0
47.833333333333336,malecns_connected,0.0,0.46799093540101655,0.0,0.0,-0.00025261974703264125,0.0
47.84166666666667,malecns_connected,0.0,0.46798883023645793,0.0,0.0,-0.00025261974703264125,0.0
47.85,malecns_connected,0.0,0.4679867250718993,0.0,0.0,-0.00025261974703264125,0.0
47.858333333333334,malecns_connected,0.0,0.4679846199073407,0.0,0.0,-0.00025261974703264125,0.0
47.86666666666667,malecns_connected,0.0,0.4679825147427821,0.0,0.0,-0.00025261974703264125,0.0
47.875,malecns_connected,0.0,0.46798040957822346,0.0,0.0,-0.00025261974703264125,0.0
47.88333333333333,malecns_connected,0.0,0.46797830441366484,0.0,0.0,-0.00025261974703264125,0.0
47.891666666666666,malecns_connected,0.0,0.4679761992491062,0.0,0.0,-0.00025261974703264125,0.0
47.9,malecns_connected,0.0,0.4679740940845476,0.0,0.0,-0.00025261974703264125,0.0
47.90833333333333,malecns_connected,0.0,0.467971988919989,0.0,0.0,-0.00025261974703264125,0.0
47.916666666666664,malecns_connected,0.0,0.46796988375543036,0.0,0.0,-0.00025261974703264125,0.0
47.925,malecns_connected,0.0,0.46796777859087174,0.0,0.0,-0.00025261974703264125,0.0
47.93333333333333,malecns_connected,0.0,0.4679656734263131,0.0,0.0,-0.00025261974703264125,0.0
47.94166666666666,malecns_connected,0.0,0.4679635682617545,0.0,0.0,-0.00025261974703264125,0.0
47.95,malecns_connected,0.0,0.4679614630971959,0.0,0.0,-0.00025261974703264125,0.0
47.958333333333336,malecns_connected,0.0,0.46795935793263727,0.0,0.0,-0.00025261974703264125,0.0
47.96666666666667,malecns_connected,0.0,0.46795725276807865,0.0,0.0,-0.00025261974703264125,0.0
47.975,malecns_connected,0.0,0.46795514760352,0.0,0.0,-0.00025261974703264125,0.0
47.983333333333334,malecns_connected,0.0,0.4679530424389614,0.0,0.0,-0.00025261974703264125,0.0
47.99166666666667,malecns_connected,0.0,0.4679509372744028,0.0,0.0,-0.00025261974703264125,0.0
48.0,malecns_connected,0.0,0.46794883210984417,0.0,0.0,-0.00025261974703264125,0.0
48.00833333333333,malecns_connected,0.0,0.46794672694528555,0.0,0.0,-0.00025261974703264125,0.0
48.016666666666666,malecns_connected,0.0,0.46794462178072693,0.0,0.0,-0.00025261974703264125,0.0
48.025,malecns_connected,0.0,0.4679425166161683,0.0,0.0,-0.00025261974703264125,0.0
48.03333333333333,malecns_connected,0.0,0.4679404114516097,0.0,0.0,-0.00025261974703264125,0.0
48.041666666666664,malecns_connected,0.0,0.4679383062870511,0.0,0.0,-0.00025261974703264125,0.0
48.05,malecns_connected,0.0,0.46793620112249246,0.0,0.0,-0.00025261974703264125,0.0
48.05833333333333,malecns_connected,0.0,0.46793409595793384,0.0,0.0,-0.00025261974703264125,0.0
48.06666666666666,malecns_connected,0.0,0.4679319907933752,0.0,0.0,-0.00025261974703264125,0.0
48.075,malecns_connected,0.0,0.4679298856288166,0.0,0.0,-0.00025261974703264125,0.0
48.083333333333336,malecns_connected,0.0,0.467927780464258,0.0,0.0,-0.00025261974703264125,0.0
48.09166666666667,malecns_connected,0.0,0.46792567529969936,0.0,0.0,-0.00025261974703264125,0.0
48.1,malecns_connected,0.0,0.46792357013514074,0.0,0.0,-0.00025261974703264125,0.0
48.108333333333334,malecns_connected,0.0,0.4679214649705821,0.0,0.0,-0.00025261974703264125,0.0
48.11666666666667,malecns_connected,0.0,0.4679193598060235,0.0,0.0,-0.00025261974703264125,0.0
48.125,malecns_connected,0.0,0.4679172546414649,0.0,0.0,-0.00025261974703264125,0.0
48.13333333333333,malecns_connected,0.0,0.46791514947690627,0.0,0.0,-0.00025261974703264125,0.0
48.141666666666666,malecns_connected,0.0,0.46791304431234765,0.0,0.0,-0.00025261974703264125,0.0
48.15,malecns_connected,0.0,0.46791093914778903,0.0,0.0,-0.00025261974703264125,0.0
48.15833333333333,malecns_connected,0.0,0.4679088339832304,0.0,0.0,-0.00025261974703264125,0.0
48.166666666666664,malecns_connected,0.0,0.4679067288186718,0.0,0.0,-0.00025261974703264125,0.0
48.175,malecns_connected,0.0,0.46790462365411317,0.0,0.0,-0.00025261974703264125,0.0
48.18333333333333,malecns_connected,0.0,0.46790251848955455,0.0,0.0,-0.00025261974703264125,0.0
48.19166666666666,malecns_connected,0.0,0.46790041332499593,0.0,0.0,-0.00025261974703264125,0.0
48.2,malecns_connected,0.0,0.4678983081604373,0.0,0.0,-0.00025261974703264125,0.0
48.208333333333336,malecns_connected,0.0,0.4678962029958787,0.0,0.0,-0.00025261974703264125,0.0
48.21666666666667,malecns_connected,0.0,0.4678940978313201,0.0,0.0,-0.00025261974703264125,0.0
48.225,malecns_connected,0.0,0.46789199266676146,0.0,0.0,-0.00025261974703264125,0.0
48.233333333333334,malecns_connected,0.0,0.46788988750220284,0.0,0.0,-0.00025261974703264125,0.0
48.24166666666667,malecns_connected,0.0,0.4678877823376442,0.0,0.0,-0.00025261974703264125,0.0
48.25,malecns_connected,0.0,0.4678856771730856,0.0,0.0,-0.00025261974703264125,0.0
48.25833333333333,malecns_connected,0.0,0.467883572008527,0.0,0.0,-0.00025261974703264125,0.0
48.266666666666666,malecns_connected,0.0,0.46788146684396836,0.0,0.0,-0.00025261974703264125,0.0
48.275,malecns_connected,0.0,0.46787936167940974,0.0,0.0,-0.00025261974703264125,0.0
48.28333333333333,malecns_connected,0.0,0.4678772565148511,0.0,0.0,-0.00025261974703264125,0.0
48.291666666666664,malecns_connected,0.0,0.4678751513502925,0.0,0.0,-0.00025261974703264125,0.0
48.3,malecns_connected,0.0,0.4678730461857339,0.0,0.0,-0.00025261974703264125,0.0
48.30833333333333,malecns_connected,0.0,0.46787094102117527,0.0,0.0,-0.00025261974703264125,0.0
48.31666666666666,malecns_connected,0.0,0.46786883585661665,0.0,0.0,-0.00025261974703264125,0.0
48.325,malecns_connected,0.0,0.46786673069205803,0.0,0.0,-0.00025261974703264125,0.0
48.333333333333336,malecns_connected,0.0,0.4678646255274994,0.0,0.0,-0.00025261974703264125,0.0
48.34166666666667,malecns_connected,0.0,0.4678625203629408,0.0,0.0,-0.00025261974703264125,0.0
48.35,malecns_connected,0.0,0.4678604151983822,0.0,0.0,-0.00025261974703264125,0.0
48.358333333333334,malecns_connected,0.0,0.46785831003382355,0.0,0.0,-0.00025261974703264125,0.0
48.36666666666667,malecns_connected,0.0,0.46785620486926494,0.0,0.0,-0.00025261974703264125,0.0
48.375,malecns_connected,0.0,0.4678540997047063,0.0,0.0,-0.00025261974703264125,0.0
48.38333333333333,malecns_connected,0.0,0.4678519945401477,0.0,0.0,-0.00025261974703264125,0.0
48.391666666666666,malecns_connected,0.0,0.4678498893755891,0.0,0.0,-0.00025261974703264125,0.0
48.4,malecns_connected,0.0,0.46784778421103046,0.0,0.0,-0.00025261974703264125,0.0
48.40833333333333,malecns_connected,0.0,0.46784567904647184,0.0,0.0,-0.00025261974703264125,0.0
48.416666666666664,malecns_connected,0.0,0.4678435738819132,0.0,0.0,-0.00025261974703264125,0.0
48.425,malecns_connected,0.0,0.4678414687173546,0.0,0.0,-0.00025261974703264125,0.0
48.43333333333333,malecns_connected,0.0,0.467839363552796,0.0,0.0,-0.00025261974703264125,0.0
48.44166666666666,malecns_connected,0.0,0.46783725838823736,0.0,0.0,-0.00025261974703264125,0.0
48.45,malecns_connected,0.0,0.46783515322367875,0.0,0.0,-0.00025261974703264125,0.0
48.458333333333336,malecns_connected,0.0,0.4678330480591201,0.0,0.0,-0.00025261974703264125,0.0
48.46666666666667,malecns_connected,0.0,0.4678309428945615,0.0,0.0,-0.00025261974703264125,0.0
48.475,malecns_connected,0.0,0.4678288377300029,0.0,0.0,-0.00025261974703264125,0.0
48.483333333333334,malecns_connected,0.0,0.46782673256544427,0.0,0.0,-0.00025261974703264125,0.0
48.49166666666667,malecns_connected,0.0,0.46782462740088565,0.0,0.0,-0.00025261974703264125,0.0
48.5,malecns_connected,0.0,0.46782252223632703,0.0,0.0,-0.00025261974703264125,0.0
48.50833333333333,malecns_connected,0.0,0.4678204170717684,0.0,0.0,-0.00025261974703264125,0.0
48.516666666666666,malecns_connected,0.0,0.4678183119072098,0.0,0.0,-0.00025261974703264125,0.0
48.525,malecns_connected,0.0,0.4678162067426512,0.0,0.0,-0.00025261974703264125,0.0
48.53333333333333,malecns_connected,0.0,0.46781410157809256,0.0,0.0,-0.00025261974703264125,0.0
48.541666666666664,malecns_connected,0.0,0.46781199641353394,0.0,0.0,-0.00025261974703264125,0.0
48.55,malecns_connected,0.0,0.4678098912489753,0.0,0.0,-0.00025261974703264125,0.0
48.55833333333333,malecns_connected,0.0,0.4678077860844167,0.0,0.0,-0.00025261974703264125,0.0
48.56666666666666,malecns_connected,0.0,0.4678056809198581,0.0,0.0,-0.00025261974703264125,0.0
48.575,malecns_connected,0.0,0.46780357575529946,0.0,0.0,-0.00025261974703264125,0.0
48.583333333333336,malecns_connected,0.0,0.46780147059074084,0.0,0.0,-0.00025261974703264125,0.0
48.59166666666667,malecns_connected,0.0,0.4677993654261822,0.0,0.0,-0.00025261974703264125,0.0
48.6,malecns_connected,0.0,0.4677972602616236,0.0,0.0,-0.00025261974703264125,0.0
48.608333333333334,malecns_connected,0.0,0.467795155097065,0.0,0.0,-0.00025261974703264125,0.0
48.61666666666667,malecns_connected,0.0,0.46779304993250637,0.0,0.0,-0.00025261974703264125,0.0
48.625,malecns_connected,0.0,0.46779094476794775,0.0,0.0,-0.00025261974703264125,0.0
48.63333333333333,malecns_connected,0.0,0.46778883960338913,0.0,0.0,-0.00025261974703264125,0.0
48.641666666666666,malecns_connected,0.0,0.4677867344388305,0.0,0.0,-0.00025261974703264125,0.0
48.65,malecns_connected,0.0,0.4677846292742719,0.0,0.0,-0.00025261974703264125,0.0
48.65833333333333,malecns_connected,0.0,0.46778252410971327,0.0,0.0,-0.00025261974703264125,0.0
48.666666666666664,malecns_connected,0.0,0.46778041894515465,0.0,0.0,-0.00025261974703264125,0.0
48.675,malecns_connected,0.0,0.46777831378059603,0.0,0.0,-0.00025261974703264125,0.0
48.68333333333333,malecns_connected,0.0,0.4677762086160374,0.0,0.0,-0.00025261974703264125,0.0
48.69166666666666,malecns_connected,0.0,0.4677741034514788,0.0,0.0,-0.00025261974703264125,0.0
48.7,malecns_connected,0.0,0.4677719982869202,0.0,0.0,-0.00025261974703264125,0.0
48.708333333333336,malecns_connected,0.0,0.46776989312236156,0.0,0.0,-0.00025261974703264125,0.0
48.71666666666667,malecns_connected,0.0,0.46776778795780294,0.0,0.0,-0.00025261974703264125,0.0
48.725,malecns_connected,0.0,0.4677656827932443,0.0,0.0,-0.00025261974703264125,0.0
48.733333333333334,malecns_connected,0.0,0.4677635776286857,0.0,0.0,-0.00025261974703264125,0.0
48.74166666666667,malecns_connected,0.0,0.4677614724641271,0.0,0.0,-0.00025261974703264125,0.0
48.75,malecns_connected,0.0,0.46775936729956846,0.0,0.0,-0.00025261974703264125,0.0
48.75833333333333,malecns_connected,0.0,0.46775726213500984,0.0,0.0,-0.00025261974703264125,0.0
48.766666666666666,malecns_connected,0.0,0.4677551569704512,0.0,0.0,-0.00025261974703264125,0.0
48.775,malecns_connected,0.0,0.4677530518058926,0.0,0.0,-0.00025261974703264125,0.0
48.78333333333333,malecns_connected,0.0,0.467750946641334,0.0,0.0,-0.00025261974703264125,0.0
48.791666666666664,malecns_connected,0.0,0.46774884147677537,0.0,0.0,-0.00025261974703264125,0.0
48.8,malecns_connected,0.0,0.46774673631221675,0.0,0.0,-0.00025261974703264125,0.0
48.80833333333333,malecns_connected,0.0,0.46774463114765813,0.0,0.0,-0.00025261974703264125,0.0
48.81666666666666,malecns_connected,0.0,0.4677425259830995,0.0,0.0,-0.00025261974703264125,0.0
48.825,malecns_connected,0.0,0.4677404208185409,0.0,0.0,-0.00025261974703264125,0.0
48.833333333333336,malecns_connected,0.0,0.4677383156539823,0.0,0.0,-0.00025261974703264125,0.0
48.84166666666667,malecns_connected,0.0,0.46773621048942365,0.0,0.0,-0.00025261974703264125,0.0
48.85,malecns_connected,0.0,0.46773410532486503,0.0,0.0,-0.00025261974703264125,0.0
48.858333333333334,malecns_connected,0.0,0.4677320001603064,0.0,0.0,-0.00025261974703264125,0.0
48.86666666666667,malecns_connected,0.0,0.4677298949957478,0.0,0.0,-0.00025261974703264125,0.0
48.875,malecns_connected,0.0,0.4677277898311892,0.0,0.0,-0.00025261974703264125,0.0
48.88333333333333,malecns_connected,0.0,0.46772568466663056,0.0,0.0,-0.00025261974703264125,0.0
48.891666666666666,malecns_connected,0.0,0.46772357950207194,0.0,0.0,-0.00025261974703264125,0.0
48.9,malecns_connected,0.0,0.4677214743375133,0.0,0.0,-0.00025261974703264125,0.0
48.90833333333333,malecns_connected,0.0,0.4677193691729547,0.0,0.0,-0.00025261974703264125,0.0
48.916666666666664,malecns_connected,0.0,0.4677172640083961,0.0,0.0,-0.00025261974703264125,0.0
48.925,malecns_connected,0.0,0.46771515884383746,0.0,0.0,-0.00025261974703264125,0.0
48.93333333333333,malecns_connected,0.0,0.46771305367927885,0.0,0.0,-0.00025261974703264125,0.0
48.94166666666666,malecns_connected,0.0,0.4677109485147202,0.0,0.0,-0.00025261974703264125,0.0
48.95,malecns_connected,0.0,0.4677088433501616,0.0,0.0,-0.00025261974703264125,0.0
48.958333333333336,malecns_connected,0.0,0.467706738185603,0.0,0.0,-0.00025261974703264125,0.0
48.96666666666667,malecns_connected,0.0,0.46770463302104437,0.0,0.0,-0.00025261974703264125,0.0
48.975,malecns_connected,0.0,0.46770252785648575,0.0,0.0,-0.00025261974703264125,0.0
48.983333333333334,malecns_connected,0.0,0.46770042269192713,0.0,0.0,-0.00025261974703264125,0.0
48.99166666666667,malecns_connected,0.0,0.4676983175273685,0.0,0.0,-0.00025261974703264125,0.0
49.0,malecns_connected,0.0,0.4676962123628099,0.0,0.0,-0.00025261974703264125,0.0
49.00833333333333,malecns_connected,0.0,0.4676941071982513,0.0,0.0,-0.00025261974703264125,0.0
49.016666666666666,malecns_connected,0.0,0.46769200203369266,0.0,0.0,-0.00025261974703264125,0.0
49.025,malecns_connected,0.0,0.46768989686913404,0.0,0.0,-0.00025261974703264125,0.0
49.03333333333333,malecns_connected,0.0,0.4676877917045754,0.0,0.0,-0.00025261974703264125,0.0
49.041666666666664,malecns_connected,0.0,0.4676856865400168,0.0,0.0,-0.00025261974703264125,0.0
49.05,malecns_connected,0.0,0.4676835813754582,0.0,0.0,-0.00025261974703264125,0.0
49.05833333333333,malecns_connected,0.0,0.46768147621089956,0.0,0.0,-0.00025261974703264125,0.0
49.06666666666666,malecns_connected,0.0,0.46767937104634094,0.0,0.0,-0.00025261974703264125,0.0
49.075,malecns_connected,0.0,0.4676772658817823,0.0,0.0,-0.00025261974703264125,0.0
49.083333333333336,malecns_connected,0.0,0.4676751607172237,0.0,0.0,-0.00025261974703264125,0.0
49.09166666666667,malecns_connected,0.0,0.4676730555526651,0.0,0.0,-0.00025261974703264125,0.0
49.1,malecns_connected,0.0,0.46767095038810647,0.0,0.0,-0.00025261974703264125,0.0
49.108333333333334,malecns_connected,0.0,0.46766884522354785,0.0,0.0,-0.00025261974703264125,0.0
49.11666666666667,malecns_connected,0.0,0.4676667400589892,0.0,0.0,-0.00025261974703264125,0.0
49.125,malecns_connected,0.0,0.4676646348944306,0.0,0.0,-0.00025261974703264125,0.0
49.13333333333333,malecns_connected,0.0,0.467662529729872,0.0,0.0,-0.00025261974703264125,0.0
49.141666666666666,malecns_connected,0.0,0.46766042456531337,0.0,0.0,-0.00025261974703264125,0.0
49.15,malecns_connected,0.0,0.46765831940075475,0.0,0.0,-0.00025261974703264125,0.0
49.15833333333333,malecns_connected,0.0,0.46765621423619613,0.0,0.0,-0.00025261974703264125,0.0
49.166666666666664,malecns_connected,0.0,0.4676541090716375,0.0,0.0,-0.00025261974703264125,0.0
49.175,malecns_connected,0.0,0.4676520039070789,0.0,0.0,-0.00025261974703264125,0.0
49.18333333333333,malecns_connected,0.0,0.4676498987425203,0.0,0.0,-0.00025261974703264125,0.0
49.19166666666666,malecns_connected,0.0,0.46764779357796166,0.0,0.0,-0.00025261974703264125,0.0
49.2,malecns_connected,0.0,0.46764568841340304,0.0,0.0,-0.00025261974703264125,0.0
49.208333333333336,malecns_connected,0.0,0.4676435832488444,0.0,0.0,-0.00025261974703264125,0.0
49.21666666666667,malecns_connected,0.0,0.4676414780842858,0.0,0.0,-0.00025261974703264125,0.0
49.225,malecns_connected,0.0,0.4676393729197272,0.0,0.0,-0.00025261974703264125,0.0
49.233333333333334,malecns_connected,0.0,0.46763726775516856,0.0,0.0,-0.00025261974703264125,0.0
49.24166666666667,malecns_connected,0.0,0.46763516259060994,0.0,0.0,-0.00025261974703264125,0.0
49.25,malecns_connected,0.0,0.4676330574260513,0.0,0.0,-0.00025261974703264125,0.0
49.25833333333333,malecns_connected,0.0,0.4676309522614927,0.0,0.0,-0.00025261974703264125,0.0
49.266666666666666,malecns_connected,0.0,0.4676288470969341,0.0,0.0,-0.00025261974703264125,0.0
49.275,malecns_connected,0.0,0.46762674193237547,0.0,0.0,-0.00025261974703264125,0.0
49.28333333333333,malecns_connected,0.0,0.46762463676781685,0.0,0.0,-0.00025261974703264125,0.0
49.291666666666664,malecns_connected,0.0,0.46762253160325823,0.0,0.0,-0.00025261974703264125,0.0
49.3,malecns_connected,0.0,0.4676204264386996,0.0,0.0,-0.00025261974703264125,0.0
49.30833333333333,malecns_connected,0.0,0.467618321274141,0.0,0.0,-0.00025261974703264125,0.0
49.31666666666666,malecns_connected,0.0,0.46761621610958237,0.0,0.0,-0.00025261974703264125,0.0
49.325,malecns_connected,0.0,0.46761411094502375,0.0,0.0,-0.00025261974703264125,0.0
49.333333333333336,malecns_connected,0.0,0.46761200578046513,0.0,0.0,-0.00025261974703264125,0.0
49.34166666666667,malecns_connected,0.0,0.4676099006159065,0.0,0.0,-0.00025261974703264125,0.0
49.35,malecns_connected,0.0,0.4676077954513479,0.0,0.0,-0.00025261974703264125,0.0
49.358333333333334,malecns_connected,0.0,0.4676056902867893,0.0,0.0,-0.00025261974703264125,0.0
49.36666666666667,malecns_connected,0.0,0.46760358512223066,0.0,0.0,-0.00025261974703264125,0.0
49.375,malecns_connected,0.0,0.46760147995767204,0.0,0.0,-0.00025261974703264125,0.0
49.38333333333333,malecns_connected,0.0,0.4675993747931134,0.0,0.0,-0.00025261974703264125,0.0
49.391666666666666,malecns_connected,0.0,0.4675972696285548,0.0,0.0,-0.00025261974703264125,0.0
49.4,malecns_connected,0.0,0.4675951644639962,0.0,0.0,-0.00025261974703264125,0.0
49.40833333333333,malecns_connected,0.0,0.46759305929943756,0.0,0.0,-0.00025261974703264125,0.0
49.416666666666664,malecns_connected,0.0,0.46759095413487894,0.0,0.0,-0.00025261974703264125,0.0
49.425,malecns_connected,0.0,0.4675888489703203,0.0,0.0,-0.00025261974703264125,0.0
49.43333333333333,malecns_connected,0.0,0.4675867438057617,0.0,0.0,-0.00025261974703264125,0.0
49.44166666666666,malecns_connected,0.0,0.4675846386412031,0.0,0.0,-0.00025261974703264125,0.0
49.45,malecns_connected,0.0,0.46758253347664447,0.0,0.0,-0.00025261974703264125,0.0
49.458333333333336,malecns_connected,0.0,0.46758042831208585,0.0,0.0,-0.00025261974703264125,0.0
49.46666666666667,malecns_connected,0.0,0.46757832314752723,0.0,0.0,-0.00025261974703264125,0.0
49.475,malecns_connected,0.0,0.4675762179829686,0.0,0.0,-0.00025261974703264125,0.0
49.483333333333334,malecns_connected,0.0,0.46757411281841,0.0,0.0,-0.00025261974703264125,0.0
49.49166666666667,malecns_connected,0.0,0.4675720076538514,0.0,0.0,-0.00025261974703264125,0.0
49.5,malecns_connected,0.0,0.46756990248929275,0.0,0.0,-0.00025261974703264125,0.0
49.50833333333333,malecns_connected,0.0,0.46756779732473414,0.0,0.0,-0.00025261974703264125,0.0
49.516666666666666,malecns_connected,0.0,0.4675656921601755,0.0,0.0,-0.00025261974703264125,0.0
49.525,malecns_connected,0.0,0.4675635869956169,0.0,0.0,-0.00025261974703264125,0.0
49.53333333333333,malecns_connected,0.0,0.4675614818310583,0.0,0.0,-0.00025261974703264125,0.0
49.541666666666664,malecns_connected,0.0,0.46755937666649966,0.0,0.0,-0.00025261974703264125,0.0
49.55,malecns_connected,0.0,0.46755727150194104,0.0,0.0,-0.00025261974703264125,0.0
49.55833333333333,malecns_connected,0.0,0.4675551663373824,0.0,0.0,-0.00025261974703264125,0.0
49.56666666666666,malecns_connected,0.0,0.4675530611728238,0.0,0.0,-0.00025261974703264125,0.0
49.575,malecns_connected,0.0,0.4675509560082652,0.0,0.0,-0.00025261974703264125,0.0
49.583333333333336,malecns_connected,0.0,0.46754885084370656,0.0,0.0,-0.00025261974703264125,0.0
49.59166666666667,malecns_connected,0.0,0.46754674567914795,0.0,0.0,-0.00025261974703264125,0.0
49.6,malecns_connected,0.0,0.4675446405145893,0.0,0.0,-0.00025261974703264125,0.0
49.608333333333334,malecns_connected,0.0,0.4675425353500307,0.0,0.0,-0.00025261974703264125,0.0
49.61666666666667,malecns_connected,0.0,0.4675404301854721,0.0,0.0,-0.00025261974703264125,0.0
49.625,malecns_connected,0.0,0.46753832502091347,0.0,0.0,-0.00025261974703264125,0.0
49.63333333333333,malecns_connected,0.0,0.46753621985635485,0.0,0.0,-0.00025261974703264125,0.0
49.641666666666666,malecns_connected,0.0,0.46753411469179623,0.0,0.0,-0.00025261974703264125,0.0
49.65,malecns_connected,0.0,0.4675320095272376,0.0,0.0,-0.00025261974703264125,0.0
49.65833333333333,malecns_connected,0.0,0.467529904362679,0.0,0.0,-0.00025261974703264125,0.0
49.666666666666664,malecns_connected,0.0,0.4675277991981204,0.0,0.0,-0.00025261974703264125,0.0
49.675,malecns_connected,0.0,0.46752569403356176,0.0,0.0,-0.00025261974703264125,0.0
49.68333333333333,malecns_connected,0.0,0.46752358886900314,0.0,0.0,-0.00025261974703264125,0.0
49.69166666666666,malecns_connected,0.0,0.4675214837044445,0.0,0.0,-0.00025261974703264125,0.0
49.7,malecns_connected,0.0,0.4675193785398859,0.0,0.0,-0.00025261974703264125,0.0
49.708333333333336,malecns_connected,0.0,0.4675172733753273,0.0,0.0,-0.00025261974703264125,0.0
49.71666666666667,malecns_connected,0.0,0.46751516821076866,0.0,0.0,-0.00025261974703264125,0.0
49.725,malecns_connected,0.0,0.46751306304621004,0.0,0.0,-0.00025261974703264125,0.0
49.733333333333334,malecns_connected,0.0,0.4675109578816514,0.0,0.0,-0.00025261974703264125,0.0
49.74166666666667,malecns_connected,0.0,0.4675088527170928,0.0,0.0,-0.00025261974703264125,0.0
49.75,malecns_connected,0.0,0.4675067475525342,0.0,0.0,-0.00025261974703264125,0.0
49.75833333333333,malecns_connected,0.0,0.46750464238797557,0.0,0.0,-0.00025261974703264125,0.0
49.766666666666666,malecns_connected,0.0,0.46750253722341695,0.0,0.0,-0.00025261974703264125,0.0
49.775,malecns_connected,0.0,0.46750043205885833,0.0,0.0,-0.00025261974703264125,0.0
49.78333333333333,malecns_connected,0.0,0.4674983268942997,0.0,0.0,-0.00025261974703264125,0.0
49.791666666666664,malecns_connected,0.0,0.4674962217297411,0.0,0.0,-0.00025261974703264125,0.0
49.8,malecns_connected,0.0,0.46749411656518247,0.0,0.0,-0.00025261974703264125,0.0
49.80833333333333,malecns_connected,0.0,0.46749201140062385,0.0,0.0,-0.00025261974703264125,0.0
49.81666666666666,malecns_connected,0.0,0.46748990623606523,0.0,0.0,-0.00025261974703264125,0.0
49.825,malecns_connected,0.0,0.4674878010715066,0.0,0.0,-0.00025261974703264125,0.0
49.833333333333336,malecns_connected,0.0,0.467485695906948,0.0,0.0,-0.00025261974703264125,0.0
49.84166666666667,malecns_connected,0.0,0.4674835907423894,0.0,0.0,-0.00025261974703264125,0.0
49.85,malecns_connected,0.0,0.46748148557783076,0.0,0.0,-0.00025261974703264125,0.0
49.858333333333334,malecns_connected,0.0,0.46747938041327214,0.0,0.0,-0.00025261974703264125,0.0
49.86666666666667,malecns_connected,0.0,0.4674772752487135,0.0,0.0,-0.00025261974703264125,0.0
49.875,malecns_connected,0.0,0.4674751700841549,0.0,0.0,-0.00025261974703264125,0.0
49.88333333333333,malecns_connected,0.0,0.4674730649195963,0.0,0.0,-0.00025261974703264125,0.0
49.891666666666666,malecns_connected,0.0,0.46747095975503766,0.0,0.0,-0.00025261974703264125,0.0
49.9,malecns_connected,0.0,0.46746885459047904,0.0,0.0,-0.00025261974703264125,0.0
49.90833333333333,malecns_connected,0.0,0.4674667494259204,0.0,0.0,-0.00025261974703264125,0.0
49.916666666666664,malecns_connected,0.0,0.4674646442613618,0.0,0.0,-0.00025261974703264125,0.0
49.925,malecns_connected,0.0,0.4674625390968032,0.0,0.0,-0.00025261974703264125,0.0
49.93333333333333,malecns_connected,0.0,0.46746043393224457,0.0,0.0,-0.00025261974703264125,0.0
49.94166666666666,malecns_connected,0.0,0.46745832876768595,0.0,0.0,-0.00025261974703264125,0.0
49.95,malecns_connected,0.0,0.46745622360312733,0.0,0.0,-0.00025261974703264125,0.0
49.958333333333336,malecns_connected,0.0,0.4674541184385687,0.0,0.0,-0.00025261974703264125,0.0
49.96666666666667,malecns_connected,0.0,0.4674520132740101,0.0,0.0,-0.00025261974703264125,0.0
49.975,malecns_connected,0.0,0.4674499081094515,0.0,0.0,-0.00025261974703264125,0.0
49.983333333333334,malecns_connected,0.0,0.46744780294489285,0.0,0.0,-0.00025261974703264125,0.0
49.99166666666667,malecns_connected,0.0,0.46744569778033424,0.0,0.0,-0.00025261974703264125,0.0
50.0,malecns_connected,0.0,0.4674435926157756,0.0,0.0,-0.00025261974703264125,0.0
50.00833333333333,malecns_connected,0.0,0.467441487451217,0.0,0.0,-0.00025261974703264125,0.0
50.016666666666666,malecns_connected,0.0,0.4674393822866584,0.0,0.0,-0.00025261974703264125,0.0
50.025,malecns_connected,0.0,0.46743727712209976,0.0,0.0,-0.00025261974703264125,0.0
50.03333333333333,malecns_connected,0.0,0.46743517195754114,0.0,0.0,-0.00025261974703264125,0.0
50.041666666666664,malecns_connected,0.0,0.4674330667929825,0.0,0.0,-0.00025261974703264125,0.0
50.05,malecns_connected,0.0,0.4674309616284239,0.0,0.0,-0.00025261974703264125,0.0
50.05833333333333,malecns_connected,0.0,0.4674288564638653,0.0,0.0,-0.00025261974703264125,0.0
50.06666666666666,malecns_connected,0.0,0.46742675129930666,0.0,0.0,-0.00025261974703264125,0.0
50.075,malecns_connected,0.0,0.46742464613474805,0.0,0.0,-0.00025261974703264125,0.0
50.083333333333336,malecns_connected,0.0,0.4674225409701894,0.0,0.0,-0.00025261974703264125,0.0
50.09166666666667,malecns_connected,0.0,0.4674204358056308,0.0,0.0,-0.00025261974703264125,0.0
50.1,malecns_connected,0.0,0.4674183306410722,0.0,0.0,-0.00025261974703264125,0.0
50.108333333333334,malecns_connected,0.0,0.46741622547651357,0.0,0.0,-0.00025261974703264125,0.0
50.11666666666667,malecns_connected,0.0,0.46741412031195495,0.0,0.0,-0.00025261974703264125,0.0
50.125,malecns_connected,0.0,0.46741201514739633,0.0,0.0,-0.00025261974703264125,0.0
50.13333333333333,malecns_connected,0.0,0.4674099099828377,0.0,0.0,-0.00025261974703264125,0.0
50.141666666666666,malecns_connected,0.0,0.4674078048182791,0.0,0.0,-0.00025261974703264125,0.0
50.15,malecns_connected,0.0,0.4674056996537205,0.0,0.0,-0.00025261974703264125,0.0
50.15833333333333,malecns_connected,0.0,0.46740359448916186,0.0,0.0,-0.00025261974703264125,0.0
50.166666666666664,malecns_connected,0.0,0.46740148932460324,0.0,0.0,-0.00025261974703264125,0.0
50.175,malecns_connected,0.0,0.4673993841600446,0.0,0.0,-0.00025261974703264125,0.0
50.18333333333333,malecns_connected,0.0,0.467397278995486,0.0,0.0,-0.00025261974703264125,0.0
50.19166666666666,malecns_connected,0.0,0.4673951738309274,0.0,0.0,-0.00025261974703264125,0.0
50.2,malecns_connected,0.0,0.46739306866636876,0.0,0.0,-0.00025261974703264125,0.0
50.208333333333336,malecns_connected,0.0,0.46739096350181014,0.0,0.0,-0.00025261974703264125,0.0
50.21666666666667,malecns_connected,0.0,0.4673888583372515,0.0,0.0,-0.00025261974703264125,0.0
50.225,malecns_connected,0.0,0.4673867531726929,0.0,0.0,-0.00025261974703264125,0.0
50.233333333333334,malecns_connected,0.0,0.4673846480081343,0.0,0.0,-0.00025261974703264125,0.0
50.24166666666667,malecns_connected,0.0,0.46738254284357567,0.0,0.0,-0.00025261974703264125,0.0
50.25,malecns_connected,0.0,0.46738043767901705,0.0,0.0,-0.00025261974703264125,0.0
50.25833333333333,malecns_connected,0.0,0.4673783325144584,0.0,0.0,-0.00025261974703264125,0.0
50.266666666666666,malecns_connected,0.0,0.4673762273498998,0.0,0.0,-0.00025261974703264125,0.0
50.275,malecns_connected,0.0,0.4673741221853412,0.0,0.0,-0.00025261974703264125,0.0
50.28333333333333,malecns_connected,0.0,0.46737201702078257,0.0,0.0,-0.00025261974703264125,0.0
50.291666666666664,malecns_connected,0.0,0.46736991185622395,0.0,0.0,-0.00025261974703264125,0.0
50.3,malecns_connected,0.0,0.46736780669166533,0.0,0.0,-0.00025261974703264125,0.0
50.30833333333333,malecns_connected,0.0,0.4673657015271067,0.0,0.0,-0.00025261974703264125,0.0
50.31666666666666,malecns_connected,0.0,0.4673635963625481,0.0,0.0,-0.00025261974703264125,0.0
50.325,malecns_connected,0.0,0.4673614911979895,0.0,0.0,-0.00025261974703264125,0.0
50.333333333333336,malecns_connected,0.0,0.46735938603343086,0.0,0.0,-0.00025261974703264125,0.0
50.34166666666667,malecns_connected,0.0,0.46735728086887224,0.0,0.0,-0.00025261974703264125,0.0
50.35,malecns_connected,0.0,0.4673551757043136,0.0,0.0,-0.00025261974703264125,0.0
50.358333333333334,malecns_connected,0.0,0.467353070539755,0.0,0.0,-0.00025261974703264125,0.0
50.36666666666667,malecns_connected,0.0,0.4673509653751964,0.0,0.0,-0.00025261974703264125,0.0
50.375,malecns_connected,0.0,0.46734886021063776,0.0,0.0,-0.00025261974703264125,0.0
50.38333333333333,malecns_connected,0.0,0.46734675504607914,0.0,0.0,-0.00025261974703264125,0.0
50.391666666666666,malecns_connected,0.0,0.4673446498815205,0.0,0.0,-0.00025261974703264125,0.0
50.4,malecns_connected,0.0,0.4673425447169619,0.0,0.0,-0.00025261974703264125,0.0
50.40833333333333,malecns_connected,0.0,0.4673404395524033,0.0,0.0,-0.00025261974703264125,0.0
50.416666666666664,malecns_connected,0.0,0.46733833438784467,0.0,0.0,-0.00025261974703264125,0.0
50.425,malecns_connected,0.0,0.46733622922328605,0.0,0.0,-0.00025261974703264125,0.0
50.43333333333333,malecns_connected,0.0,0.46733412405872743,0.0,0.0,-0.00025261974703264125,0.0
50.44166666666666,malecns_connected,0.0,0.4673320188941688,0.0,0.0,-0.00025261974703264125,0.0
50.45,malecns_connected,0.0,0.4673299137296102,0.0,0.0,-0.00025261974703264125,0.0
50.458333333333336,malecns_connected,0.0,0.4673278085650516,0.0,0.0,-0.00025261974703264125,0.0
50.46666666666667,malecns_connected,0.0,0.46732570340049295,0.0,0.0,-0.00025261974703264125,0.0
50.475,malecns_connected,0.0,0.46732359823593433,0.0,0.0,-0.00025261974703264125,0.0
50.483333333333334,malecns_connected,0.0,0.4673214930713757,0.0,0.0,-0.00025261974703264125,0.0
50.49166666666667,malecns_connected,0.0,0.4673193879068171,0.0,0.0,-0.00025261974703264125,0.0
50.5,malecns_connected,0.0,0.4673172827422585,0.0,0.0,-0.00025261974703264125,0.0
50.50833333333333,malecns_connected,0.0,0.46731517757769986,0.0,0.0,-0.00025261974703264125,0.0
50.516666666666666,malecns_connected,0.0,0.46731307241314124,0.0,0.0,-0.00025261974703264125,0.0
50.525,malecns_connected,0.0,0.4673109672485826,0.0,0.0,-0.00025261974703264125,0.0
50.53333333333333,malecns_connected,0.0,0.467308862084024,0.0,0.0,-0.00025261974703264125,0.0
50.541666666666664,malecns_connected,0.0,0.4673067569194654,0.0,0.0,-0.00025261974703264125,0.0
50.55,malecns_connected,0.0,0.46730465175490676,0.0,0.0,-0.00025261974703264125,0.0
50.55833333333333,malecns_connected,0.0,0.46730254659034814,0.0,0.0,-0.00025261974703264125,0.0
50.56666666666666,malecns_connected,0.0,0.4673004414257895,0.0,0.0,-0.00025261974703264125,0.0
50.575,malecns_connected,0.0,0.4672983362612309,0.0,0.0,-0.00025261974703264125,0.0
50.583333333333336,malecns_connected,0.0,0.4672962310966723,0.0,0.0,-0.00025261974703264125,0.0
50.59166666666667,malecns_connected,0.0,0.46729412593211367,0.0,0.0,-0.00025261974703264125,0.0
50.6,malecns_connected,0.0,0.46729202076755505,0.0,0.0,-0.00025261974703264125,0.0
50.608333333333334,malecns_connected,0.0,0.46728991560299643,0.0,0.0,-0.00025261974703264125,0.0
50.61666666666667,malecns_connected,0.0,0.4672878104384378,0.0,0.0,-0.00025261974703264125,0.0
50.625,malecns_connected,0.0,0.4672857052738792,0.0,0.0,-0.00025261974703264125,0.0
50.63333333333333,malecns_connected,0.0,0.4672836001093206,0.0,0.0,-0.00025261974703264125,0.0
50.641666666666666,malecns_connected,0.0,0.46728149494476195,0.0,0.0,-0.00025261974703264125,0.0
50.65,malecns_connected,0.0,0.46727938978020334,0.0,0.0,-0.00025261974703264125,0.0
50.65833333333333,malecns_connected,0.0,0.4672772846156447,0.0,0.0,-0.00025261974703264125,0.0
50.666666666666664,malecns_connected,0.0,0.4672751794510861,0.0,0.0,-0.00025261974703264125,0.0
50.675,malecns_connected,0.0,0.4672730742865275,0.0,0.0,-0.00025261974703264125,0.0
50.68333333333333,malecns_connected,0.0,0.46727096912196886,0.0,0.0,-0.00025261974703264125,0.0
50.69166666666666,malecns_connected,0.0,0.46726886395741024,0.0,0.0,-0.00025261974703264125,0.0
50.7,malecns_connected,0.0,0.4672667587928516,0.0,0.0,-0.00025261974703264125,0.0
50.708333333333336,malecns_connected,0.0,0.467264653628293,0.0,0.0,-0.00025261974703264125,0.0
50.71666666666667,malecns_connected,0.0,0.4672625484637344,0.0,0.0,-0.00025261974703264125,0.0
50.725,malecns_connected,0.0,0.46726044329917577,0.0,0.0,-0.00025261974703264125,0.0
50.733333333333334,malecns_connected,0.0,0.46725833813461715,0.0,0.0,-0.00025261974703264125,0.0
50.74166666666667,malecns_connected,0.0,0.4672562329700585,0.0,0.0,-0.00025261974703264125,0.0
50.75,malecns_connected,0.0,0.4672541278054999,0.0,0.0,-0.00025261974703264125,0.0
50.75833333333333,malecns_connected,0.0,0.4672520226409413,0.0,0.0,-0.00025261974703264125,0.0
50.766666666666666,malecns_connected,0.0,0.46724991747638267,0.0,0.0,-0.00025261974703264125,0.0
50.775,malecns_connected,0.0,0.46724781231182405,0.0,0.0,-0.00025261974703264125,0.0
50.78333333333333,malecns_connected,0.0,0.46724570714726543,0.0,0.0,-0.00025261974703264125,0.0
50.791666666666664,malecns_connected,0.0,0.4672436019827068,0.0,0.0,-0.00025261974703264125,0.0
50.8,malecns_connected,0.0,0.4672414968181482,0.0,0.0,-0.00025261974703264125,0.0
50.80833333333333,malecns_connected,0.0,0.4672393916535896,0.0,0.0,-0.00025261974703264125,0.0
50.81666666666666,malecns_connected,0.0,0.46723728648903096,0.0,0.0,-0.00025261974703264125,0.0
50.825,malecns_connected,0.0,0.46723518132447234,0.0,0.0,-0.00025261974703264125,0.0
50.833333333333336,malecns_connected,0.0,0.4672330761599137,0.0,0.0,-0.00025261974703264125,0.0
50.84166666666667,malecns_connected,0.0,0.4672309709953551,0.0,0.0,-0.00025261974703264125,0.0
50.85,malecns_connected,0.0,0.4672288658307965,0.0,0.0,-0.00025261974703264125,0.0
50.858333333333334,malecns_connected,0.0,0.46722676066623786,0.0,0.0,-0.00025261974703264125,0.0
50.86666666666667,malecns_connected,0.0,0.46722465550167924,0.0,0.0,-0.00025261974703264125,0.0
50.875,malecns_connected,0.0,0.4672225503371206,0.0,0.0,-0.00025261974703264125,0.0
50.88333333333333,malecns_connected,0.0,0.467220445172562,0.0,0.0,-0.00025261974703264125,0.0
50.891666666666666,malecns_connected,0.0,0.4672183400080034,0.0,0.0,-0.00025261974703264125,0.0
50.9,malecns_connected,0.0,0.46721623484344477,0.0,0.0,-0.00025261974703264125,0.0
50.90833333333333,malecns_connected,0.0,0.46721412967888615,0.0,0.0,-0.00025261974703264125,0.0
50.916666666666664,malecns_connected,0.0,0.46721202451432753,0.0,0.0,-0.00025261974703264125,0.0
50.925,malecns_connected,0.0,0.4672099193497689,0.0,0.0,-0.00025261974703264125,0.0
50.93333333333333,malecns_connected,0.0,0.4672078141852103,0.0,0.0,-0.00025261974703264125,0.0
50.94166666666666,malecns_connected,0.0,0.46720570902065167,0.0,0.0,-0.00025261974703264125,0.0
50.95,malecns_connected,0.0,0.46720360385609305,0.0,0.0,-0.00025261974703264125,0.0
50.958333333333336,malecns_connected,0.0,0.46720149869153443,0.0,0.0,-0.00025261974703264125,0.0
50.96666666666667,malecns_connected,0.0,0.4671993935269758,0.0,0.0,-0.00025261974703264125,0.0
50.975,malecns_connected,0.0,0.4671972883624172,0.0,0.0,-0.00025261974703264125,0.0
50.983333333333334,malecns_connected,0.0,0.4671951831978586,0.0,0.0,-0.00025261974703264125,0.0
50.99166666666667,malecns_connected,0.0,0.46719307803329996,0.0,0.0,-0.00025261974703264125,0.0
51.0,malecns_connected,0.0,0.46719097286874134,0.0,0.0,-0.00025261974703264125,0.0
51.00833333333333,malecns_connected,0.0,0.4671888677041827,0.0,0.0,-0.00025261974703264125,0.0
51.016666666666666,malecns_connected,0.0,0.4671867625396241,0.0,0.0,-0.00025261974703264125,0.0
51.025,malecns_connected,0.0,0.4671846573750655,0.0,0.0,-0.00025261974703264125,0.0
51.03333333333333,malecns_connected,0.0,0.46718255221050686,0.0,0.0,-0.00025261974703264125,0.0
51.041666666666664,malecns_connected,0.0,0.46718044704594824,0.0,0.0,-0.00025261974703264125,0.0
51.05,malecns_connected,0.0,0.4671783418813896,0.0,0.0,-0.00025261974703264125,0.0
51.05833333333333,malecns_connected,0.0,0.467176236716831,0.0,0.0,-0.00025261974703264125,0.0
51.06666666666666,malecns_connected,0.0,0.4671741315522724,0.0,0.0,-0.00025261974703264125,0.0
51.075,malecns_connected,0.0,0.46717202638771377,0.0,0.0,-0.00025261974703264125,0.0
51.083333333333336,malecns_connected,0.0,0.46716992122315515,0.0,0.0,-0.00025261974703264125,0.0
51.09166666666667,malecns_connected,0.0,0.46716781605859653,0.0,0.0,-0.00025261974703264125,0.0
51.1,malecns_connected,0.0,0.4671657108940379,0.0,0.0,-0.00025261974703264125,0.0
51.108333333333334,malecns_connected,0.0,0.4671636057294793,0.0,0.0,-0.00025261974703264125,0.0
51.11666666666667,malecns_connected,0.0,0.4671615005649207,0.0,0.0,-0.00025261974703264125,0.0
51.125,malecns_connected,0.0,0.46715939540036205,0.0,0.0,-0.00025261974703264125,0.0
51.13333333333333,malecns_connected,0.0,0.46715729023580344,0.0,0.0,-0.00025261974703264125,0.0
51.141666666666666,malecns_connected,0.0,0.4671551850712448,0.0,0.0,-0.00025261974703264125,0.0
51.15,malecns_connected,0.0,0.4671530799066862,0.0,0.0,-0.00025261974703264125,0.0
51.15833333333333,malecns_connected,0.0,0.4671509747421276,0.0,0.0,-0.00025261974703264125,0.0
51.166666666666664,malecns_connected,0.0,0.46714886957756896,0.0,0.0,-0.00025261974703264125,0.0
51.175,malecns_connected,0.0,0.46714676441301034,0.0,0.0,-0.00025261974703264125,0.0
51.18333333333333,malecns_connected,0.0,0.4671446592484517,0.0,0.0,-0.00025261974703264125,0.0
51.19166666666666,malecns_connected,0.0,0.4671425540838931,0.0,0.0,-0.00025261974703264125,0.0
51.2,malecns_connected,0.0,0.4671404489193345,0.0,0.0,-0.00025261974703264125,0.0
51.208333333333336,malecns_connected,0.0,0.46713834375477586,0.0,0.0,-0.00025261974703264125,0.0
51.21666666666667,malecns_connected,0.0,0.46713623859021725,0.0,0.0,-0.00025261974703264125,0.0
51.225,malecns_connected,0.0,0.4671341334256586,0.0,0.0,-0.00025261974703264125,0.0
51.233333333333334,malecns_connected,0.0,0.4671320282611,0.0,0.0,-0.00025261974703264125,0.0
51.24166666666667,malecns_connected,0.0,0.4671299230965414,0.0,0.0,-0.00025261974703264125,0.0
51.25,malecns_connected,0.0,0.46712781793198277,0.0,0.0,-0.00025261974703264125,0.0
51.25833333333333,malecns_connected,0.0,0.46712571276742415,0.0,0.0,-0.00025261974703264125,0.0
51.266666666666666,malecns_connected,0.0,0.46712360760286553,0.0,0.0,-0.00025261974703264125,0.0
51.275,malecns_connected,0.0,0.4671215024383069,0.0,0.0,-0.00025261974703264125,0.0
51.28333333333333,malecns_connected,0.0,0.4671193972737483,0.0,0.0,-0.00025261974703264125,0.0
51.291666666666664,malecns_connected,0.0,0.4671172921091897,0.0,0.0,-0.00025261974703264125,0.0
51.3,malecns_connected,0.0,0.46711518694463106,0.0,0.0,-0.00025261974703264125,0.0
51.30833333333333,malecns_connected,0.0,0.46711308178007244,0.0,0.0,-0.00025261974703264125,0.0
51.31666666666666,malecns_connected,0.0,0.4671109766155138,0.0,0.0,-0.00025261974703264125,0.0
51.324999999999996,malecns_connected,0.0,0.4671088714509552,0.0,0.0,-0.00025261974703264125,0.0
51.333333333333336,malecns_connected,0.0,0.4671067662863966,0.0,0.0,-0.00025261974703264125,0.0
51.34166666666667,malecns_connected,0.0,0.46710466112183796,0.0,0.0,-0.00025261974703264125,0.0
51.35,malecns_connected,0.0,0.46710255595727934,0.0,0.0,-0.00025261974703264125,0.0
51.358333333333334,malecns_connected,0.0,0.4671004507927207,0.0,0.0,-0.00025261974703264125,0.0
51.36666666666667,malecns_connected,0.0,0.4670983456281621,0.0,0.0,-0.00025261974703264125,0.0
51.375,malecns_connected,0.0,0.4670962404636035,0.0,0.0,-0.00025261974703264125,0.0
51.38333333333333,malecns_connected,0.0,0.46709413529904487,0.0,0.0,-0.00025261974703264125,0.0
51.391666666666666,malecns_connected,0.0,0.46709203013448625,0.0,0.0,-0.00025261974703264125,0.0
51.4,malecns_connected,0.0,0.46708992496992763,0.0,0.0,-0.00025261974703264125,0.0
51.40833333333333,malecns_connected,0.0,0.467087819805369,0.0,0.0,-0.00025261974703264125,0.0
51.416666666666664,malecns_connected,0.0,0.4670857146408104,0.0,0.0,-0.00025261974703264125,0.0
51.425,malecns_connected,0.0,0.46708360947625177,0.0,0.0,-0.00025261974703264125,0.0
51.43333333333333,malecns_connected,0.0,0.46708150431169315,0.0,0.0,-0.00025261974703264125,0.0
51.44166666666666,malecns_connected,0.0,0.46707939914713453,0.0,0.0,-0.00025261974703264125,0.0
51.449999999999996,malecns_connected,0.0,0.4670772939825759,0.0,0.0,-0.00025261974703264125,0.0
51.458333333333336,malecns_connected,0.0,0.4670751888180173,0.0,0.0,-0.00025261974703264125,0.0
51.46666666666667,malecns_connected,0.0,0.4670730836534587,0.0,0.0,-0.00025261974703264125,0.0
51.475,malecns_connected,0.0,0.46707097848890006,0.0,0.0,-0.00025261974703264125,0.0
51.483333333333334,malecns_connected,0.0,0.46706887332434144,0.0,0.0,-0.00025261974703264125,0.0
51.49166666666667,malecns_connected,0.0,0.4670667681597828,0.0,0.0,-0.00025261974703264125,0.0
51.5,malecns_connected,0.0,0.4670646629952242,0.0,0.0,-0.00025261974703264125,0.0
51.50833333333333,malecns_connected,0.0,0.4670625578306656,0.0,0.0,-0.00025261974703264125,0.0
51.516666666666666,malecns_connected,0.0,0.46706045266610696,0.0,0.0,-0.00025261974703264125,0.0
51.525,malecns_connected,0.0,0.46705834750154834,0.0,0.0,-0.00025261974703264125,0.0
51.53333333333333,malecns_connected,0.0,0.4670562423369897,0.0,0.0,-0.00025261974703264125,0.0
51.541666666666664,malecns_connected,0.0,0.4670541371724311,0.0,0.0,-0.00025261974703264125,0.0
51.55,malecns_connected,0.0,0.4670520320078725,0.0,0.0,-0.00025261974703264125,0.0
51.55833333333333,malecns_connected,0.0,0.46704992684331387,0.0,0.0,-0.00025261974703264125,0.0
51.56666666666666,malecns_connected,0.0,0.46704782167875525,0.0,0.0,-0.00025261974703264125,0.0
51.574999999999996,malecns_connected,0.0,0.46704571651419663,0.0,0.0,-0.00025261974703264125,0.0
51.583333333333336,malecns_connected,0.0,0.467043611349638,0.0,0.0,-0.00025261974703264125,0.0
51.59166666666667,malecns_connected,0.0,0.4670415061850794,0.0,0.0,-0.00025261974703264125,0.0
51.6,malecns_connected,0.0,0.4670394010205208,0.0,0.0,-0.00025261974703264125,0.0
51.608333333333334,malecns_connected,0.0,0.46703729585596215,0.0,0.0,-0.00025261974703264125,0.0
51.61666666666667,malecns_connected,0.0,0.46703519069140353,0.0,0.0,-0.00025261974703264125,0.0
51.625,malecns_connected,0.0,0.4670330855268449,0.0,0.0,-0.00025261974703264125,0.0
51.63333333333333,malecns_connected,0.0,0.4670309803622863,0.0,0.0,-0.00025261974703264125,0.0
51.641666666666666,malecns_connected,0.0,0.4670288751977277,0.0,0.0,-0.00025261974703264125,0.0
51.65,malecns_connected,0.0,0.46702677003316906,0.0,0.0,-0.00025261974703264125,0.0
51.65833333333333,malecns_connected,0.0,0.46702466486861044,0.0,0.0,-0.00025261974703264125,0.0
51.666666666666664,malecns_connected,0.0,0.4670225597040518,0.0,0.0,-0.00025261974703264125,0.0
51.675,malecns_connected,0.0,0.4670204545394932,0.0,0.0,-0.00025261974703264125,0.0
51.68333333333333,malecns_connected,0.0,0.4670183493749346,0.0,0.0,-0.00025261974703264125,0.0
51.69166666666666,malecns_connected,0.0,0.46701624421037596,0.0,0.0,-0.00025261974703264125,0.0
51.699999999999996,malecns_connected,0.0,0.46701413904581734,0.0,0.0,-0.00025261974703264125,0.0
51.708333333333336,malecns_connected,0.0,0.4670120338812587,0.0,0.0,-0.00025261974703264125,0.0
51.71666666666667,malecns_connected,0.0,0.4670099287167001,0.0,0.0,-0.00025261974703264125,0.0
51.725,malecns_connected,0.0,0.4670078235521415,0.0,0.0,-0.00025261974703264125,0.0
51.733333333333334,malecns_connected,0.0,0.46700571838758287,0.0,0.0,-0.00025261974703264125,0.0
51.74166666666667,malecns_connected,0.0,0.46700361322302425,0.0,0.0,-0.00025261974703264125,0.0
51.75,malecns_connected,0.0,0.46700150805846563,0.0,0.0,-0.00025261974703264125,0.0
51.75833333333333,malecns_connected,0.0,0.466999402893907,0.0,0.0,-0.00025261974703264125,0.0
51.766666666666666,malecns_connected,0.0,0.4669972977293484,0.0,0.0,-0.00025261974703264125,0.0
51.775,malecns_connected,0.0,0.4669951925647898,0.0,0.0,-0.00025261974703264125,0.0
51.78333333333333,malecns_connected,0.0,0.46699308740023115,0.0,0.0,-0.00025261974703264125,0.0
51.791666666666664,malecns_connected,0.0,0.46699098223567254,0.0,0.0,-0.00025261974703264125,0.0
51.8,malecns_connected,0.0,0.4669888770711139,0.0,0.0,-0.00025261974703264125,0.0
51.80833333333333,malecns_connected,0.0,0.4669867719065553,0.0,0.0,-0.00025261974703264125,0.0
51.81666666666666,malecns_connected,0.0,0.4669846667419967,0.0,0.0,-0.00025261974703264125,0.0
51.824999999999996,malecns_connected,0.0,0.46698256157743806,0.0,0.0,-0.00025261974703264125,0.0
51.833333333333336,malecns_connected,0.0,0.46698045641287944,0.0,0.0,-0.00025261974703264125,0.0
51.84166666666667,malecns_connected,0.0,0.4669783512483208,0.0,0.0,-0.00025261974703264125,0.0
51.85,malecns_connected,0.0,0.4669762460837622,0.0,0.0,-0.00025261974703264125,0.0
51.858333333333334,malecns_connected,0.0,0.4669741409192036,0.0,0.0,-0.00025261974703264125,0.0
51.86666666666667,malecns_connected,0.0,0.46697203575464497,0.0,0.0,-0.00025261974703264125,0.0
51.875,malecns_connected,0.0,0.46696993059008635,0.0,0.0,-0.00025261974703264125,0.0
51.88333333333333,malecns_connected,0.0,0.4669678254255277,0.0,0.0,-0.00025261974703264125,0.0
51.891666666666666,malecns_connected,0.0,0.4669657202609691,0.0,0.0,-0.00025261974703264125,0.0
51.9,malecns_connected,0.0,0.4669636150964105,0.0,0.0,-0.00025261974703264125,0.0
51.90833333333333,malecns_connected,0.0,0.46696150993185187,0.0,0.0,-0.00025261974703264125,0.0
51.916666666666664,malecns_connected,0.0,0.46695940476729325,0.0,0.0,-0.00025261974703264125,0.0
51.925,malecns_connected,0.0,0.46695729960273463,0.0,0.0,-0.00025261974703264125,0.0
51.93333333333333,malecns_connected,0.0,0.466955194438176,0.0,0.0,-0.00025261974703264125,0.0
51.94166666666666,malecns_connected,0.0,0.4669530892736174,0.0,0.0,-0.00025261974703264125,0.0
51.949999999999996,malecns_connected,0.0,0.4669509841090588,0.0,0.0,-0.00025261974703264125,0.0
51.958333333333336,malecns_connected,0.0,0.46694887894450016,0.0,0.0,-0.00025261974703264125,0.0
51.96666666666667,malecns_connected,0.0,0.46694677377994154,0.0,0.0,-0.00025261974703264125,0.0
51.975,malecns_connected,0.0,0.4669446686153829,0.0,0.0,-0.00025261974703264125,0.0
51.983333333333334,malecns_connected,0.0,0.4669425634508243,0.0,0.0,-0.00025261974703264125,0.0
51.99166666666667,malecns_connected,0.0,0.4669404582862657,0.0,0.0,-0.00025261974703264125,0.0
52.0,malecns_connected,0.0,0.46693835312170706,0.0,0.0,-0.00025261974703264125,0.0
52.00833333333333,malecns_connected,0.0,0.46693624795714844,0.0,0.0,-0.00025261974703264125,0.0
52.016666666666666,malecns_connected,0.0,0.4669341427925898,0.0,0.0,-0.00025261974703264125,0.0
52.025,malecns_connected,0.0,0.4669320376280312,0.0,0.0,-0.00025261974703264125,0.0
52.03333333333333,malecns_connected,0.0,0.4669299324634726,0.0,0.0,-0.00025261974703264125,0.0
52.041666666666664,malecns_connected,0.0,0.46692782729891397,0.0,0.0,-0.00025261974703264125,0.0
52.05,malecns_connected,0.0,0.46692572213435535,0.0,0.0,-0.00025261974703264125,0.0
52.05833333333333,malecns_connected,0.0,0.46692361696979673,0.0,0.0,-0.00025261974703264125,0.0
52.06666666666666,malecns_connected,0.0,0.4669215118052381,0.0,0.0,-0.00025261974703264125,0.0
52.074999999999996,malecns_connected,0.0,0.4669194066406795,0.0,0.0,-0.00025261974703264125,0.0
52.083333333333336,malecns_connected,0.0,0.46691730147612087,0.0,0.0,-0.00025261974703264125,0.0
52.09166666666667,malecns_connected,0.0,0.46691519631156225,0.0,0.0,-0.00025261974703264125,0.0
52.1,malecns_connected,0.0,0.46691309114700363,0.0,0.0,-0.00025261974703264125,0.0
52.108333333333334,malecns_connected,0.0,0.466910985982445,0.0,0.0,-0.00025261974703264125,0.0
52.11666666666667,malecns_connected,0.0,0.4669088808178864,0.0,0.0,-0.00025261974703264125,0.0
52.125,malecns_connected,0.0,0.4669067756533278,0.0,0.0,-0.00025261974703264125,0.0
52.13333333333333,malecns_connected,0.0,0.46690467048876916,0.0,0.0,-0.00025261974703264125,0.0
52.141666666666666,malecns_connected,0.0,0.46690256532421054,0.0,0.0,-0.00025261974703264125,0.0
52.15,malecns_connected,0.0,0.4669004601596519,0.0,0.0,-0.00025261974703264125,0.0
52.15833333333333,malecns_connected,0.0,0.4668983549950933,0.0,0.0,-0.00025261974703264125,0.0
52.166666666666664,malecns_connected,0.0,0.4668962498305347,0.0,0.0,-0.00025261974703264125,0.0
52.175,malecns_connected,0.0,0.46689414466597606,0.0,0.0,-0.00025261974703264125,0.0
52.18333333333333,malecns_connected,0.0,0.46689203950141744,0.0,0.0,-0.00025261974703264125,0.0
52.19166666666666,malecns_connected,0.0,0.4668899343368588,0.0,0.0,-0.00025261974703264125,0.0
52.199999999999996,malecns_connected,0.0,0.4668878291723002,0.0,0.0,-0.00025261974703264125,0.0
52.208333333333336,malecns_connected,0.0,0.4668857240077416,0.0,0.0,-0.00025261974703264125,0.0
52.21666666666667,malecns_connected,0.0,0.46688361884318297,0.0,0.0,-0.00025261974703264125,0.0
52.225,malecns_connected,0.0,0.46688151367862435,0.0,0.0,-0.00025261974703264125,0.0
52.233333333333334,malecns_connected,0.0,0.46687940851406573,0.0,0.0,-0.00025261974703264125,0.0
52.24166666666667,malecns_connected,0.0,0.4668773033495071,0.0,0.0,-0.00025261974703264125,0.0
52.25,malecns_connected,0.0,0.4668751981849485,0.0,0.0,-0.00025261974703264125,0.0
52.25833333333333,malecns_connected,0.0,0.4668730930203899,0.0,0.0,-0.00025261974703264125,0.0
52.266666666666666,malecns_connected,0.0,0.46687098785583125,0.0,0.0,-0.00025261974703264125,0.0
52.275,malecns_connected,0.0,0.46686888269127264,0.0,0.0,-0.00025261974703264125,0.0
52.28333333333333,malecns_connected,0.0,0.466866777526714,0.0,0.0,-0.00025261974703264125,0.0
52.291666666666664,malecns_connected,0.0,0.4668646723621554,0.0,0.0,-0.00025261974703264125,0.0
52.3,malecns_connected,0.0,0.4668625671975968,0.0,0.0,-0.00025261974703264125,0.0
52.30833333333333,malecns_connected,0.0,0.46686046203303816,0.0,0.0,-0.00025261974703264125,0.0
52.31666666666666,malecns_connected,0.0,0.46685835686847954,0.0,0.0,-0.00025261974703264125,0.0
52.324999999999996,malecns_connected,0.0,0.4668562517039209,0.0,0.0,-0.00025261974703264125,0.0
52.333333333333336,malecns_connected,0.0,0.4668541465393623,0.0,0.0,-0.00025261974703264125,0.0
52.34166666666667,malecns_connected,0.0,0.4668520413748037,0.0,0.0,-0.00025261974703264125,0.0
52.35,malecns_connected,0.0,0.46684993621024506,0.0,0.0,-0.00025261974703264125,0.0
52.358333333333334,malecns_connected,0.0,0.46684783104568645,0.0,0.0,-0.00025261974703264125,0.0
52.36666666666667,malecns_connected,0.0,0.4668457258811278,0.0,0.0,-0.00025261974703264125,0.0
52.375,malecns_connected,0.0,0.4668436207165692,0.0,0.0,-0.00025261974703264125,0.0
52.38333333333333,malecns_connected,0.0,0.4668415155520106,0.0,0.0,-0.00025261974703264125,0.0
52.391666666666666,malecns_connected,0.0,0.46683941038745197,0.0,0.0,-0.00025261974703264125,0.0
52.4,malecns_connected,0.0,0.46683730522289335,0.0,0.0,-0.00025261974703264125,0.0
52.40833333333333,malecns_connected,0.0,0.46683520005833473,0.0,0.0,-0.00025261974703264125,0.0
52.416666666666664,malecns_connected,0.0,0.4668330948937761,0.0,0.0,-0.00025261974703264125,0.0
52.425,malecns_connected,0.0,0.4668309897292175,0.0,0.0,-0.00025261974703264125,0.0
52.43333333333333,malecns_connected,0.0,0.4668288845646589,0.0,0.0,-0.00025261974703264125,0.0
52.44166666666666,malecns_connected,0.0,0.46682677940010026,0.0,0.0,-0.00025261974703264125,0.0
52.449999999999996,malecns_connected,0.0,0.46682467423554164,0.0,0.0,-0.00025261974703264125,0.0
52.458333333333336,malecns_connected,0.0,0.466822569070983,0.0,0.0,-0.00025261974703264125,0.0
52.46666666666667,malecns_connected,0.0,0.4668204639064244,0.0,0.0,-0.00025261974703264125,0.0
52.475,malecns_connected,0.0,0.4668183587418658,0.0,0.0,-0.00025261974703264125,0.0
52.483333333333334,malecns_connected,0.0,0.46681625357730716,0.0,0.0,-0.00025261974703264125,0.0
52.49166666666667,malecns_connected,0.0,0.46681414841274854,0.0,0.0,-0.00025261974703264125,0.0
52.5,malecns_connected,0.0,0.4668120432481899,0.0,0.0,-0.00025261974703264125,0.0
52.50833333333333,malecns_connected,0.0,0.4668099380836313,0.0,0.0,-0.00025261974703264125,0.0
52.516666666666666,malecns_connected,0.0,0.4668078329190727,0.0,0.0,-0.00025261974703264125,0.0
52.525,malecns_connected,0.0,0.46680572775451407,0.0,0.0,-0.00025261974703264125,0.0
52.53333333333333,malecns_connected,0.0,0.46680362258995545,0.0,0.0,-0.00025261974703264125,0.0
52.541666666666664,malecns_connected,0.0,0.46680151742539683,0.0,0.0,-0.00025261974703264125,0.0
52.55,malecns_connected,0.0,0.4667994122608382,0.0,0.0,-0.00025261974703264125,0.0
52.55833333333333,malecns_connected,0.0,0.4667973070962796,0.0,0.0,-0.00025261974703264125,0.0
52.56666666666666,malecns_connected,0.0,0.46679520193172097,0.0,0.0,-0.00025261974703264125,0.0
52.574999999999996,malecns_connected,0.0,0.46679309676716235,0.0,0.0,-0.00025261974703264125,0.0
52.583333333333336,malecns_connected,0.0,0.46679099160260373,0.0,0.0,-0.00025261974703264125,0.0
52.59166666666667,malecns_connected,0.0,0.4667888864380451,0.0,0.0,-0.00025261974703264125,0.0
52.6,malecns_connected,0.0,0.4667867812734865,0.0,0.0,-0.00025261974703264125,0.0
52.608333333333334,malecns_connected,0.0,0.4667846761089279,0.0,0.0,-0.00025261974703264125,0.0
52.61666666666667,malecns_connected,0.0,0.46678257094436926,0.0,0.0,-0.00025261974703264125,0.0
52.625,malecns_connected,0.0,0.46678046577981064,0.0,0.0,-0.00025261974703264125,0.0
52.63333333333333,malecns_connected,0.0,0.466778360615252,0.0,0.0,-0.00025261974703264125,0.0
52.641666666666666,malecns_connected,0.0,0.4667762554506934,0.0,0.0,-0.00025261974703264125,0.0
52.65,malecns_connected,0.0,0.4667741502861348,0.0,0.0,-0.00025261974703264125,0.0
52.65833333333333,malecns_connected,0.0,0.46677204512157616,0.0,0.0,-0.00025261974703264125,0.0
52.666666666666664,malecns_connected,0.0,0.46676993995701754,0.0,0.0,-0.00025261974703264125,0.0
52.675,malecns_connected,0.0,0.4667678347924589,0.0,0.0,-0.00025261974703264125,0.0
52.68333333333333,malecns_connected,0.0,0.4667657296279003,0.0,0.0,-0.00025261974703264125,0.0
52.69166666666666,malecns_connected,0.0,0.4667636244633417,0.0,0.0,-0.00025261974703264125,0.0
52.699999999999996,malecns_connected,0.0,0.46676151929878307,0.0,0.0,-0.00025261974703264125,0.0
52.708333333333336,malecns_connected,0.0,0.46675941413422445,0.0,0.0,-0.00025261974703264125,0.0
52.71666666666667,malecns_connected,0.0,0.46675730896966583,0.0,0.0,-0.00025261974703264125,0.0
52.725,malecns_connected,0.0,0.4667552038051072,0.0,0.0,-0.00025261974703264125,0.0
52.733333333333334,malecns_connected,0.0,0.4667530986405486,0.0,0.0,-0.00025261974703264125,0.0
52.74166666666667,malecns_connected,0.0,0.46675099347599,0.0,0.0,-0.00025261974703264125,0.0
52.75,malecns_connected,0.0,0.46674888831143135,0.0,0.0,-0.00025261974703264125,0.0
52.75833333333333,malecns_connected,0.0,0.46674678314687273,0.0,0.0,-0.00025261974703264125,0.0
52.766666666666666,malecns_connected,0.0,0.4667446779823141,0.0,0.0,-0.00025261974703264125,0.0
52.775,malecns_connected,0.0,0.4667425728177555,0.0,0.0,-0.00025261974703264125,0.0
52.78333333333333,malecns_connected,0.0,0.4667404676531969,0.0,0.0,-0.00025261974703264125,0.0
52.791666666666664,malecns_connected,0.0,0.46673836248863826,0.0,0.0,-0.00025261974703264125,0.0
52.8,malecns_connected,0.0,0.46673625732407964,0.0,0.0,-0.00025261974703264125,0.0
52.80833333333333,malecns_connected,0.0,0.466734152159521,0.0,0.0,-0.00025261974703264125,0.0
52.81666666666666,malecns_connected,0.0,0.4667320469949624,0.0,0.0,-0.00025261974703264125,0.0
52.824999999999996,malecns_connected,0.0,0.4667299418304038,0.0,0.0,-0.00025261974703264125,0.0
52.833333333333336,malecns_connected,0.0,0.46672783666584516,0.0,0.0,-0.00025261974703264125,0.0
52.84166666666667,malecns_connected,0.0,0.46672573150128654,0.0,0.0,-0.00025261974703264125,0.0
52.85,malecns_connected,0.0,0.4667236263367279,0.0,0.0,-0.00025261974703264125,0.0
52.858333333333334,malecns_connected,0.0,0.4667215211721693,0.0,0.0,-0.00025261974703264125,0.0
52.86666666666667,malecns_connected,0.0,0.4667194160076107,0.0,0.0,-0.00025261974703264125,0.0
52.875,malecns_connected,0.0,0.46671731084305207,0.0,0.0,-0.00025261974703264125,0.0
52.88333333333333,malecns_connected,0.0,0.46671520567849345,0.0,0.0,-0.00025261974703264125,0.0
52.891666666666666,malecns_connected,0.0,0.46671310051393483,0.0,0.0,-0.00025261974703264125,0.0
52.9,malecns_connected,0.0,0.4667109953493762,0.0,0.0,-0.00025261974703264125,0.0
52.90833333333333,malecns_connected,0.0,0.4667088901848176,0.0,0.0,-0.00025261974703264125,0.0
52.916666666666664,malecns_connected,0.0,0.466706785020259,0.0,0.0,-0.00025261974703264125,0.0
52.925,malecns_connected,0.0,0.46670467985570036,0.0,0.0,-0.00025261974703264125,0.0
52.93333333333333,malecns_connected,0.0,0.46670257469114174,0.0,0.0,-0.00025261974703264125,0.0
52.94166666666666,malecns_connected,0.0,0.4667004695265831,0.0,0.0,-0.00025261974703264125,0.0
52.949999999999996,malecns_connected,0.0,0.4666983643620245,0.0,0.0,-0.00025261974703264125,0.0
52.958333333333336,malecns_connected,0.0,0.4666962591974659,0.0,0.0,-0.00025261974703264125,0.0
52.96666666666667,malecns_connected,0.0,0.46669415403290726,0.0,0.0,-0.00025261974703264125,0.0
52.975,malecns_connected,0.0,0.46669204886834864,0.0,0.0,-0.00025261974703264125,0.0
52.983333333333334,malecns_connected,0.0,0.46668994370379,0.0,0.0,-0.00025261974703264125,0.0
52.99166666666667,malecns_connected,0.0,0.4666878385392314,0.0,0.0,-0.00025261974703264125,0.0
53.0,malecns_connected,0.0,0.4666857333746728,0.0,0.0,-0.00025261974703264125,0.0
53.00833333333333,malecns_connected,0.0,0.46668362821011417,0.0,0.0,-0.00025261974703264125,0.0
53.016666666666666,malecns_connected,0.0,0.46668152304555555,0.0,0.0,-0.00025261974703264125,0.0
53.025,malecns_connected,0.0,0.4666794178809969,0.0,0.0,-0.00025261974703264125,0.0
53.03333333333333,malecns_connected,0.0,0.4666773127164383,0.0,0.0,-0.00025261974703264125,0.0
53.041666666666664,malecns_connected,0.0,0.4666752075518797,0.0,0.0,-0.00025261974703264125,0.0
53.05,malecns_connected,0.0,0.46667310238732107,0.0,0.0,-0.00025261974703264125,0.0
53.05833333333333,malecns_connected,0.0,0.46667099722276245,0.0,0.0,-0.00025261974703264125,0.0
53.06666666666666,malecns_connected,0.0,0.46666889205820383,0.0,0.0,-0.00025261974703264125,0.0
53.074999999999996,malecns_connected,0.0,0.4666667868936452,0.0,0.0,-0.00025261974703264125,0.0
53.083333333333336,malecns_connected,0.0,0.4666646817290866,0.0,0.0,-0.00025261974703264125,0.0
53.09166666666667,malecns_connected,0.0,0.466662576564528,0.0,0.0,-0.00025261974703264125,0.0
53.1,malecns_connected,0.0,0.46666047139996936,0.0,0.0,-0.00025261974703264125,0.0
53.108333333333334,malecns_connected,0.0,0.46665836623541074,0.0,0.0,-0.00025261974703264125,0.0
53.11666666666667,malecns_connected,0.0,0.4666562610708521,0.0,0.0,-0.00025261974703264125,0.0
53.125,malecns_connected,0.0,0.4666541559062935,0.0,0.0,-0.00025261974703264125,0.0
53.13333333333333,malecns_connected,0.0,0.4666520507417349,0.0,0.0,-0.00025261974703264125,0.0
53.141666666666666,malecns_connected,0.0,0.46664994557717626,0.0,0.0,-0.00025261974703264125,0.0
53.15,malecns_connected,0.0,0.46664784041261764,0.0,0.0,-0.00025261974703264125,0.0
53.15833333333333,malecns_connected,0.0,0.466645735248059,0.0,0.0,-0.00025261974703264125,0.0
53.166666666666664,malecns_connected,0.0,0.4666436300835004,0.0,0.0,-0.00025261974703264125,0.0
53.175,malecns_connected,0.0,0.4666415249189418,0.0,0.0,-0.00025261974703264125,0.0
53.18333333333333,malecns_connected,0.0,0.46663941975438317,0.0,0.0,-0.00025261974703264125,0.0
53.19166666666666,malecns_connected,0.0,0.46663731458982455,0.0,0.0,-0.00025261974703264125,0.0
53.199999999999996,malecns_connected,0.0,0.46663520942526593,0.0,0.0,-0.00025261974703264125,0.0
53.208333333333336,malecns_connected,0.0,0.4666331042607073,0.0,0.0,-0.00025261974703264125,0.0
53.21666666666667,malecns_connected,0.0,0.4666309990961487,0.0,0.0,-0.00025261974703264125,0.0
53.225,malecns_connected,0.0,0.46662889393159007,0.0,0.0,-0.00025261974703264125,0.0
53.233333333333334,malecns_connected,0.0,0.46662678876703145,0.0,0.0,-0.00025261974703264125,0.0
53.24166666666667,malecns_connected,0.0,0.46662468360247283,0.0,0.0,-0.00025261974703264125,0.0
53.25,malecns_connected,0.0,0.4666225784379142,0.0,0.0,-0.00025261974703264125,0.0
53.25833333333333,malecns_connected,0.0,0.4666204732733556,0.0,0.0,-0.00025261974703264125,0.0
53.266666666666666,malecns_connected,0.0,0.466618368108797,0.0,0.0,-0.00025261974703264125,0.0
53.275,malecns_connected,0.0,0.46661626294423836,0.0,0.0,-0.00025261974703264125,0.0
53.28333333333333,malecns_connected,0.0,0.46661415777967974,0.0,0.0,-0.00025261974703264125,0.0
53.291666666666664,malecns_connected,0.0,0.4666120526151211,0.0,0.0,-0.00025261974703264125,0.0
53.3,malecns_connected,0.0,0.4666099474505625,0.0,0.0,-0.00025261974703264125,0.0
53.30833333333333,malecns_connected,0.0,0.4666078422860039,0.0,0.0,-0.00025261974703264125,0.0
53.31666666666666,malecns_connected,0.0,0.46660573712144526,0.0,0.0,-0.00025261974703264125,0.0
53.324999999999996,malecns_connected,0.0,0.46660363195688664,0.0,0.0,-0.00025261974703264125,0.0
53.333333333333336,malecns_connected,0.0,0.466601526792328,0.0,0.0,-0.00025261974703264125,0.0
53.34166666666667,malecns_connected,0.0,0.4665994216277694,0.0,0.0,-0.00025261974703264125,0.0
53.35,malecns_connected,0.0,0.4665973164632108,0.0,0.0,-0.00025261974703264125,0.0
53.358333333333334,malecns_connected,0.0,0.46659521129865217,0.0,0.0,-0.00025261974703264125,0.0
53.36666666666667,malecns_connected,0.0,0.46659310613409355,0.0,0.0,-0.00025261974703264125,0.0
53.375,malecns_connected,0.0,0.46659100096953493,0.0,0.0,-0.00025261974703264125,0.0
53.38333333333333,malecns_connected,0.0,0.4665888958049763,0.0,0.0,-0.00025261974703264125,0.0
53.391666666666666,malecns_connected,0.0,0.4665867906404177,0.0,0.0,-0.00025261974703264125,0.0
53.4,malecns_connected,0.0,0.4665846854758591,0.0,0.0,-0.00025261974703264125,0.0
53.40833333333333,malecns_connected,0.0,0.46658258031130045,0.0,0.0,-0.00025261974703264125,0.0
53.416666666666664,malecns_connected,0.0,0.46658047514674184,0.0,0.0,-0.00025261974703264125,0.0
53.425,malecns_connected,0.0,0.4665783699821832,0.0,0.0,-0.00025261974703264125,0.0
53.43333333333333,malecns_connected,0.0,0.4665762648176246,0.0,0.0,-0.00025261974703264125,0.0
53.44166666666666,malecns_connected,0.0,0.466574159653066,0.0,0.0,-0.00025261974703264125,0.0
53.449999999999996,malecns_connected,0.0,0.46657205448850736,0.0,0.0,-0.00025261974703264125,0.0
53.458333333333336,malecns_connected,0.0,0.46656994932394874,0.0,0.0,-0.00025261974703264125,0.0
53.46666666666667,malecns_connected,0.0,0.4665678441593901,0.0,0.0,-0.00025261974703264125,0.0
53.475,malecns_connected,0.0,0.4665657389948315,0.0,0.0,-0.00025261974703264125,0.0
53.483333333333334,malecns_connected,0.0,0.4665636338302729,0.0,0.0,-0.00025261974703264125,0.0
53.49166666666667,malecns_connected,0.0,0.46656152866571426,0.0,0.0,-0.00025261974703264125,0.0
53.5,malecns_connected,0.0,0.46655942350115565,0.0,0.0,-0.00025261974703264125,0.0
53.50833333333333,malecns_connected,0.0,0.466557318336597,0.0,0.0,-0.00025261974703264125,0.0
53.516666666666666,malecns_connected,0.0,0.4665552131720384,0.0,0.0,-0.00025261974703264125,0.0
53.525,malecns_connected,0.0,0.4665531080074798,0.0,0.0,-0.00025261974703264125,0.0
53.53333333333333,malecns_connected,0.0,0.46655100284292117,0.0,0.0,-0.00025261974703264125,0.0
53.541666666666664,malecns_connected,0.0,0.46654889767836255,0.0,0.0,-0.00025261974703264125,0.0
53.55,malecns_connected,0.0,0.46654679251380393,0.0,0.0,-0.00025261974703264125,0.0
53.55833333333333,malecns_connected,0.0,0.4665446873492453,0.0,0.0,-0.00025261974703264125,0.0
53.56666666666666,malecns_connected,0.0,0.4665425821846867,0.0,0.0,-0.00025261974703264125,0.0
53.574999999999996,malecns_connected,0.0,0.4665404770201281,0.0,0.0,-0.00025261974703264125,0.0
53.583333333333336,malecns_connected,0.0,0.46653837185556946,0.0,0.0,-0.00025261974703264125,0.0
53.59166666666667,malecns_connected,0.0,0.46653626669101084,0.0,0.0,-0.00025261974703264125,0.0
53.6,malecns_connected,0.0,0.4665341615264522,0.0,0.0,-0.00025261974703264125,0.0
53.608333333333334,malecns_connected,0.0,0.4665320563618936,0.0,0.0,-0.00025261974703264125,0.0
53.61666666666667,malecns_connected,0.0,0.466529951197335,0.0,0.0,-0.00025261974703264125,0.0
53.625,malecns_connected,0.0,0.46652784603277636,0.0,0.0,-0.00025261974703264125,0.0
53.63333333333333,malecns_connected,0.0,0.46652574086821774,0.0,0.0,-0.00025261974703264125,0.0
53.641666666666666,malecns_connected,0.0,0.4665236357036591,0.0,0.0,-0.00025261974703264125,0.0
53.65,malecns_connected,0.0,0.4665215305391005,0.0,0.0,-0.00025261974703264125,0.0
53.65833333333333,malecns_connected,0.0,0.4665194253745419,0.0,0.0,-0.00025261974703264125,0.0
53.666666666666664,malecns_connected,0.0,0.46651732020998327,0.0,0.0,-0.00025261974703264125,0.0
53.675,malecns_connected,0.0,0.46651521504542465,0.0,0.0,-0.00025261974703264125,0.0
53.68333333333333,malecns_connected,0.0,0.46651310988086603,0.0,0.0,-0.00025261974703264125,0.0
53.69166666666666,malecns_connected,0.0,0.4665110047163074,0.0,0.0,-0.00025261974703264125,0.0
53.699999999999996,malecns_connected,0.0,0.4665088995517488,0.0,0.0,-0.00025261974703264125,0.0
53.708333333333336,malecns_connected,0.0,0.46650679438719017,0.0,0.0,-0.00025261974703264125,0.0
53.71666666666667,malecns_connected,0.0,0.46650468922263155,0.0,0.0,-0.00025261974703264125,0.0
53.725,malecns_connected,0.0,0.46650258405807293,0.0,0.0,-0.00025261974703264125,0.0
53.733333333333334,malecns_connected,0.0,0.4665004788935143,0.0,0.0,-0.00025261974703264125,0.0
53.74166666666667,malecns_connected,0.0,0.4664983737289557,0.0,0.0,-0.00025261974703264125,0.0
53.75,malecns_connected,0.0,0.4664962685643971,0.0,0.0,-0.00025261974703264125,0.0
53.75833333333333,malecns_connected,0.0,0.46649416339983846,0.0,0.0,-0.00025261974703264125,0.0
53.766666666666666,malecns_connected,0.0,0.46649205823527984,0.0,0.0,-0.00025261974703264125,0.0
53.775,malecns_connected,0.0,0.4664899530707212,0.0,0.0,-0.00025261974703264125,0.0
53.78333333333333,malecns_connected,0.0,0.4664878479061626,0.0,0.0,-0.00025261974703264125,0.0
53.791666666666664,malecns_connected,0.0,0.466485742741604,0.0,0.0,-0.00025261974703264125,0.0
53.8,malecns_connected,0.0,0.46648363757704536,0.0,0.0,-0.00025261974703264125,0.0
53.80833333333333,malecns_connected,0.0,0.46648153241248674,0.0,0.0,-0.00025261974703264125,0.0
53.81666666666666,malecns_connected,0.0,0.4664794272479281,0.0,0.0,-0.00025261974703264125,0.0
53.824999999999996,malecns_connected,0.0,0.4664773220833695,0.0,0.0,-0.00025261974703264125,0.0
53.833333333333336,malecns_connected,0.0,0.4664752169188109,0.0,0.0,-0.00025261974703264125,0.0
53.84166666666667,malecns_connected,0.0,0.46647311175425227,0.0,0.0,-0.00025261974703264125,0.0
53.85,malecns_connected,0.0,0.46647100658969365,0.0,0.0,-0.00025261974703264125,0.0
53.858333333333334,malecns_connected,0.0,0.46646890142513503,0.0,0.0,-0.00025261974703264125,0.0
53.86666666666667,malecns_connected,0.0,0.4664667962605764,0.0,0.0,-0.00025261974703264125,0.0
53.875,malecns_connected,0.0,0.4664646910960178,0.0,0.0,-0.00025261974703264125,0.0
53.88333333333333,malecns_connected,0.0,0.4664625859314592,0.0,0.0,-0.00025261974703264125,0.0
53.891666666666666,malecns_connected,0.0,0.46646048076690055,0.0,0.0,-0.00025261974703264125,0.0
53.9,malecns_connected,0.0,0.46645837560234193,0.0,0.0,-0.00025261974703264125,0.0
53.90833333333333,malecns_connected,0.0,0.4664562704377833,0.0,0.0,-0.00025261974703264125,0.0
53.916666666666664,malecns_connected,0.0,0.4664541652732247,0.0,0.0,-0.00025261974703264125,0.0
53.925,malecns_connected,0.0,0.4664520601086661,0.0,0.0,-0.00025261974703264125,0.0
53.93333333333333,malecns_connected,0.0,0.46644995494410746,0.0,0.0,-0.00025261974703264125,0.0
53.94166666666666,malecns_connected,0.0,0.46644784977954884,0.0,0.0,-0.00025261974703264125,0.0
53.949999999999996,malecns_connected,0.0,0.4664457446149902,0.0,0.0,-0.00025261974703264125,0.0
53.958333333333336,malecns_connected,0.0,0.4664436394504316,0.0,0.0,-0.00025261974703264125,0.0
53.96666666666667,malecns_connected,0.0,0.466441534285873,0.0,0.0,-0.00025261974703264125,0.0
53.975,malecns_connected,0.0,0.46643942912131436,0.0,0.0,-0.00025261974703264125,0.0
53.983333333333334,malecns_connected,0.0,0.46643732395675574,0.0,0.0,-0.00025261974703264125,0.0
53.99166666666667,malecns_connected,0.0,0.4664352187921971,0.0,0.0,-0.00025261974703264125,0.0
54.0,malecns_connected,0.0,0.4664331136276385,0.0,0.0,-0.00025261974703264125,0.0
54.00833333333333,malecns_connected,0.0,0.4664310084630799,0.0,0.0,-0.00025261974703264125,0.0
54.016666666666666,malecns_connected,0.0,0.46642890329852127,0.0,0.0,-0.00025261974703264125,0.0
54.025,malecns_connected,0.0,0.46642679813396265,0.0,0.0,-0.00025261974703264125,0.0
54.03333333333333,malecns_connected,0.0,0.46642469296940403,0.0,0.0,-0.00025261974703264125,0.0
54.041666666666664,malecns_connected,0.0,0.4664225878048454,0.0,0.0,-0.00025261974703264125,0.0
54.05,malecns_connected,0.0,0.4664204826402868,0.0,0.0,-0.00025261974703264125,0.0
54.05833333333333,malecns_connected,0.0,0.4664183774757282,0.0,0.0,-0.00025261974703264125,0.0
54.06666666666666,malecns_connected,0.0,0.46641627231116956,0.0,0.0,-0.00025261974703264125,0.0
54.074999999999996,malecns_connected,0.0,0.46641416714661094,0.0,0.0,-0.00025261974703264125,0.0
54.083333333333336,malecns_connected,0.0,0.4664120619820523,0.0,0.0,-0.00025261974703264125,0.0
54.09166666666667,malecns_connected,0.0,0.4664099568174937,0.0,0.0,-0.00025261974703264125,0.0
54.1,malecns_connected,0.0,0.4664078516529351,0.0,0.0,-0.00025261974703264125,0.0
54.108333333333334,malecns_connected,0.0,0.46640574648837646,0.0,0.0,-0.00025261974703264125,0.0
54.11666666666667,malecns_connected,0.0,0.46640364132381784,0.0,0.0,-0.00025261974703264125,0.0
54.125,malecns_connected,0.0,0.4664015361592592,0.0,0.0,-0.00025261974703264125,0.0
54.13333333333333,malecns_connected,0.0,0.4663994309947006,0.0,0.0,-0.00025261974703264125,0.0
54.141666666666666,malecns_connected,0.0,0.466397325830142,0.0,0.0,-0.00025261974703264125,0.0
54.15,malecns_connected,0.0,0.46639522066558337,0.0,0.0,-0.00025261974703264125,0.0
54.15833333333333,malecns_connected,0.0,0.46639311550102475,0.0,0.0,-0.00025261974703264125,0.0
54.166666666666664,malecns_connected,0.0,0.4663910103364661,0.0,0.0,-0.00025261974703264125,0.0
54.175,malecns_connected,0.0,0.4663889051719075,0.0,0.0,-0.00025261974703264125,0.0
54.18333333333333,malecns_connected,0.0,0.4663868000073489,0.0,0.0,-0.00025261974703264125,0.0
54.19166666666666,malecns_connected,0.0,0.46638469484279027,0.0,0.0,-0.00025261974703264125,0.0
54.199999999999996,malecns_connected,0.0,0.46638258967823165,0.0,0.0,-0.00025261974703264125,0.0
54.208333333333336,malecns_connected,0.0,0.46638048451367303,0.0,0.0,-0.00025261974703264125,0.0
54.21666666666667,malecns_connected,0.0,0.4663783793491144,0.0,0.0,-0.00025261974703264125,0.0
54.225,malecns_connected,0.0,0.4663762741845558,0.0,0.0,-0.00025261974703264125,0.0
54.233333333333334,malecns_connected,0.0,0.4663741690199972,0.0,0.0,-0.00025261974703264125,0.0
54.24166666666667,malecns_connected,0.0,0.46637206385543856,0.0,0.0,-0.00025261974703264125,0.0
54.25,malecns_connected,0.0,0.46636995869087994,0.0,0.0,-0.00025261974703264125,0.0
54.25833333333333,malecns_connected,0.0,0.4663678535263213,0.0,0.0,-0.00025261974703264125,0.0
54.266666666666666,malecns_connected,0.0,0.4663657483617627,0.0,0.0,-0.00025261974703264125,0.0
54.275,malecns_connected,0.0,0.4663636431972041,0.0,0.0,-0.00025261974703264125,0.0
54.28333333333333,malecns_connected,0.0,0.46636153803264546,0.0,0.0,-0.00025261974703264125,0.0
54.291666666666664,malecns_connected,0.0,0.46635943286808684,0.0,0.0,-0.00025261974703264125,0.0
54.3,malecns_connected,0.0,0.4663573277035282,0.0,0.0,-0.00025261974703264125,0.0
54.30833333333333,malecns_connected,0.0,0.4663552225389696,0.0,0.0,-0.00025261974703264125,0.0
54.31666666666666,malecns_connected,0.0,0.466353117374411,0.0,0.0,-0.00025261974703264125,0.0
54.324999999999996,malecns_connected,0.0,0.46635101220985237,0.0,0.0,-0.00025261974703264125,0.0
54.333333333333336,malecns_connected,0.0,0.46634890704529375,0.0,0.0,-0.00025261974703264125,0.0
54.34166666666667,malecns_connected,0.0,0.46634680188073513,0.0,0.0,-0.00025261974703264125,0.0
54.35,malecns_connected,0.0,0.4663446967161765,0.0,0.0,-0.00025261974703264125,0.0
54.358333333333334,malecns_connected,0.0,0.4663425915516179,0.0,0.0,-0.00025261974703264125,0.0
54.36666666666667,malecns_connected,0.0,0.46634048638705927,0.0,0.0,-0.00025261974703264125,0.0
54.375,malecns_connected,0.0,0.46633838122250065,0.0,0.0,-0.00025261974703264125,0.0
54.38333333333333,malecns_connected,0.0,0.46633627605794203,0.0,0.0,-0.00025261974703264125,0.0
54.391666666666666,malecns_connected,0.0,0.4663341708933834,0.0,0.0,-0.00025261974703264125,0.0
54.4,malecns_connected,0.0,0.4663320657288248,0.0,0.0,-0.00025261974703264125,0.0
54.40833333333333,malecns_connected,0.0,0.4663299605642662,0.0,0.0,-0.00025261974703264125,0.0
54.416666666666664,malecns_connected,0.0,0.46632785539970756,0.0,0.0,-0.00025261974703264125,0.0
54.425,malecns_connected,0.0,0.46632575023514894,0.0,0.0,-0.00025261974703264125,0.0
54.43333333333333,malecns_connected,0.0,0.4663236450705903,0.0,0.0,-0.00025261974703264125,0.0
54.44166666666666,malecns_connected,0.0,0.4663215399060317,0.0,0.0,-0.00025261974703264125,0.0
54.449999999999996,malecns_connected,0.0,0.4663194347414731,0.0,0.0,-0.00025261974703264125,0.0
54.458333333333336,malecns_connected,0.0,0.46631732957691446,0.0,0.0,-0.00025261974703264125,0.0
54.46666666666667,malecns_connected,0.0,0.46631522441235584,0.0,0.0,-0.00025261974703264125,0.0
54.475,malecns_connected,0.0,0.4663131192477972,0.0,0.0,-0.00025261974703264125,0.0
54.483333333333334,malecns_connected,0.0,0.4663110140832386,0.0,0.0,-0.00025261974703264125,0.0
54.49166666666667,malecns_connected,0.0,0.46630890891868,0.0,0.0,-0.00025261974703264125,0.0
54.5,malecns_connected,0.0,0.46630680375412137,0.0,0.0,-0.00025261974703264125,0.0
54.50833333333333,malecns_connected,0.0,0.46630469858956275,0.0,0.0,-0.00025261974703264125,0.0
54.516666666666666,malecns_connected,0.0,0.46630259342500413,0.0,0.0,-0.00025261974703264125,0.0
54.525,malecns_connected,0.0,0.4663004882604455,0.0,0.0,-0.00025261974703264125,0.0
54.53333333333333,malecns_connected,0.0,0.4662983830958869,0.0,0.0,-0.00025261974703264125,0.0
54.541666666666664,malecns_connected,0.0,0.4662962779313283,0.0,0.0,-0.00025261974703264125,0.0
54.55,malecns_connected,0.0,0.46629417276676965,0.0,0.0,-0.00025261974703264125,0.0
54.55833333333333,malecns_connected,0.0,0.46629206760221104,0.0,0.0,-0.00025261974703264125,0.0
54.56666666666666,malecns_connected,0.0,0.4662899624376524,0.0,0.0,-0.00025261974703264125,0.0
54.574999999999996,malecns_connected,0.0,0.4662878572730938,0.0,0.0,-0.00025261974703264125,0.0
54.583333333333336,malecns_connected,0.0,0.4662857521085352,0.0,0.0,-0.00025261974703264125,0.0
54.59166666666667,malecns_connected,0.0,0.46628364694397656,0.0,0.0,-0.00025261974703264125,0.0
54.6,malecns_connected,0.0,0.46628154177941794,0.0,0.0,-0.00025261974703264125,0.0
54.608333333333334,malecns_connected,0.0,0.4662794366148593,0.0,0.0,-0.00025261974703264125,0.0
54.61666666666667,malecns_connected,0.0,0.4662773314503007,0.0,0.0,-0.00025261974703264125,0.0
54.625,malecns_connected,0.0,0.4662752262857421,0.0,0.0,-0.00025261974703264125,0.0
54.63333333333333,malecns_connected,0.0,0.46627312112118346,0.0,0.0,-0.00025261974703264125,0.0
54.641666666666666,malecns_connected,0.0,0.46627101595662485,0.0,0.0,-0.00025261974703264125,0.0
54.65,malecns_connected,0.0,0.4662689107920662,0.0,0.0,-0.00025261974703264125,0.0
54.65833333333333,malecns_connected,0.0,0.4662668056275076,0.0,0.0,-0.00025261974703264125,0.0
54.666666666666664,malecns_connected,0.0,0.466264700462949,0.0,0.0,-0.00025261974703264125,0.0
54.675,malecns_connected,0.0,0.46626259529839037,0.0,0.0,-0.00025261974703264125,0.0
54.68333333333333,malecns_connected,0.0,0.46626049013383175,0.0,0.0,-0.00025261974703264125,0.0
54.69166666666666,malecns_connected,0.0,0.46625838496927313,0.0,0.0,-0.00025261974703264125,0.0
54.699999999999996,malecns_connected,0.0,0.4662562798047145,0.0,0.0,-0.00025261974703264125,0.0
54.708333333333336,malecns_connected,0.0,0.4662541746401559,0.0,0.0,-0.00025261974703264125,0.0
54.71666666666667,malecns_connected,0.0,0.4662520694755973,0.0,0.0,-0.00025261974703264125,0.0
54.725,malecns_connected,0.0,0.46624996431103866,0.0,0.0,-0.00025261974703264125,0.0
54.733333333333334,malecns_connected,0.0,0.46624785914648004,0.0,0.0,-0.00025261974703264125,0.0
54.74166666666667,malecns_connected,0.0,0.4662457539819214,0.0,0.0,-0.00025261974703264125,0.0
54.75,malecns_connected,0.0,0.4662436488173628,0.0,0.0,-0.00025261974703264125,0.0
54.75833333333333,malecns_connected,0.0,0.4662415436528042,0.0,0.0,-0.00025261974703264125,0.0
54.766666666666666,malecns_connected,0.0,0.46623943848824556,0.0,0.0,-0.00025261974703264125,0.0
54.775,malecns_connected,0.0,0.46623733332368694,0.0,0.0,-0.00025261974703264125,0.0
54.78333333333333,malecns_connected,0.0,0.4662352281591283,0.0,0.0,-0.00025261974703264125,0.0
54.791666666666664,malecns_connected,0.0,0.4662331229945697,0.0,0.0,-0.00025261974703264125,0.0
54.8,malecns_connected,0.0,0.4662310178300111,0.0,0.0,-0.00025261974703264125,0.0
54.80833333333333,malecns_connected,0.0,0.46622891266545247,0.0,0.0,-0.00025261974703264125,0.0
54.81666666666666,malecns_connected,0.0,0.46622680750089385,0.0,0.0,-0.00025261974703264125,0.0
54.824999999999996,malecns_connected,0.0,0.46622470233633523,0.0,0.0,-0.00025261974703264125,0.0
54.833333333333336,malecns_connected,0.0,0.4662225971717766,0.0,0.0,-0.00025261974703264125,0.0
54.84166666666667,malecns_connected,0.0,0.466220492007218,0.0,0.0,-0.00025261974703264125,0.0
54.85,malecns_connected,0.0,0.46621838684265937,0.0,0.0,-0.00025261974703264125,0.0
54.858333333333334,malecns_connected,0.0,0.46621628167810075,0.0,0.0,-0.00025261974703264125,0.0
54.86666666666667,malecns_connected,0.0,0.46621417651354213,0.0,0.0,-0.00025261974703264125,0.0
54.875,malecns_connected,0.0,0.4662120713489835,0.0,0.0,-0.00025261974703264125,0.0
54.88333333333333,malecns_connected,0.0,0.4662099661844249,0.0,0.0,-0.00025261974703264125,0.0
54.891666666666666,malecns_connected,0.0,0.4662078610198663,0.0,0.0,-0.00025261974703264125,0.0
54.9,malecns_connected,0.0,0.46620575585530766,0.0,0.0,-0.00025261974703264125,0.0
54.90833333333333,malecns_connected,0.0,0.46620365069074904,0.0,0.0,-0.00025261974703264125,0.0
54.916666666666664,malecns_connected,0.0,0.4662015455261904,0.0,0.0,-0.00025261974703264125,0.0
54.925,malecns_connected,0.0,0.4661994403616318,0.0,0.0,-0.00025261974703264125,0.0
54.93333333333333,malecns_connected,0.0,0.4661973351970732,0.0,0.0,-0.00025261974703264125,0.0
54.94166666666666,malecns_connected,0.0,0.46619523003251456,0.0,0.0,-0.00025261974703264125,0.0
54.949999999999996,malecns_connected,0.0,0.46619312486795594,0.0,0.0,-0.00025261974703264125,0.0
54.958333333333336,malecns_connected,0.0,0.4661910197033973,0.0,0.0,-0.00025261974703264125,0.0
54.96666666666667,malecns_connected,0.0,0.4661889145388387,0.0,0.0,-0.00025261974703264125,0.0
54.975,malecns_connected,0.0,0.4661868093742801,0.0,0.0,-0.00025261974703264125,0.0
54.983333333333334,malecns_connected,0.0,0.46618470420972147,0.0,0.0,-0.00025261974703264125,0.0
54.99166666666667,malecns_connected,0.0,0.46618259904516285,0.0,0.0,-0.00025261974703264125,0.0
55.0,malecns_connected,0.0,0.46618049388060423,0.0,0.0,-0.00025261974703264125,0.0
55.00833333333333,malecns_connected,0.0,0.4661783887160456,0.0,0.0,-0.00025261974703264125,0.0
55.016666666666666,malecns_connected,0.0,0.466176283551487,0.0,0.0,-0.00025261974703264125,0.0
55.025,malecns_connected,0.0,0.4661741783869284,0.0,0.0,-0.00025261974703264125,0.0
55.03333333333333,malecns_connected,0.0,0.46617207322236975,0.0,0.0,-0.00025261974703264125,0.0
55.041666666666664,malecns_connected,0.0,0.46616996805781113,0.0,0.0,-0.00025261974703264125,0.0
55.05,malecns_connected,0.0,0.4661678628932525,0.0,0.0,-0.00025261974703264125,0.0
55.05833333333333,malecns_connected,0.0,0.4661657577286939,0.0,0.0,-0.00025261974703264125,0.0
55.06666666666666,malecns_connected,0.0,0.4661636525641353,0.0,0.0,-0.00025261974703264125,0.0
55.074999999999996,malecns_connected,0.0,0.46616154739957666,0.0,0.0,-0.00025261974703264125,0.0
55.083333333333336,malecns_connected,0.0,0.46615944223501804,0.0,0.0,-0.00025261974703264125,0.0
55.09166666666667,malecns_connected,0.0,0.4661573370704594,0.0,0.0,-0.00025261974703264125,0.0
55.1,malecns_connected,0.0,0.4661552319059008,0.0,0.0,-0.00025261974703264125,0.0
55.108333333333334,malecns_connected,0.0,0.4661531267413422,0.0,0.0,-0.00025261974703264125,0.0
55.11666666666667,malecns_connected,0.0,0.46615102157678356,0.0,0.0,-0.00025261974703264125,0.0
55.125,malecns_connected,0.0,0.46614891641222495,0.0,0.0,-0.00025261974703264125,0.0
55.13333333333333,malecns_connected,0.0,0.4661468112476663,0.0,0.0,-0.00025261974703264125,0.0
55.141666666666666,malecns_connected,0.0,0.4661447060831077,0.0,0.0,-0.00025261974703264125,0.0
55.15,malecns_connected,0.0,0.4661426009185491,0.0,0.0,-0.00025261974703264125,0.0
55.15833333333333,malecns_connected,0.0,0.46614049575399047,0.0,0.0,-0.00025261974703264125,0.0
55.166666666666664,malecns_connected,0.0,0.46613839058943185,0.0,0.0,-0.00025261974703264125,0.0
55.175,malecns_connected,0.0,0.46613628542487323,0.0,0.0,-0.00025261974703264125,0.0
55.18333333333333,malecns_connected,0.0,0.4661341802603146,0.0,0.0,-0.00025261974703264125,0.0
55.19166666666666,malecns_connected,0.0,0.466132075095756,0.0,0.0,-0.00025261974703264125,0.0
55.199999999999996,malecns_connected,0.0,0.4661299699311974,0.0,0.0,-0.00025261974703264125,0.0
55.208333333333336,malecns_connected,0.0,0.46612786476663876,0.0,0.0,-0.00025261974703264125,0.0
55.21666666666667,malecns_connected,0.0,0.46612575960208014,0.0,0.0,-0.00025261974703264125,0.0
55.225,malecns_connected,0.0,0.4661236544375215,0.0,0.0,-0.00025261974703264125,0.0
55.233333333333334,malecns_connected,0.0,0.4661215492729629,0.0,0.0,-0.00025261974703264125,0.0
55.24166666666667,malecns_connected,0.0,0.4661194441084043,0.0,0.0,-0.00025261974703264125,0.0
55.25,malecns_connected,0.0,0.46611733894384566,0.0,0.0,-0.00025261974703264125,0.0
55.25833333333333,malecns_connected,0.0,0.46611523377928704,0.0,0.0,-0.00025261974703264125,0.0
55.266666666666666,malecns_connected,0.0,0.4661131286147284,0.0,0.0,-0.00025261974703264125,0.0
55.275,malecns_connected,0.0,0.4661110234501698,0.0,0.0,-0.00025261974703264125,0.0
55.28333333333333,malecns_connected,0.0,0.4661089182856112,0.0,0.0,-0.00025261974703264125,0.0
55.291666666666664,malecns_connected,0.0,0.46610681312105257,0.0,0.0,-0.00025261974703264125,0.0
55.3,malecns_connected,0.0,0.46610470795649395,0.0,0.0,-0.00025261974703264125,0.0
55.30833333333333,malecns_connected,0.0,0.4661026027919353,0.0,0.0,-0.00025261974703264125,0.0
55.31666666666666,malecns_connected,0.0,0.4661004976273767,0.0,0.0,-0.00025261974703264125,0.0
55.324999999999996,malecns_connected,0.0,0.4660983924628181,0.0,0.0,-0.00025261974703264125,0.0
55.333333333333336,malecns_connected,0.0,0.46609628729825947,0.0,0.0,-0.00025261974703264125,0.0
55.34166666666667,malecns_connected,0.0,0.46609418213370085,0.0,0.0,-0.00025261974703264125,0.0
55.35,malecns_connected,0.0,0.46609207696914223,0.0,0.0,-0.00025261974703264125,0.0
55.358333333333334,malecns_connected,0.0,0.4660899718045836,0.0,0.0,-0.00025261974703264125,0.0
55.36666666666667,malecns_connected,0.0,0.466087866640025,0.0,0.0,-0.00025261974703264125,0.0
55.375,malecns_connected,0.0,0.4660857614754664,0.0,0.0,-0.00025261974703264125,0.0
55.38333333333333,malecns_connected,0.0,0.46608365631090776,0.0,0.0,-0.00025261974703264125,0.0
55.391666666666666,malecns_connected,0.0,0.46608155114634914,0.0,0.0,-0.00025261974703264125,0.0
55.4,malecns_connected,0.0,0.4660794459817905,0.0,0.0,-0.00025261974703264125,0.0
55.40833333333333,malecns_connected,0.0,0.4660773408172319,0.0,0.0,-0.00025261974703264125,0.0
55.416666666666664,malecns_connected,0.0,0.4660752356526733,0.0,0.0,-0.00025261974703264125,0.0
55.425,malecns_connected,0.0,0.46607313048811466,0.0,0.0,-0.00025261974703264125,0.0
55.43333333333333,malecns_connected,0.0,0.46607102532355604,0.0,0.0,-0.00025261974703264125,0.0
55.44166666666666,malecns_connected,0.0,0.4660689201589974,0.0,0.0,-0.00025261974703264125,0.0
55.449999999999996,malecns_connected,0.0,0.4660668149944388,0.0,0.0,-0.00025261974703264125,0.0
55.458333333333336,malecns_connected,0.0,0.4660647098298802,0.0,0.0,-0.00025261974703264125,0.0
55.46666666666667,malecns_connected,0.0,0.46606260466532157,0.0,0.0,-0.00025261974703264125,0.0
55.475,malecns_connected,0.0,0.46606049950076295,0.0,0.0,-0.00025261974703264125,0.0
55.483333333333334,malecns_connected,0.0,0.46605839433620433,0.0,0.0,-0.00025261974703264125,0.0
55.49166666666667,malecns_connected,0.0,0.4660562891716457,0.0,0.0,-0.00025261974703264125,0.0
55.5,malecns_connected,0.0,0.4660541840070871,0.0,0.0,-0.00025261974703264125,0.0
55.50833333333333,malecns_connected,0.0,0.46605207884252847,0.0,0.0,-0.00025261974703264125,0.0
55.516666666666666,malecns_connected,0.0,0.46604997367796985,0.0,0.0,-0.00025261974703264125,0.0
55.525,malecns_connected,0.0,0.46604786851341123,0.0,0.0,-0.00025261974703264125,0.0
55.53333333333333,malecns_connected,0.0,0.4660457633488526,0.0,0.0,-0.00025261974703264125,0.0
55.541666666666664,malecns_connected,0.0,0.466043658184294,0.0,0.0,-0.00025261974703264125,0.0
55.55,malecns_connected,0.0,0.4660415530197354,0.0,0.0,-0.00025261974703264125,0.0
55.55833333333333,malecns_connected,0.0,0.46603944785517676,0.0,0.0,-0.00025261974703264125,0.0
55.56666666666666,malecns_connected,0.0,0.46603734269061814,0.0,0.0,-0.00025261974703264125,0.0
55.574999999999996,malecns_connected,0.0,0.4660352375260595,0.0,0.0,-0.00025261974703264125,0.0
55.583333333333336,malecns_connected,0.0,0.4660331323615009,0.0,0.0,-0.00025261974703264125,0.0
55.59166666666667,malecns_connected,0.0,0.4660310271969423,0.0,0.0,-0.00025261974703264125,0.0
55.6,malecns_connected,0.0,0.46602892203238366,0.0,0.0,-0.00025261974703264125,0.0
55.608333333333334,malecns_connected,0.0,0.46602681686782504,0.0,0.0,-0.00025261974703264125,0.0
55.61666666666667,malecns_connected,0.0,0.4660247117032664,0.0,0.0,-0.00025261974703264125,0.0
55.625,malecns_connected,0.0,0.4660226065387078,0.0,0.0,-0.00025261974703264125,0.0
55.63333333333333,malecns_connected,0.0,0.4660205013741492,0.0,0.0,-0.00025261974703264125,0.0
55.641666666666666,malecns_connected,0.0,0.46601839620959057,0.0,0.0,-0.00025261974703264125,0.0
55.65,malecns_connected,0.0,0.46601629104503195,0.0,0.0,-0.00025261974703264125,0.0
55.65833333333333,malecns_connected,0.0,0.46601418588047333,0.0,0.0,-0.00025261974703264125,0.0
55.666666666666664,malecns_connected,0.0,0.4660120807159147,0.0,0.0,-0.00025261974703264125,0.0
55.675,malecns_connected,0.0,0.4660099755513561,0.0,0.0,-0.00025261974703264125,0.0
55.68333333333333,malecns_connected,0.0,0.4660078703867975,0.0,0.0,-0.00025261974703264125,0.0
55.69166666666666,malecns_connected,0.0,0.46600576522223885,0.0,0.0,-0.00025261974703264125,0.0
55.699999999999996,malecns_connected,0.0,0.46600366005768024,0.0,0.0,-0.00025261974703264125,0.0
55.708333333333336,malecns_connected,0.0,0.4660015548931216,0.0,0.0,-0.00025261974703264125,0.0
55.71666666666667,malecns_connected,0.0,0.465999449728563,0.0,0.0,-0.00025261974703264125,0.0
55.725,malecns_connected,0.0,0.4659973445640044,0.0,0.0,-0.00025261974703264125,0.0
55.733333333333334,malecns_connected,0.0,0.46599523939944576,0.0,0.0,-0.00025261974703264125,0.0
55.74166666666667,malecns_connected,0.0,0.46599313423488714,0.0,0.0,-0.00025261974703264125,0.0
55.75,malecns_connected,0.0,0.4659910290703285,0.0,0.0,-0.00025261974703264125,0.0
55.75833333333333,malecns_connected,0.0,0.4659889239057699,0.0,0.0,-0.00025261974703264125,0.0
55.766666666666666,malecns_connected,0.0,0.4659868187412113,0.0,0.0,-0.00025261974703264125,0.0
55.775,malecns_connected,0.0,0.46598471357665266,0.0,0.0,-0.00025261974703264125,0.0
55.78333333333333,malecns_connected,0.0,0.46598260841209405,0.0,0.0,-0.00025261974703264125,0.0
55.791666666666664,malecns_connected,0.0,0.4659805032475354,0.0,0.0,-0.00025261974703264125,0.0
55.8,malecns_connected,0.0,0.4659783980829768,0.0,0.0,-0.00025261974703264125,0.0
55.80833333333333,malecns_connected,0.0,0.4659762929184182,0.0,0.0,-0.00025261974703264125,0.0
55.81666666666666,malecns_connected,0.0,0.46597418775385957,0.0,0.0,-0.00025261974703264125,0.0
55.824999999999996,malecns_connected,0.0,0.46597208258930095,0.0,0.0,-0.00025261974703264125,0.0
55.833333333333336,malecns_connected,0.0,0.46596997742474233,0.0,0.0,-0.00025261974703264125,0.0
55.84166666666667,malecns_connected,0.0,0.4659678722601837,0.0,0.0,-0.00025261974703264125,0.0
55.85,malecns_connected,0.0,0.4659657670956251,0.0,0.0,-0.00025261974703264125,0.0
55.858333333333334,malecns_connected,0.0,0.4659636619310665,0.0,0.0,-0.00025261974703264125,0.0
55.86666666666667,malecns_connected,0.0,0.46596155676650786,0.0,0.0,-0.00025261974703264125,0.0
55.875,malecns_connected,0.0,0.46595945160194924,0.0,0.0,-0.00025261974703264125,0.0
55.88333333333333,malecns_connected,0.0,0.4659573464373906,0.0,0.0,-0.00025261974703264125,0.0
55.891666666666666,malecns_connected,0.0,0.465955241272832,0.0,0.0,-0.00025261974703264125,0.0
55.9,malecns_connected,0.0,0.4659531361082734,0.0,0.0,-0.00025261974703264125,0.0
55.90833333333333,malecns_connected,0.0,0.46595103094371476,0.0,0.0,-0.00025261974703264125,0.0
55.916666666666664,malecns_connected,0.0,0.46594892577915614,0.0,0.0,-0.00025261974703264125,0.0
55.925,malecns_connected,0.0,0.4659468206145975,0.0,0.0,-0.00025261974703264125,0.0
55.93333333333333,malecns_connected,0.0,0.4659447154500389,0.0,0.0,-0.00025261974703264125,0.0
55.94166666666666,malecns_connected,0.0,0.4659426102854803,0.0,0.0,-0.00025261974703264125,0.0
55.949999999999996,malecns_connected,0.0,0.46594050512092167,0.0,0.0,-0.00025261974703264125,0.0
55.958333333333336,malecns_connected,0.0,0.46593839995636305,0.0,0.0,-0.00025261974703264125,0.0
55.96666666666667,malecns_connected,0.0,0.46593629479180443,0.0,0.0,-0.00025261974703264125,0.0
55.975,malecns_connected,0.0,0.4659341896272458,0.0,0.0,-0.00025261974703264125,0.0
55.983333333333334,malecns_connected,0.0,0.4659320844626872,0.0,0.0,-0.00025261974703264125,0.0
55.99166666666667,malecns_connected,0.0,0.46592997929812857,0.0,0.0,-0.00025261974703264125,0.0
56.0,malecns_connected,0.0,0.46592787413356995,0.0,0.0,-0.00025261974703264125,0.0
56.00833333333333,malecns_connected,0.0,0.46592576896901133,0.0,0.0,-0.00025261974703264125,0.0
56.016666666666666,malecns_connected,0.0,0.4659236638044527,0.0,0.0,-0.00025261974703264125,0.0
56.025,malecns_connected,0.0,0.4659215586398941,0.0,0.0,-0.00025261974703264125,0.0
56.03333333333333,malecns_connected,0.0,0.4659194534753355,0.0,0.0,-0.00025261974703264125,0.0
56.041666666666664,malecns_connected,0.0,0.46591734831077686,0.0,0.0,-0.00025261974703264125,0.0
56.05,malecns_connected,0.0,0.46591524314621824,0.0,0.0,-0.00025261974703264125,0.0
56.05833333333333,malecns_connected,0.0,0.4659131379816596,0.0,0.0,-0.00025261974703264125,0.0
56.06666666666666,malecns_connected,0.0,0.465911032817101,0.0,0.0,-0.00025261974703264125,0.0
56.074999999999996,malecns_connected,0.0,0.4659089276525424,0.0,0.0,-0.00025261974703264125,0.0
56.083333333333336,malecns_connected,0.0,0.46590682248798376,0.0,0.0,-0.00025261974703264125,0.0
56.09166666666667,malecns_connected,0.0,0.46590471732342514,0.0,0.0,-0.00025261974703264125,0.0
56.1,malecns_connected,0.0,0.4659026121588665,0.0,0.0,-0.00025261974703264125,0.0
56.108333333333334,malecns_connected,0.0,0.4659005069943079,0.0,0.0,-0.00025261974703264125,0.0
56.11666666666667,malecns_connected,0.0,0.4658984018297493,0.0,0.0,-0.00025261974703264125,0.0
56.125,malecns_connected,0.0,0.46589629666519067,0.0,0.0,-0.00025261974703264125,0.0
56.13333333333333,malecns_connected,0.0,0.46589419150063205,0.0,0.0,-0.00025261974703264125,0.0
56.141666666666666,malecns_connected,0.0,0.46589208633607343,0.0,0.0,-0.00025261974703264125,0.0
56.15,malecns_connected,0.0,0.4658899811715148,0.0,0.0,-0.00025261974703264125,0.0
56.15833333333333,malecns_connected,0.0,0.4658878760069562,0.0,0.0,-0.00025261974703264125,0.0
56.166666666666664,malecns_connected,0.0,0.4658857708423976,0.0,0.0,-0.00025261974703264125,0.0
56.175,malecns_connected,0.0,0.46588366567783895,0.0,0.0,-0.00025261974703264125,0.0
56.18333333333333,malecns_connected,0.0,0.46588156051328034,0.0,0.0,-0.00025261974703264125,0.0
56.19166666666666,malecns_connected,0.0,0.4658794553487217,0.0,0.0,-0.00025261974703264125,0.0
56.199999999999996,malecns_connected,0.0,0.4658773501841631,0.0,0.0,-0.00025261974703264125,0.0
56.208333333333336,malecns_connected,0.0,0.4658752450196045,0.0,0.0,-0.00025261974703264125,0.0
56.21666666666667,malecns_connected,0.0,0.46587313985504586,0.0,0.0,-0.00025261974703264125,0.0
56.225,malecns_connected,0.0,0.46587103469048724,0.0,0.0,-0.00025261974703264125,0.0
56.233333333333334,malecns_connected,0.0,0.4658689295259286,0.0,0.0,-0.00025261974703264125,0.0
56.24166666666667,malecns_connected,0.0,0.46586682436137,0.0,0.0,-0.00025261974703264125,0.0
56.25,malecns_connected,0.0,0.4658647191968114,0.0,0.0,-0.00025261974703264125,0.0
56.25833333333333,malecns_connected,0.0,0.46586261403225276,0.0,0.0,-0.00025261974703264125,0.0
56.266666666666666,malecns_connected,0.0,0.46586050886769415,0.0,0.0,-0.00025261974703264125,0.0
56.275,malecns_connected,0.0,0.4658584037031355,0.0,0.0,-0.00025261974703264125,0.0
56.28333333333333,malecns_connected,0.0,0.4658562985385769,0.0,0.0,-0.00025261974703264125,0.0
56.291666666666664,malecns_connected,0.0,0.4658541933740183,0.0,0.0,-0.00025261974703264125,0.0
56.3,malecns_connected,0.0,0.46585208820945967,0.0,0.0,-0.00025261974703264125,0.0
56.30833333333333,malecns_connected,0.0,0.46584998304490105,0.0,0.0,-0.00025261974703264125,0.0
56.31666666666666,malecns_connected,0.0,0.46584787788034243,0.0,0.0,-0.00025261974703264125,0.0
56.324999999999996,malecns_connected,0.0,0.4658457727157838,0.0,0.0,-0.00025261974703264125,0.0
56.333333333333336,malecns_connected,0.0,0.4658436675512252,0.0,0.0,-0.00025261974703264125,0.0
56.34166666666667,malecns_connected,0.0,0.4658415623866666,0.0,0.0,-0.00025261974703264125,0.0
56.35,malecns_connected,0.0,0.46583945722210796,0.0,0.0,-0.00025261974703264125,0.0
56.358333333333334,malecns_connected,0.0,0.46583735205754934,0.0,0.0,-0.00025261974703264125,0.0
56.36666666666667,malecns_connected,0.0,0.4658352468929907,0.0,0.0,-0.00025261974703264125,0.0
56.375,malecns_connected,0.0,0.4658331417284321,0.0,0.0,-0.00025261974703264125,0.0
56.38333333333333,malecns_connected,0.0,0.4658310365638735,0.0,0.0,-0.00025261974703264125,0.0
56.391666666666666,malecns_connected,0.0,0.46582893139931486,0.0,0.0,-0.00025261974703264125,0.0
56.4,malecns_connected,0.0,0.46582682623475624,0.0,0.0,-0.00025261974703264125,0.0
56.40833333333333,malecns_connected,0.0,0.4658247210701976,0.0,0.0,-0.00025261974703264125,0.0
56.416666666666664,malecns_connected,0.0,0.465822615905639,0.0,0.0,-0.00025261974703264125,0.0
56.425,malecns_connected,0.0,0.4658205107410804,0.0,0.0,-0.00025261974703264125,0.0
56.43333333333333,malecns_connected,0.0,0.46581840557652177,0.0,0.0,-0.00025261974703264125,0.0
56.44166666666666,malecns_connected,0.0,0.46581630041196315,0.0,0.0,-0.00025261974703264125,0.0
56.449999999999996,malecns_connected,0.0,0.4658141952474045,0.0,0.0,-0.00025261974703264125,0.0
56.458333333333336,malecns_connected,0.0,0.4658120900828459,0.0,0.0,-0.00025261974703264125,0.0
56.46666666666667,malecns_connected,0.0,0.4658099849182873,0.0,0.0,-0.00025261974703264125,0.0
56.475,malecns_connected,0.0,0.46580787975372867,0.0,0.0,-0.00025261974703264125,0.0
56.483333333333334,malecns_connected,0.0,0.46580577458917005,0.0,0.0,-0.00025261974703264125,0.0
56.49166666666667,malecns_connected,0.0,0.46580366942461143,0.0,0.0,-0.00025261974703264125,0.0
56.5,malecns_connected,0.0,0.4658015642600528,0.0,0.0,-0.00025261974703264125,0.0
56.50833333333333,malecns_connected,0.0,0.4657994590954942,0.0,0.0,-0.00025261974703264125,0.0
56.516666666666666,malecns_connected,0.0,0.4657973539309356,0.0,0.0,-0.00025261974703264125,0.0
56.525,malecns_connected,0.0,0.46579524876637696,0.0,0.0,-0.00025261974703264125,0.0
56.53333333333333,malecns_connected,0.0,0.46579314360181834,0.0,0.0,-0.00025261974703264125,0.0
56.541666666666664,malecns_connected,0.0,0.4657910384372597,0.0,0.0,-0.00025261974703264125,0.0
56.55,malecns_connected,0.0,0.4657889332727011,0.0,0.0,-0.00025261974703264125,0.0
56.55833333333333,malecns_connected,0.0,0.4657868281081425,0.0,0.0,-0.00025261974703264125,0.0
56.56666666666666,malecns_connected,0.0,0.46578472294358386,0.0,0.0,-0.00025261974703264125,0.0
56.574999999999996,malecns_connected,0.0,0.46578261777902524,0.0,0.0,-0.00025261974703264125,0.0
56.583333333333336,malecns_connected,0.0,0.4657805126144666,0.0,0.0,-0.00025261974703264125,0.0
56.59166666666667,malecns_connected,0.0,0.465778407449908,0.0,0.0,-0.00025261974703264125,0.0
56.6,malecns_connected,0.0,0.4657763022853494,0.0,0.0,-0.00025261974703264125,0.0
56.608333333333334,malecns_connected,0.0,0.46577419712079077,0.0,0.0,-0.00025261974703264125,0.0
56.61666666666667,malecns_connected,0.0,0.46577209195623215,0.0,0.0,-0.00025261974703264125,0.0
56.625,malecns_connected,0.0,0.46576998679167353,0.0,0.0,-0.00025261974703264125,0.0
56.63333333333333,malecns_connected,0.0,0.4657678816271149,0.0,0.0,-0.00025261974703264125,0.0
56.641666666666666,malecns_connected,0.0,0.4657657764625563,0.0,0.0,-0.00025261974703264125,0.0
56.65,malecns_connected,0.0,0.4657636712979977,0.0,0.0,-0.00025261974703264125,0.0
56.65833333333333,malecns_connected,0.0,0.46576156613343905,0.0,0.0,-0.00025261974703264125,0.0
56.666666666666664,malecns_connected,0.0,0.46575946096888043,0.0,0.0,-0.00025261974703264125,0.0
56.675,malecns_connected,0.0,0.4657573558043218,0.0,0.0,-0.00025261974703264125,0.0
56.68333333333333,malecns_connected,0.0,0.4657552506397632,0.0,0.0,-0.00025261974703264125,0.0
56.69166666666666,malecns_connected,0.0,0.4657531454752046,0.0,0.0,-0.00025261974703264125,0.0
56.699999999999996,malecns_connected,0.0,0.46575104031064596,0.0,0.0,-0.00025261974703264125,0.0
56.708333333333336,malecns_connected,0.0,0.46574893514608734,0.0,0.0,-0.00025261974703264125,0.0
56.71666666666667,malecns_connected,0.0,0.4657468299815287,0.0,0.0,-0.00025261974703264125,0.0
56.725,malecns_connected,0.0,0.4657447248169701,0.0,0.0,-0.00025261974703264125,0.0
56.733333333333334,malecns_connected,0.0,0.4657426196524115,0.0,0.0,-0.00025261974703264125,0.0
56.74166666666667,malecns_connected,0.0,0.46574051448785286,0.0,0.0,-0.00025261974703264125,0.0
56.75,malecns_connected,0.0,0.46573840932329424,0.0,0.0,-0.00025261974703264125,0.0
56.75833333333333,malecns_connected,0.0,0.4657363041587356,0.0,0.0,-0.00025261974703264125,0.0
56.766666666666666,malecns_connected,0.0,0.465734198994177,0.0,0.0,-0.00025261974703264125,0.0
56.775,malecns_connected,0.0,0.4657320938296184,0.0,0.0,-0.00025261974703264125,0.0
56.78333333333333,malecns_connected,0.0,0.46572998866505977,0.0,0.0,-0.00025261974703264125,0.0
56.791666666666664,malecns_connected,0.0,0.46572788350050115,0.0,0.0,-0.00025261974703264125,0.0
56.8,malecns_connected,0.0,0.46572577833594253,0.0,0.0,-0.00025261974703264125,0.0
56.80833333333333,malecns_connected,0.0,0.4657236731713839,0.0,0.0,-0.00025261974703264125,0.0
56.81666666666666,malecns_connected,0.0,0.4657215680068253,0.0,0.0,-0.00025261974703264125,0.0
56.824999999999996,malecns_connected,0.0,0.4657194628422667,0.0,0.0,-0.00025261974703264125,0.0
56.833333333333336,malecns_connected,0.0,0.46571735767770805,0.0,0.0,-0.00025261974703264125,0.0
56.84166666666667,malecns_connected,0.0,0.46571525251314944,0.0,0.0,-0.00025261974703264125,0.0
56.85,malecns_connected,0.0,0.4657131473485908,0.0,0.0,-0.00025261974703264125,0.0
56.858333333333334,malecns_connected,0.0,0.4657110421840322,0.0,0.0,-0.00025261974703264125,0.0
56.86666666666667,malecns_connected,0.0,0.4657089370194736,0.0,0.0,-0.00025261974703264125,0.0
56.875,malecns_connected,0.0,0.46570683185491496,0.0,0.0,-0.00025261974703264125,0.0
56.88333333333333,malecns_connected,0.0,0.46570472669035634,0.0,0.0,-0.00025261974703264125,0.0
56.891666666666666,malecns_connected,0.0,0.4657026215257977,0.0,0.0,-0.00025261974703264125,0.0
56.9,malecns_connected,0.0,0.4657005163612391,0.0,0.0,-0.00025261974703264125,0.0
56.90833333333333,malecns_connected,0.0,0.4656984111966805,0.0,0.0,-0.00025261974703264125,0.0
56.916666666666664,malecns_connected,0.0,0.46569630603212187,0.0,0.0,-0.00025261974703264125,0.0
56.925,malecns_connected,0.0,0.46569420086756325,0.0,0.0,-0.00025261974703264125,0.0
56.93333333333333,malecns_connected,0.0,0.4656920957030046,0.0,0.0,-0.00025261974703264125,0.0
56.94166666666666,malecns_connected,0.0,0.465689990538446,0.0,0.0,-0.00025261974703264125,0.0
56.949999999999996,malecns_connected,0.0,0.4656878853738874,0.0,0.0,-0.00025261974703264125,0.0
56.958333333333336,malecns_connected,0.0,0.46568578020932877,0.0,0.0,-0.00025261974703264125,0.0
56.96666666666667,malecns_connected,0.0,0.46568367504477015,0.0,0.0,-0.00025261974703264125,0.0
56.975,malecns_connected,0.0,0.46568156988021153,0.0,0.0,-0.00025261974703264125,0.0
56.983333333333334,malecns_connected,0.0,0.4656794647156529,0.0,0.0,-0.00025261974703264125,0.0
56.99166666666667,malecns_connected,0.0,0.4656773595510943,0.0,0.0,-0.00025261974703264125,0.0
57.0,malecns_connected,0.0,0.4656752543865357,0.0,0.0,-0.00025261974703264125,0.0
57.00833333333333,malecns_connected,0.0,0.46567314922197706,0.0,0.0,-0.00025261974703264125,0.0
57.016666666666666,malecns_connected,0.0,0.46567104405741844,0.0,0.0,-0.00025261974703264125,0.0
57.025,malecns_connected,0.0,0.4656689388928598,0.0,0.0,-0.00025261974703264125,0.0
57.03333333333333,malecns_connected,0.0,0.4656668337283012,0.0,0.0,-0.00025261974703264125,0.0
57.041666666666664,malecns_connected,0.0,0.4656647285637426,0.0,0.0,-0.00025261974703264125,0.0
57.05,malecns_connected,0.0,0.46566262339918396,0.0,0.0,-0.00025261974703264125,0.0
57.05833333333333,malecns_connected,0.0,0.46566051823462534,0.0,0.0,-0.00025261974703264125,0.0
57.06666666666666,malecns_connected,0.0,0.4656584130700667,0.0,0.0,-0.00025261974703264125,0.0
57.074999999999996,malecns_connected,0.0,0.4656563079055081,0.0,0.0,-0.00025261974703264125,0.0
57.083333333333336,malecns_connected,0.0,0.4656542027409495,0.0,0.0,-0.00025261974703264125,0.0
57.09166666666667,malecns_connected,0.0,0.46565209757639087,0.0,0.0,-0.00025261974703264125,0.0
57.1,malecns_connected,0.0,0.46564999241183225,0.0,0.0,-0.00025261974703264125,0.0
57.108333333333334,malecns_connected,0.0,0.46564788724727363,0.0,0.0,-0.00025261974703264125,0.0
57.11666666666667,malecns_connected,0.0,0.465645782082715,0.0,0.0,-0.00025261974703264125,0.0
57.125,malecns_connected,0.0,0.4656436769181564,0.0,0.0,-0.00025261974703264125,0.0
57.13333333333333,malecns_connected,0.0,0.46564157175359777,0.0,0.0,-0.00025261974703264125,0.0
57.141666666666666,malecns_connected,0.0,0.46563946658903915,0.0,0.0,-0.00025261974703264125,0.0
57.15,malecns_connected,0.0,0.46563736142448053,0.0,0.0,-0.00025261974703264125,0.0
57.15833333333333,malecns_connected,0.0,0.4656352562599219,0.0,0.0,-0.00025261974703264125,0.0
57.166666666666664,malecns_connected,0.0,0.4656331510953633,0.0,0.0,-0.00025261974703264125,0.0
57.175,malecns_connected,0.0,0.4656310459308047,0.0,0.0,-0.00025261974703264125,0.0
57.18333333333333,malecns_connected,0.0,0.46562894076624606,0.0,0.0,-0.00025261974703264125,0.0
57.19166666666666,malecns_connected,0.0,0.46562683560168744,0.0,0.0,-0.00025261974703264125,0.0
57.199999999999996,malecns_connected,0.0,0.4656247304371288,0.0,0.0,-0.00025261974703264125,0.0
57.208333333333336,malecns_connected,0.0,0.4656226252725702,0.0,0.0,-0.00025261974703264125,0.0
57.21666666666667,malecns_connected,0.0,0.4656205201080116,0.0,0.0,-0.00025261974703264125,0.0
57.225,malecns_connected,0.0,0.46561841494345296,0.0,0.0,-0.00025261974703264125,0.0
57.233333333333334,malecns_connected,0.0,0.46561630977889434,0.0,0.0,-0.00025261974703264125,0.0
57.24166666666667,malecns_connected,0.0,0.4656142046143357,0.0,0.0,-0.00025261974703264125,0.0
57.25,malecns_connected,0.0,0.4656120994497771,0.0,0.0,-0.00025261974703264125,0.0
57.25833333333333,malecns_connected,0.0,0.4656099942852185,0.0,0.0,-0.00025261974703264125,0.0
57.266666666666666,malecns_connected,0.0,0.46560788912065987,0.0,0.0,-0.00025261974703264125,0.0
57.275,malecns_connected,0.0,0.46560578395610125,0.0,0.0,-0.00025261974703264125,0.0
57.28333333333333,malecns_connected,0.0,0.46560367879154263,0.0,0.0,-0.00025261974703264125,0.0
57.291666666666664,malecns_connected,0.0,0.465601573626984,0.0,0.0,-0.00025261974703264125,0.0
57.3,malecns_connected,0.0,0.4655994684624254,0.0,0.0,-0.00025261974703264125,0.0
57.30833333333333,malecns_connected,0.0,0.4655973632978668,0.0,0.0,-0.00025261974703264125,0.0
57.31666666666666,malecns_connected,0.0,0.46559525813330815,0.0,0.0,-0.00025261974703264125,0.0
57.324999999999996,malecns_connected,0.0,0.46559315296874954,0.0,0.0,-0.00025261974703264125,0.0
57.333333333333336,malecns_connected,0.0,0.4655910478041909,0.0,0.0,-0.00025261974703264125,0.0
57.34166666666667,malecns_connected,0.0,0.4655889426396323,0.0,0.0,-0.00025261974703264125,0.0
57.35,malecns_connected,0.0,0.4655868374750737,0.0,0.0,-0.00025261974703264125,0.0
57.358333333333334,malecns_connected,0.0,0.46558473231051506,0.0,0.0,-0.00025261974703264125,0.0
57.36666666666667,malecns_connected,0.0,0.46558262714595644,0.0,0.0,-0.00025261974703264125,0.0
57.375,malecns_connected,0.0,0.4655805219813978,0.0,0.0,-0.00025261974703264125,0.0
57.38333333333333,malecns_connected,0.0,0.4655784168168392,0.0,0.0,-0.00025261974703264125,0.0
57.391666666666666,malecns_connected,0.0,0.4655763116522806,0.0,0.0,-0.00025261974703264125,0.0
57.4,malecns_connected,0.0,0.46557420648772196,0.0,0.0,-0.00025261974703264125,0.0
57.40833333333333,malecns_connected,0.0,0.46557210132316335,0.0,0.0,-0.00025261974703264125,0.0
57.416666666666664,malecns_connected,0.0,0.4655699961586047,0.0,0.0,-0.00025261974703264125,0.0
57.425,malecns_connected,0.0,0.4655678909940461,0.0,0.0,-0.00025261974703264125,0.0
57.43333333333333,malecns_connected,0.0,0.4655657858294875,0.0,0.0,-0.00025261974703264125,0.0
57.44166666666666,malecns_connected,0.0,0.46556368066492887,0.0,0.0,-0.00025261974703264125,0.0
57.449999999999996,malecns_connected,0.0,0.46556157550037025,0.0,0.0,-0.00025261974703264125,0.0
57.458333333333336,malecns_connected,0.0,0.46555947033581163,0.0,0.0,-0.00025261974703264125,0.0
57.46666666666667,malecns_connected,0.0,0.465557365171253,0.0,0.0,-0.00025261974703264125,0.0
57.475,malecns_connected,0.0,0.4655552600066944,0.0,0.0,-0.00025261974703264125,0.0
57.483333333333334,malecns_connected,0.0,0.4655531548421358,0.0,0.0,-0.00025261974703264125,0.0
57.49166666666667,malecns_connected,0.0,0.46555104967757716,0.0,0.0,-0.00025261974703264125,0.0
57.5,malecns_connected,0.0,0.46554894451301854,0.0,0.0,-0.00025261974703264125,0.0
57.50833333333333,malecns_connected,0.0,0.4655468393484599,0.0,0.0,-0.00025261974703264125,0.0
57.516666666666666,malecns_connected,0.0,0.4655447341839013,0.0,0.0,-0.00025261974703264125,0.0
57.525,malecns_connected,0.0,0.4655426290193427,0.0,0.0,-0.00025261974703264125,0.0
57.53333333333333,malecns_connected,0.0,0.46554052385478406,0.0,0.0,-0.00025261974703264125,0.0
57.541666666666664,malecns_connected,0.0,0.46553841869022544,0.0,0.0,-0.00025261974703264125,0.0
57.55,malecns_connected,0.0,0.4655363135256668,0.0,0.0,-0.00025261974703264125,0.0
57.55833333333333,malecns_connected,0.0,0.4655342083611082,0.0,0.0,-0.00025261974703264125,0.0
57.56666666666666,malecns_connected,0.0,0.4655321031965496,0.0,0.0,-0.00025261974703264125,0.0
57.574999999999996,malecns_connected,0.0,0.46552999803199097,0.0,0.0,-0.00025261974703264125,0.0
57.583333333333336,malecns_connected,0.0,0.46552789286743235,0.0,0.0,-0.00025261974703264125,0.0
57.59166666666667,malecns_connected,0.0,0.46552578770287373,0.0,0.0,-0.00025261974703264125,0.0
57.6,malecns_connected,0.0,0.4655236825383151,0.0,0.0,-0.00025261974703264125,0.0
57.608333333333334,malecns_connected,0.0,0.4655215773737565,0.0,0.0,-0.00025261974703264125,0.0
57.61666666666667,malecns_connected,0.0,0.46551947220919787,0.0,0.0,-0.00025261974703264125,0.0
57.625,malecns_connected,0.0,0.46551736704463925,0.0,0.0,-0.00025261974703264125,0.0
57.63333333333333,malecns_connected,0.0,0.46551526188008063,0.0,0.0,-0.00025261974703264125,0.0
57.641666666666666,malecns_connected,0.0,0.465513156715522,0.0,0.0,-0.00025261974703264125,0.0
57.65,malecns_connected,0.0,0.4655110515509634,0.0,0.0,-0.00025261974703264125,0.0
57.65833333333333,malecns_connected,0.0,0.4655089463864048,0.0,0.0,-0.00025261974703264125,0.0
57.666666666666664,malecns_connected,0.0,0.46550684122184616,0.0,0.0,-0.00025261974703264125,0.0
57.675,malecns_connected,0.0,0.46550473605728754,0.0,0.0,-0.00025261974703264125,0.0
57.68333333333333,malecns_connected,0.0,0.4655026308927289,0.0,0.0,-0.00025261974703264125,0.0
57.69166666666666,malecns_connected,0.0,0.4655005257281703,0.0,0.0,-0.00025261974703264125,0.0
57.699999999999996,malecns_connected,0.0,0.4654984205636117,0.0,0.0,-0.00025261974703264125,0.0
57.708333333333336,malecns_connected,0.0,0.46549631539905306,0.0,0.0,-0.00025261974703264125,0.0
57.71666666666667,malecns_connected,0.0,0.46549421023449444,0.0,0.0,-0.00025261974703264125,0.0
57.725,malecns_connected,0.0,0.4654921050699358,0.0,0.0,-0.00025261974703264125,0.0
57.733333333333334,malecns_connected,0.0,0.4654899999053772,0.0,0.0,-0.00025261974703264125,0.0
57.74166666666667,malecns_connected,0.0,0.4654878947408186,0.0,0.0,-0.00025261974703264125,0.0
57.75,malecns_connected,0.0,0.46548578957625997,0.0,0.0,-0.00025261974703264125,0.0
57.75833333333333,malecns_connected,0.0,0.46548368441170135,0.0,0.0,-0.00025261974703264125,0.0
57.766666666666666,malecns_connected,0.0,0.46548157924714273,0.0,0.0,-0.00025261974703264125,0.0
57.775,malecns_connected,0.0,0.4654794740825841,0.0,0.0,-0.00025261974703264125,0.0
57.78333333333333,malecns_connected,0.0,0.4654773689180255,0.0,0.0,-0.00025261974703264125,0.0
57.791666666666664,malecns_connected,0.0,0.4654752637534669,0.0,0.0,-0.00025261974703264125,0.0
57.8,malecns_connected,0.0,0.46547315858890825,0.0,0.0,-0.00025261974703264125,0.0
57.80833333333333,malecns_connected,0.0,0.46547105342434963,0.0,0.0,-0.00025261974703264125,0.0
57.81666666666666,malecns_connected,0.0,0.465468948259791,0.0,0.0,-0.00025261974703264125,0.0
57.824999999999996,malecns_connected,0.0,0.4654668430952324,0.0,0.0,-0.00025261974703264125,0.0
57.833333333333336,malecns_connected,0.0,0.4654647379306738,0.0,0.0,-0.00025261974703264125,0.0
57.84166666666667,malecns_connected,0.0,0.46546263276611516,0.0,0.0,-0.00025261974703264125,0.0
57.85,malecns_connected,0.0,0.46546052760155654,0.0,0.0,-0.00025261974703264125,0.0
57.858333333333334,malecns_connected,0.0,0.4654584224369979,0.0,0.0,-0.00025261974703264125,0.0
57.86666666666667,malecns_connected,0.0,0.4654563172724393,0.0,0.0,-0.00025261974703264125,0.0
57.875,malecns_connected,0.0,0.4654542121078807,0.0,0.0,-0.00025261974703264125,0.0
57.88333333333333,malecns_connected,0.0,0.46545210694332206,0.0,0.0,-0.00025261974703264125,0.0
57.891666666666666,malecns_connected,0.0,0.46545000177876344,0.0,0.0,-0.00025261974703264125,0.0
57.9,malecns_connected,0.0,0.4654478966142048,0.0,0.0,-0.00025261974703264125,0.0
57.90833333333333,malecns_connected,0.0,0.4654457914496462,0.0,0.0,-0.00025261974703264125,0.0
57.916666666666664,malecns_connected,0.0,0.4654436862850876,0.0,0.0,-0.00025261974703264125,0.0
57.925,malecns_connected,0.0,0.46544158112052897,0.0,0.0,-0.00025261974703264125,0.0
57.93333333333333,malecns_connected,0.0,0.46543947595597035,0.0,0.0,-0.00025261974703264125,0.0
57.94166666666666,malecns_connected,0.0,0.46543737079141173,0.0,0.0,-0.00025261974703264125,0.0
57.949999999999996,malecns_connected,0.0,0.4654352656268531,0.0,0.0,-0.00025261974703264125,0.0
57.958333333333336,malecns_connected,0.0,0.4654331604622945,0.0,0.0,-0.00025261974703264125,0.0
57.96666666666667,malecns_connected,0.0,0.4654310552977359,0.0,0.0,-0.00025261974703264125,0.0
57.975,malecns_connected,0.0,0.46542895013317725,0.0,0.0,-0.00025261974703264125,0.0
57.983333333333334,malecns_connected,0.0,0.46542684496861864,0.0,0.0,-0.00025261974703264125,0.0
57.99166666666667,malecns_connected,0.0,0.46542473980406,0.0,0.0,-0.00025261974703264125,0.0
58.0,malecns_connected,0.0,0.4654226346395014,0.0,0.0,-0.00025261974703264125,0.0
58.00833333333333,malecns_connected,0.0,0.4654205294749428,0.0,0.0,-0.00025261974703264125,0.0
58.016666666666666,malecns_connected,0.0,0.46541842431038416,0.0,0.0,-0.00025261974703264125,0.0
58.025,malecns_connected,0.0,0.46541631914582554,0.0,0.0,-0.00025261974703264125,0.0
58.03333333333333,malecns_connected,0.0,0.4654142139812669,0.0,0.0,-0.00025261974703264125,0.0
58.041666666666664,malecns_connected,0.0,0.4654121088167083,0.0,0.0,-0.00025261974703264125,0.0
58.05,malecns_connected,0.0,0.4654100036521497,0.0,0.0,-0.00025261974703264125,0.0
58.05833333333333,malecns_connected,0.0,0.46540789848759107,0.0,0.0,-0.00025261974703264125,0.0
58.06666666666666,malecns_connected,0.0,0.46540579332303245,0.0,0.0,-0.00025261974703264125,0.0
58.074999999999996,malecns_connected,0.0,0.4654036881584738,0.0,0.0,-0.00025261974703264125,0.0
58.083333333333336,malecns_connected,0.0,0.4654015829939152,0.0,0.0,-0.00025261974703264125,0.0
58.09166666666667,malecns_connected,0.0,0.4653994778293566,0.0,0.0,-0.00025261974703264125,0.0
58.1,malecns_connected,0.0,0.46539737266479797,0.0,0.0,-0.00025261974703264125,0.0
58.108333333333334,malecns_connected,0.0,0.46539526750023935,0.0,0.0,-0.00025261974703264125,0.0
58.11666666666667,malecns_connected,0.0,0.46539316233568073,0.0,0.0,-0.00025261974703264125,0.0
58.125,malecns_connected,0.0,0.4653910571711221,0.0,0.0,-0.00025261974703264125,0.0
58.13333333333333,malecns_connected,0.0,0.4653889520065635,0.0,0.0,-0.00025261974703264125,0.0
58.141666666666666,malecns_connected,0.0,0.4653868468420049,0.0,0.0,-0.00025261974703264125,0.0
58.15,malecns_connected,0.0,0.46538474167744626,0.0,0.0,-0.00025261974703264125,0.0
58.15833333333333,malecns_connected,0.0,0.46538263651288764,0.0,0.0,-0.00025261974703264125,0.0
58.166666666666664,malecns_connected,0.0,0.465380531348329,0.0,0.0,-0.00025261974703264125,0.0
58.175,malecns_connected,0.0,0.4653784261837704,0.0,0.0,-0.00025261974703264125,0.0
58.18333333333333,malecns_connected,0.0,0.4653763210192118,0.0,0.0,-0.00025261974703264125,0.0
58.19166666666666,malecns_connected,0.0,0.46537421585465316,0.0,0.0,-0.00025261974703264125,0.0
58.199999999999996,malecns_connected,0.0,0.46537211069009454,0.0,0.0,-0.00025261974703264125,0.0
58.208333333333336,malecns_connected,0.0,0.4653700055255359,0.0,0.0,-0.00025261974703264125,0.0
58.21666666666667,malecns_connected,0.0,0.4653679003609773,0.0,0.0,-0.00025261974703264125,0.0
58.225,malecns_connected,0.0,0.4653657951964187,0.0,0.0,-0.00025261974703264125,0.0
58.233333333333334,malecns_connected,0.0,0.46536369003186007,0.0,0.0,-0.00025261974703264125,0.0
58.24166666666667,malecns_connected,0.0,0.46536158486730145,0.0,0.0,-0.00025261974703264125,0.0
58.25,malecns_connected,0.0,0.46535947970274283,0.0,0.0,-0.00025261974703264125,0.0
58.25833333333333,malecns_connected,0.0,0.4653573745381842,0.0,0.0,-0.00025261974703264125,0.0
58.266666666666666,malecns_connected,0.0,0.4653552693736256,0.0,0.0,-0.00025261974703264125,0.0
58.275,malecns_connected,0.0,0.46535316420906697,0.0,0.0,-0.00025261974703264125,0.0
58.28333333333333,malecns_connected,0.0,0.46535105904450835,0.0,0.0,-0.00025261974703264125,0.0
58.291666666666664,malecns_connected,0.0,0.46534895387994973,0.0,0.0,-0.00025261974703264125,0.0
58.3,malecns_connected,0.0,0.4653468487153911,0.0,0.0,-0.00025261974703264125,0.0
58.30833333333333,malecns_connected,0.0,0.4653447435508325,0.0,0.0,-0.00025261974703264125,0.0
58.31666666666666,malecns_connected,0.0,0.4653426383862739,0.0,0.0,-0.00025261974703264125,0.0
58.324999999999996,malecns_connected,0.0,0.46534053322171526,0.0,0.0,-0.00025261974703264125,0.0
58.333333333333336,malecns_connected,0.0,0.46533842805715664,0.0,0.0,-0.00025261974703264125,0.0
58.34166666666667,malecns_connected,0.0,0.465336322892598,0.0,0.0,-0.00025261974703264125,0.0
58.35,malecns_connected,0.0,0.4653342177280394,0.0,0.0,-0.00025261974703264125,0.0
58.358333333333334,malecns_connected,0.0,0.4653321125634808,0.0,0.0,-0.00025261974703264125,0.0
58.36666666666667,malecns_connected,0.0,0.46533000739892216,0.0,0.0,-0.00025261974703264125,0.0
58.375,malecns_connected,0.0,0.46532790223436354,0.0,0.0,-0.00025261974703264125,0.0
58.38333333333333,malecns_connected,0.0,0.4653257970698049,0.0,0.0,-0.00025261974703264125,0.0
58.391666666666666,malecns_connected,0.0,0.4653236919052463,0.0,0.0,-0.00025261974703264125,0.0
58.4,malecns_connected,0.0,0.4653215867406877,0.0,0.0,-0.00025261974703264125,0.0
58.40833333333333,malecns_connected,0.0,0.46531948157612907,0.0,0.0,-0.00025261974703264125,0.0
58.416666666666664,malecns_connected,0.0,0.46531737641157045,0.0,0.0,-0.00025261974703264125,0.0
58.425,malecns_connected,0.0,0.46531527124701183,0.0,0.0,-0.00025261974703264125,0.0
58.43333333333333,malecns_connected,0.0,0.4653131660824532,0.0,0.0,-0.00025261974703264125,0.0
58.44166666666666,malecns_connected,0.0,0.4653110609178946,0.0,0.0,-0.00025261974703264125,0.0
58.449999999999996,malecns_connected,0.0,0.465308955753336,0.0,0.0,-0.00025261974703264125,0.0
58.458333333333336,malecns_connected,0.0,0.46530685058877735,0.0,0.0,-0.00025261974703264125,0.0
58.46666666666667,malecns_connected,0.0,0.46530474542421874,0.0,0.0,-0.00025261974703264125,0.0
58.475,malecns_connected,0.0,0.4653026402596601,0.0,0.0,-0.00025261974703264125,0.0
58.483333333333334,malecns_connected,0.0,0.4653005350951015,0.0,0.0,-0.00025261974703264125,0.0
58.49166666666667,malecns_connected,0.0,0.4652984299305429,0.0,0.0,-0.00025261974703264125,0.0
58.5,malecns_connected,0.0,0.46529632476598426,0.0,0.0,-0.00025261974703264125,0.0
58.50833333333333,malecns_connected,0.0,0.46529421960142564,0.0,0.0,-0.00025261974703264125,0.0
58.516666666666666,malecns_connected,0.0,0.465292114436867,0.0,0.0,-0.00025261974703264125,0.0
58.525,malecns_connected,0.0,0.4652900092723084,0.0,0.0,-0.00025261974703264125,0.0
58.53333333333333,malecns_connected,0.0,0.4652879041077498,0.0,0.0,-0.00025261974703264125,0.0
58.541666666666664,malecns_connected,0.0,0.46528579894319116,0.0,0.0,-0.00025261974703264125,0.0
58.55,malecns_connected,0.0,0.46528369377863255,0.0,0.0,-0.00025261974703264125,0.0
58.55833333333333,malecns_connected,0.0,0.4652815886140739,0.0,0.0,-0.00025261974703264125,0.0
58.56666666666666,malecns_connected,0.0,0.4652794834495153,0.0,0.0,-0.00025261974703264125,0.0
58.574999999999996,malecns_connected,0.0,0.4652773782849567,0.0,0.0,-0.00025261974703264125,0.0
58.583333333333336,malecns_connected,0.0,0.46527527312039807,0.0,0.0,-0.00025261974703264125,0.0
58.59166666666667,malecns_connected,0.0,0.46527316795583945,0.0,0.0,-0.00025261974703264125,0.0
58.6,malecns_connected,0.0,0.46527106279128083,0.0,0.0,-0.00025261974703264125,0.0
58.608333333333334,malecns_connected,0.0,0.4652689576267222,0.0,0.0,-0.00025261974703264125,0.0
58.61666666666667,malecns_connected,0.0,0.4652668524621636,0.0,0.0,-0.00025261974703264125,0.0
58.625,malecns_connected,0.0,0.465264747297605,0.0,0.0,-0.00025261974703264125,0.0
58.63333333333333,malecns_connected,0.0,0.46526264213304636,0.0,0.0,-0.00025261974703264125,0.0
58.641666666666666,malecns_connected,0.0,0.46526053696848774,0.0,0.0,-0.00025261974703264125,0.0
58.65,malecns_connected,0.0,0.4652584318039291,0.0,0.0,-0.00025261974703264125,0.0
58.65833333333333,malecns_connected,0.0,0.4652563266393705,0.0,0.0,-0.00025261974703264125,0.0
58.666666666666664,malecns_connected,0.0,0.4652542214748119,0.0,0.0,-0.00025261974703264125,0.0
58.675,malecns_connected,0.0,0.46525211631025326,0.0,0.0,-0.00025261974703264125,0.0
58.68333333333333,malecns_connected,0.0,0.46525001114569464,0.0,0.0,-0.00025261974703264125,0.0
58.69166666666666,malecns_connected,0.0,0.465247905981136,0.0,0.0,-0.00025261974703264125,0.0
58.699999999999996,malecns_connected,0.0,0.4652458008165774,0.0,0.0,-0.00025261974703264125,0.0
58.708333333333336,malecns_connected,0.0,0.4652436956520188,0.0,0.0,-0.00025261974703264125,0.0
58.71666666666667,malecns_connected,0.0,0.46524159048746017,0.0,0.0,-0.00025261974703264125,0.0
58.725,malecns_connected,0.0,0.46523948532290155,0.0,0.0,-0.00025261974703264125,0.0
58.733333333333334,malecns_connected,0.0,0.46523738015834293,0.0,0.0,-0.00025261974703264125,0.0
58.74166666666667,malecns_connected,0.0,0.4652352749937843,0.0,0.0,-0.00025261974703264125,0.0
58.75,malecns_connected,0.0,0.4652331698292257,0.0,0.0,-0.00025261974703264125,0.0
58.75833333333333,malecns_connected,0.0,0.46523106466466707,0.0,0.0,-0.00025261974703264125,0.0
58.766666666666666,malecns_connected,0.0,0.46522895950010845,0.0,0.0,-0.00025261974703264125,0.0
58.775,malecns_connected,0.0,0.46522685433554983,0.0,0.0,-0.00025261974703264125,0.0
58.78333333333333,malecns_connected,0.0,0.4652247491709912,0.0,0.0,-0.00025261974703264125,0.0
58.791666666666664,malecns_connected,0.0,0.4652226440064326,0.0,0.0,-0.00025261974703264125,0.0
58.8,malecns_connected,0.0,0.465220538841874,0.0,0.0,-0.00025261974703264125,0.0
58.80833333333333,malecns_connected,0.0,0.46521843367731536,0.0,0.0,-0.00025261974703264125,0.0
58.81666666666666,malecns_connected,0.0,0.46521632851275674,0.0,0.0,-0.00025261974703264125,0.0
58.824999999999996,malecns_connected,0.0,0.4652142233481981,0.0,0.0,-0.00025261974703264125,0.0
58.833333333333336,malecns_connected,0.0,0.4652121181836395,0.0,0.0,-0.00025261974703264125,0.0
58.84166666666667,malecns_connected,0.0,0.4652100130190809,0.0,0.0,-0.00025261974703264125,0.0
58.85,malecns_connected,0.0,0.46520790785452226,0.0,0.0,-0.00025261974703264125,0.0
58.858333333333334,malecns_connected,0.0,0.46520580268996364,0.0,0.0,-0.00025261974703264125,0.0
58.86666666666667,malecns_connected,0.0,0.465203697525405,0.0,0.0,-0.00025261974703264125,0.0
58.875,malecns_connected,0.0,0.4652015923608464,0.0,0.0,-0.00025261974703264125,0.0
58.88333333333333,malecns_connected,0.0,0.4651994871962878,0.0,0.0,-0.00025261974703264125,0.0
58.891666666666666,malecns_connected,0.0,0.46519738203172917,0.0,0.0,-0.00025261974703264125,0.0
58.9,malecns_connected,0.0,0.46519527686717055,0.0,0.0,-0.00025261974703264125,0.0
58.90833333333333,malecns_connected,0.0,0.46519317170261193,0.0,0.0,-0.00025261974703264125,0.0
58.916666666666664,malecns_connected,0.0,0.4651910665380533,0.0,0.0,-0.00025261974703264125,0.0
58.925,malecns_connected,0.0,0.4651889613734947,0.0,0.0,-0.00025261974703264125,0.0
58.93333333333333,malecns_connected,0.0,0.4651868562089361,0.0,0.0,-0.00025261974703264125,0.0
58.94166666666666,malecns_connected,0.0,0.46518475104437745,0.0,0.0,-0.00025261974703264125,0.0
58.949999999999996,malecns_connected,0.0,0.46518264587981883,0.0,0.0,-0.00025261974703264125,0.0
58.958333333333336,malecns_connected,0.0,0.4651805407152602,0.0,0.0,-0.00025261974703264125,0.0
58.96666666666667,malecns_connected,0.0,0.4651784355507016,0.0,0.0,-0.00025261974703264125,0.0
58.975,malecns_connected,0.0,0.465176330386143,0.0,0.0,-0.00025261974703264125,0.0
58.983333333333334,malecns_connected,0.0,0.46517422522158436,0.0,0.0,-0.00025261974703264125,0.0
58.99166666666667,malecns_connected,0.0,0.46517212005702574,0.0,0.0,-0.00025261974703264125,0.0
59.0,malecns_connected,0.0,0.4651700148924671,0.0,0.0,-0.00025261974703264125,0.0
59.00833333333333,malecns_connected,0.0,0.4651679097279085,0.0,0.0,-0.00025261974703264125,0.0
59.016666666666666,malecns_connected,0.0,0.4651658045633499,0.0,0.0,-0.00025261974703264125,0.0
59.025,malecns_connected,0.0,0.46516369939879126,0.0,0.0,-0.00025261974703264125,0.0
59.03333333333333,malecns_connected,0.0,0.46516159423423264,0.0,0.0,-0.00025261974703264125,0.0
59.041666666666664,malecns_connected,0.0,0.465159489069674,0.0,0.0,-0.00025261974703264125,0.0
59.05,malecns_connected,0.0,0.4651573839051154,0.0,0.0,-0.00025261974703264125,0.0
59.05833333333333,malecns_connected,0.0,0.4651552787405568,0.0,0.0,-0.00025261974703264125,0.0
59.06666666666666,malecns_connected,0.0,0.46515317357599817,0.0,0.0,-0.00025261974703264125,0.0
59.074999999999996,malecns_connected,0.0,0.46515106841143955,0.0,0.0,-0.00025261974703264125,0.0
59.083333333333336,malecns_connected,0.0,0.46514896324688093,0.0,0.0,-0.00025261974703264125,0.0
59.09166666666667,malecns_connected,0.0,0.4651468580823223,0.0,0.0,-0.00025261974703264125,0.0
59.1,malecns_connected,0.0,0.4651447529177637,0.0,0.0,-0.00025261974703264125,0.0
59.108333333333334,malecns_connected,0.0,0.4651426477532051,0.0,0.0,-0.00025261974703264125,0.0
59.11666666666667,malecns_connected,0.0,0.46514054258864646,0.0,0.0,-0.00025261974703264125,0.0
59.125,malecns_connected,0.0,0.46513843742408784,0.0,0.0,-0.00025261974703264125,0.0
59.13333333333333,malecns_connected,0.0,0.4651363322595292,0.0,0.0,-0.00025261974703264125,0.0
59.141666666666666,malecns_connected,0.0,0.4651342270949706,0.0,0.0,-0.00025261974703264125,0.0
59.15,malecns_connected,0.0,0.465132121930412,0.0,0.0,-0.00025261974703264125,0.0
59.15833333333333,malecns_connected,0.0,0.46513001676585336,0.0,0.0,-0.00025261974703264125,0.0
59.166666666666664,malecns_connected,0.0,0.46512791160129474,0.0,0.0,-0.00025261974703264125,0.0
59.175,malecns_connected,0.0,0.4651258064367361,0.0,0.0,-0.00025261974703264125,0.0
59.18333333333333,malecns_connected,0.0,0.4651237012721775,0.0,0.0,-0.00025261974703264125,0.0
59.19166666666666,malecns_connected,0.0,0.4651215961076189,0.0,0.0,-0.00025261974703264125,0.0
59.199999999999996,malecns_connected,0.0,0.46511949094306027,0.0,0.0,-0.00025261974703264125,0.0
59.208333333333336,malecns_connected,0.0,0.46511738577850165,0.0,0.0,-0.00025261974703264125,0.0
59.21666666666667,malecns_connected,0.0,0.465115280613943,0.0,0.0,-0.00025261974703264125,0.0
59.225,malecns_connected,0.0,0.4651131754493844,0.0,0.0,-0.00025261974703264125,0.0
59.233333333333334,malecns_connected,0.0,0.4651110702848258,0.0,0.0,-0.00025261974703264125,0.0
59.24166666666667,malecns_connected,0.0,0.46510896512026717,0.0,0.0,-0.00025261974703264125,0.0
59.25,malecns_connected,0.0,0.46510685995570855,0.0,0.0,-0.00025261974703264125,0.0
59.25833333333333,malecns_connected,0.0,0.46510475479114993,0.0,0.0,-0.00025261974703264125,0.0
59.266666666666666,malecns_connected,0.0,0.4651026496265913,0.0,0.0,-0.00025261974703264125,0.0
59.275,malecns_connected,0.0,0.4651005444620327,0.0,0.0,-0.00025261974703264125,0.0
59.28333333333333,malecns_connected,0.0,0.4650984392974741,0.0,0.0,-0.00025261974703264125,0.0
59.291666666666664,malecns_connected,0.0,0.46509633413291546,0.0,0.0,-0.00025261974703264125,0.0
59.3,malecns_connected,0.0,0.46509422896835684,0.0,0.0,-0.00025261974703264125,0.0
59.30833333333333,malecns_connected,0.0,0.4650921238037982,0.0,0.0,-0.00025261974703264125,0.0
59.31666666666666,malecns_connected,0.0,0.4650900186392396,0.0,0.0,-0.00025261974703264125,0.0
59.324999999999996,malecns_connected,0.0,0.465087913474681,0.0,0.0,-0.00025261974703264125,0.0
59.333333333333336,malecns_connected,0.0,0.46508580831012236,0.0,0.0,-0.00025261974703264125,0.0
59.34166666666667,malecns_connected,0.0,0.46508370314556374,0.0,0.0,-0.00025261974703264125,0.0
59.35,malecns_connected,0.0,0.4650815979810051,0.0,0.0,-0.00025261974703264125,0.0
59.358333333333334,malecns_connected,0.0,0.4650794928164465,0.0,0.0,-0.00025261974703264125,0.0
59.36666666666667,malecns_connected,0.0,0.4650773876518879,0.0,0.0,-0.00025261974703264125,0.0
59.375,malecns_connected,0.0,0.46507528248732927,0.0,0.0,-0.00025261974703264125,0.0
59.38333333333333,malecns_connected,0.0,0.46507317732277065,0.0,0.0,-0.00025261974703264125,0.0
59.391666666666666,malecns_connected,0.0,0.46507107215821203,0.0,0.0,-0.00025261974703264125,0.0
59.4,malecns_connected,0.0,0.4650689669936534,0.0,0.0,-0.00025261974703264125,0.0
59.40833333333333,malecns_connected,0.0,0.4650668618290948,0.0,0.0,-0.00025261974703264125,0.0
59.416666666666664,malecns_connected,0.0,0.46506475666453617,0.0,0.0,-0.00025261974703264125,0.0
59.425,malecns_connected,0.0,0.46506265149997755,0.0,0.0,-0.00025261974703264125,0.0
59.43333333333333,malecns_connected,0.0,0.46506054633541893,0.0,0.0,-0.00025261974703264125,0.0
59.44166666666666,malecns_connected,0.0,0.4650584411708603,0.0,0.0,-0.00025261974703264125,0.0
59.449999999999996,malecns_connected,0.0,0.4650563360063017,0.0,0.0,-0.00025261974703264125,0.0
59.458333333333336,malecns_connected,0.0,0.4650542308417431,0.0,0.0,-0.00025261974703264125,0.0
59.46666666666667,malecns_connected,0.0,0.46505212567718446,0.0,0.0,-0.00025261974703264125,0.0
59.475,malecns_connected,0.0,0.46505002051262584,0.0,0.0,-0.00025261974703264125,0.0
59.483333333333334,malecns_connected,0.0,0.4650479153480672,0.0,0.0,-0.00025261974703264125,0.0
59.49166666666667,malecns_connected,0.0,0.4650458101835086,0.0,0.0,-0.00025261974703264125,0.0
59.5,malecns_connected,0.0,0.46504370501895,0.0,0.0,-0.00025261974703264125,0.0
59.50833333333333,malecns_connected,0.0,0.46504159985439136,0.0,0.0,-0.00025261974703264125,0.0
59.516666666666666,malecns_connected,0.0,0.46503949468983274,0.0,0.0,-0.00025261974703264125,0.0
59.525,malecns_connected,0.0,0.4650373895252741,0.0,0.0,-0.00025261974703264125,0.0
59.53333333333333,malecns_connected,0.0,0.4650352843607155,0.0,0.0,-0.00025261974703264125,0.0
59.541666666666664,malecns_connected,0.0,0.4650331791961569,0.0,0.0,-0.00025261974703264125,0.0
59.55,malecns_connected,0.0,0.46503107403159827,0.0,0.0,-0.00025261974703264125,0.0
59.55833333333333,malecns_connected,0.0,0.46502896886703965,0.0,0.0,-0.00025261974703264125,0.0
59.56666666666666,malecns_connected,0.0,0.46502686370248103,0.0,0.0,-0.00025261974703264125,0.0
59.574999999999996,malecns_connected,0.0,0.4650247585379224,0.0,0.0,-0.00025261974703264125,0.0
59.583333333333336,malecns_connected,0.0,0.4650226533733638,0.0,0.0,-0.00025261974703264125,0.0
59.59166666666667,malecns_connected,0.0,0.4650205482088052,0.0,0.0,-0.00025261974703264125,0.0
59.6,malecns_connected,0.0,0.46501844304424655,0.0,0.0,-0.00025261974703264125,0.0
59.608333333333334,malecns_connected,0.0,0.46501633787968794,0.0,0.0,-0.00025261974703264125,0.0
59.61666666666667,malecns_connected,0.0,0.4650142327151293,0.0,0.0,-0.00025261974703264125,0.0
59.625,malecns_connected,0.0,0.4650121275505707,0.0,0.0,-0.00025261974703264125,0.0
59.63333333333333,malecns_connected,0.0,0.4650100223860121,0.0,0.0,-0.00025261974703264125,0.0
59.641666666666666,malecns_connected,0.0,0.46500791722145346,0.0,0.0,-0.00025261974703264125,0.0
59.65,malecns_connected,0.0,0.46500581205689484,0.0,0.0,-0.00025261974703264125,0.0
59.65833333333333,malecns_connected,0.0,0.4650037068923362,0.0,0.0,-0.00025261974703264125,0.0
59.666666666666664,malecns_connected,0.0,0.4650016017277776,0.0,0.0,-0.00025261974703264125,0.0
59.675,malecns_connected,0.0,0.464999496563219,0.0,0.0,-0.00025261974703264125,0.0
59.68333333333333,malecns_connected,0.0,0.46499739139866036,0.0,0.0,-0.00025261974703264125,0.0
59.69166666666666,malecns_connected,0.0,0.46499528623410175,0.0,0.0,-0.00025261974703264125,0.0
59.699999999999996,malecns_connected,0.0,0.4649931810695431,0.0,0.0,-0.00025261974703264125,0.0
59.708333333333336,malecns_connected,0.0,0.4649910759049845,0.0,0.0,-0.00025261974703264125,0.0
59.71666666666667,malecns_connected,0.0,0.4649889707404259,0.0,0.0,-0.00025261974703264125,0.0
59.725,malecns_connected,0.0,0.46498686557586727,0.0,0.0,-0.00025261974703264125,0.0
59.733333333333334,malecns_connected,0.0,0.46498476041130865,0.0,0.0,-0.00025261974703264125,0.0
59.74166666666667,malecns_connected,0.0,0.46498265524675003,0.0,0.0,-0.00025261974703264125,0.0
59.75,malecns_connected,0.0,0.4649805500821914,0.0,0.0,-0.00025261974703264125,0.0
59.75833333333333,malecns_connected,0.0,0.4649784449176328,0.0,0.0,-0.00025261974703264125,0.0
59.766666666666666,malecns_connected,0.0,0.4649763397530742,0.0,0.0,-0.00025261974703264125,0.0
59.775,malecns_connected,0.0,0.46497423458851556,0.0,0.0,-0.00025261974703264125,0.0
59.78333333333333,malecns_connected,0.0,0.46497212942395694,0.0,0.0,-0.00025261974703264125,0.0
59.791666666666664,malecns_connected,0.0,0.4649700242593983,0.0,0.0,-0.00025261974703264125,0.0
59.8,malecns_connected,0.0,0.4649679190948397,0.0,0.0,-0.00025261974703264125,0.0
59.80833333333333,malecns_connected,0.0,0.4649658139302811,0.0,0.0,-0.00025261974703264125,0.0
59.81666666666666,malecns_connected,0.0,0.46496370876572246,0.0,0.0,-0.00025261974703264125,0.0
59.824999999999996,malecns_connected,0.0,0.46496160360116384,0.0,0.0,-0.00025261974703264125,0.0
59.833333333333336,malecns_connected,0.0,0.4649594984366052,0.0,0.0,-0.00025261974703264125,0.0
59.84166666666667,malecns_connected,0.0,0.4649573932720466,0.0,0.0,-0.00025261974703264125,0.0
59.85,malecns_connected,0.0,0.464955288107488,0.0,0.0,-0.00025261974703264125,0.0
59.858333333333334,malecns_connected,0.0,0.46495318294292937,0.0,0.0,-0.00025261974703264125,0.0
59.86666666666667,malecns_connected,0.0,0.46495107777837075,0.0,0.0,-0.00025261974703264125,0.0
59.875,malecns_connected,0.0,0.46494897261381213,0.0,0.0,-0.00025261974703264125,0.0
59.88333333333333,malecns_connected,0.0,0.4649468674492535,0.0,0.0,-0.00025261974703264125,0.0
59.891666666666666,malecns_connected,0.0,0.4649447622846949,0.0,0.0,-0.00025261974703264125,0.0
59.9,malecns_connected,0.0,0.46494265712013627,0.0,0.0,-0.00025261974703264125,0.0
59.90833333333333,malecns_connected,0.0,0.46494055195557765,0.0,0.0,-0.00025261974703264125,0.0
59.916666666666664,malecns_connected,0.0,0.46493844679101903,0.0,0.0,-0.00025261974703264125,0.0
59.925,malecns_connected,0.0,0.4649363416264604,0.0,0.0,-0.00025261974703264125,0.0
59.93333333333333,malecns_connected,0.0,0.4649342364619018,0.0,0.0,-0.00025261974703264125,0.0
59.94166666666666,malecns_connected,0.0,0.4649321312973432,0.0,0.0,-0.00025261974703264125,0.0
59.949999999999996,malecns_connected,0.0,0.46493002613278456,0.0,0.0,-0.00025261974703264125,0.0
59.958333333333336,malecns_connected,0.0,0.46492792096822594,0.0,0.0,-0.00025261974703264125,0.0
59.96666666666667,malecns_connected,0.0,0.4649258158036673,0.0,0.0,-0.00025261974703264125,0.0
59.975,malecns_connected,0.0,0.4649237106391087,0.0,0.0,-0.00025261974703264125,0.0
59.983333333333334,malecns_connected,0.0,0.4649216054745501,0.0,0.0,-0.00025261974703264125,0.0
59.99166666666667,malecns_connected,0.0,0.46491950030999146,0.0,0.0,-0.00025261974703264125,0.0
