experiment,scenario,fly_id,timestamp_s,nearest_horizontal_distance_m
A_OFF,off,fly-a,0.0,0.0
A_OFF,off,fly-b,0.0,0.0
A_OFF,off,fly-a,0.008333333333333333,0.0
A_OFF,off,fly-b,0.008333333333333333,0.0
A_OFF,off,fly-a,0.016666666666666666,0.0
A_OFF,off,fly-b,0.016666666666666666,0.0
A_OFF,off,fly-a,0.025,0.0
A_OFF,off,fly-b,0.025,0.0
A_OFF,off,fly-a,0.03333333333333333,0.0
A_OFF,off,fly-b,0.03333333333333333,0.0
A_OFF,off,fly-a,0.041666666666666664,0.0
A_OFF,off,fly-b,0.041666666666666664,0.0
A_OFF,off,fly-a,0.05,0.0
A_OFF,off,fly-b,0.05,0.0
A_OFF,off,fly-a,0.058333333333333334,0.0
A_OFF,off,fly-b,0.058333333333333334,0.0
A_OFF,off,fly-a,0.06666666666666667,0.0
A_OFF,off,fly-b,0.06666666666666667,0.0
A_OFF,off,fly-a,0.075,0.0
A_OFF,off,fly-b,0.075,0.0
A_OFF,off,fly-a,0.08333333333333333,0.0
A_OFF,off,fly-b,0.08333333333333333,0.0
A_OFF,off,fly-a,0.09166666666666666,0.0
A_OFF,off,fly-b,0.09166666666666666,0.0
A_OFF,off,fly-a,0.1,0.0
A_OFF,off,fly-b,0.1,0.0
A_OFF,off,fly-a,0.10833333333333334,0.0
A_OFF,off,fly-b,0.10833333333333334,0.0
A_OFF,off,fly-a,0.11666666666666667,0.0
A_OFF,off,fly-b,0.11666666666666667,0.0
A_OFF,off,fly-a,0.125,0.0
A_OFF,off,fly-b,0.125,0.0
A_OFF,off,fly-a,0.13333333333333333,0.0
A_OFF,off,fly-b,0.13333333333333333,0.0
A_OFF,off,fly-a,0.14166666666666666,0.0
A_OFF,off,fly-b,0.14166666666666666,0.0
A_OFF,off,fly-a,0.15,0.0
A_OFF,off,fly-b,0.15,0.0
A_OFF,off,fly-a,0.15833333333333333,0.0
A_OFF,off,fly-b,0.15833333333333333,0.0
A_OFF,off,fly-a,0.16666666666666666,0.0
A_OFF,off,fly-b,0.16666666666666666,0.0
A_OFF,off,fly-a,0.175,0.0
A_OFF,off,fly-b,0.175,0.0
A_OFF,off,fly-a,0.18333333333333332,0.0
A_OFF,off,fly-b,0.18333333333333332,0.0
A_OFF,off,fly-a,0.19166666666666665,0.0
A_OFF,off,fly-b,0.19166666666666665,0.0
A_OFF,off,fly-a,0.2,0.0
A_OFF,off,fly-b,0.2,0.0
A_OFF,off,fly-a,0.20833333333333334,0.0
A_OFF,off,fly-b,0.20833333333333334,0.0
A_OFF,off,fly-a,0.21666666666666667,0.0
A_OFF,off,fly-b,0.21666666666666667,0.0
A_OFF,off,fly-a,0.225,0.0
A_OFF,off,fly-b,0.225,0.0
A_OFF,off,fly-a,0.23333333333333334,0.0
A_OFF,off,fly-b,0.23333333333333334,0.0
A_OFF,off,fly-a,0.24166666666666667,0.0
A_OFF,off,fly-b,0.24166666666666667,0.0
A_OFF,off,fly-a,0.25,0.0
A_OFF,off,fly-b,0.25,0.0
A_OFF,off,fly-a,0.2583333333333333,0.0
A_OFF,off,fly-b,0.2583333333333333,0.0
A_OFF,off,fly-a,0.26666666666666666,0.0
A_OFF,off,fly-b,0.26666666666666666,0.0
A_OFF,off,fly-a,0.275,0.0
A_OFF,off,fly-b,0.275,0.0
A_OFF,off,fly-a,0.2833333333333333,0.0
A_OFF,off,fly-b,0.2833333333333333,0.0
A_OFF,off,fly-a,0.2916666666666667,0.0
A_OFF,off,fly-b,0.2916666666666667,0.0
A_OFF,off,fly-a,0.3,0.0
A_OFF,off,fly-b,0.3,0.0
A_OFF,off,fly-a,0.30833333333333335,0.0
A_OFF,off,fly-b,0.30833333333333335,0.0
A_OFF,off,fly-a,0.31666666666666665,0.0
A_OFF,off,fly-b,0.31666666666666665,0.0
A_OFF,off,fly-a,0.325,0.0
A_OFF,off,fly-b,0.325,0.0
A_OFF,off,fly-a,0.3333333333333333,0.0
A_OFF,off,fly-b,0.3333333333333333,0.0
A_OFF,off,fly-a,0.3416666666666667,0.0
A_OFF,off,fly-b,0.3416666666666667,0.0
A_OFF,off,fly-a,0.35,0.0
A_OFF,off,fly-b,0.35,0.0
A_OFF,off,fly-a,0.35833333333333334,0.0
A_OFF,off,fly-b,0.35833333333333334,0.0
A_OFF,off,fly-a,0.36666666666666664,0.0
A_OFF,off,fly-b,0.36666666666666664,0.0
A_OFF,off,fly-a,0.375,0.0
A_OFF,off,fly-b,0.375,0.0
A_OFF,off,fly-a,0.3833333333333333,0.0
A_OFF,off,fly-b,0.3833333333333333,0.0
A_OFF,off,fly-a,0.39166666666666666,0.0
A_OFF,off,fly-b,0.39166666666666666,0.0
A_OFF,off,fly-a,0.4,0.0
A_OFF,off,fly-b,0.4,0.0
A_OFF,off,fly-a,0.4083333333333333,0.0
A_OFF,off,fly-b,0.4083333333333333,0.0
A_OFF,off,fly-a,0.4166666666666667,0.0
A_OFF,off,fly-b,0.4166666666666667,0.0
A_OFF,off,fly-a,0.425,0.0
A_OFF,off,fly-b,0.425,0.0
A_OFF,off,fly-a,0.43333333333333335,0.0
A_OFF,off,fly-b,0.43333333333333335,0.0
A_OFF,off,fly-a,0.44166666666666665,0.0
A_OFF,off,fly-b,0.44166666666666665,0.0
A_OFF,off,fly-a,0.45,0.0
A_OFF,off,fly-b,0.45,0.0
A_OFF,off,fly-a,0.4583333333333333,0.0
A_OFF,off,fly-b,0.4583333333333333,0.0
A_OFF,off,fly-a,0.4666666666666667,0.0
A_OFF,off,fly-b,0.4666666666666667,0.0
A_OFF,off,fly-a,0.475,0.0
A_OFF,off,fly-b,0.475,0.0
A_OFF,off,fly-a,0.48333333333333334,0.0
A_OFF,off,fly-b,0.48333333333333334,0.0
A_OFF,off,fly-a,0.49166666666666664,0.0
A_OFF,off,fly-b,0.49166666666666664,0.0
A_OFF,off,fly-a,0.5,0.0
A_OFF,off,fly-b,0.5,0.0
A_OFF,off,fly-a,0.5083333333333333,0.0
A_OFF,off,fly-b,0.5083333333333333,0.0
A_OFF,off,fly-a,0.5166666666666666,0.0
A_OFF,off,fly-b,0.5166666666666666,0.0
A_OFF,off,fly-a,0.525,0.0
A_OFF,off,fly-b,0.525,0.0
A_OFF,off,fly-a,0.5333333333333333,0.0
A_OFF,off,fly-b,0.5333333333333333,0.0
A_OFF,off,fly-a,0.5416666666666666,0.0
A_OFF,off,fly-b,0.5416666666666666,0.0
A_OFF,off,fly-a,0.55,0.0
A_OFF,off,fly-b,0.55,0.0
A_OFF,off,fly-a,0.5583333333333333,0.0
A_OFF,off,fly-b,0.5583333333333333,0.0
A_OFF,off,fly-a,0.5666666666666667,0.0
A_OFF,off,fly-b,0.5666666666666667,0.0
A_OFF,off,fly-a,0.575,0.0
A_OFF,off,fly-b,0.575,0.0
A_OFF,off,fly-a,0.5833333333333334,0.0
A_OFF,off,fly-b,0.5833333333333334,0.0
A_OFF,off,fly-a,0.5916666666666667,0.0
A_OFF,off,fly-b,0.5916666666666667,0.0
A_OFF,off,fly-a,0.6,0.0
A_OFF,off,fly-b,0.6,0.0
A_OFF,off,fly-a,0.6083333333333333,0.0
A_OFF,off,fly-b,0.6083333333333333,0.0
A_OFF,off,fly-a,0.6166666666666667,0.0
A_OFF,off,fly-b,0.6166666666666667,0.0
A_OFF,off,fly-a,0.625,0.0
A_OFF,off,fly-b,0.625,0.0
A_OFF,off,fly-a,0.6333333333333333,0.0
A_OFF,off,fly-b,0.6333333333333333,0.0
A_OFF,off,fly-a,0.6416666666666666,0.0
A_OFF,off,fly-b,0.6416666666666666,0.0
A_OFF,off,fly-a,0.65,0.0
A_OFF,off,fly-b,0.65,0.0
A_OFF,off,fly-a,0.6583333333333333,0.0
A_OFF,off,fly-b,0.6583333333333333,0.0
A_OFF,off,fly-a,0.6666666666666666,0.0
A_OFF,off,fly-b,0.6666666666666666,0.0
A_OFF,off,fly-a,0.675,0.0
A_OFF,off,fly-b,0.675,0.0
A_OFF,off,fly-a,0.6833333333333333,0.0
A_OFF,off,fly-b,0.6833333333333333,0.0
A_OFF,off,fly-a,0.6916666666666667,0.0
A_OFF,off,fly-b,0.6916666666666667,0.0
A_OFF,off,fly-a,0.7,0.0
A_OFF,off,fly-b,0.7,0.0
A_OFF,off,fly-a,0.7083333333333334,0.0
A_OFF,off,fly-b,0.7083333333333334,0.0
A_OFF,off,fly-a,0.7166666666666667,0.0
A_OFF,off,fly-b,0.7166666666666667,0.0
A_OFF,off,fly-a,0.725,0.0
A_OFF,off,fly-b,0.725,0.0
A_OFF,off,fly-a,0.7333333333333333,0.0
A_OFF,off,fly-b,0.7333333333333333,0.0
A_OFF,off,fly-a,0.7416666666666667,0.0
A_OFF,off,fly-b,0.7416666666666667,0.0
A_OFF,off,fly-a,0.75,0.0
A_OFF,off,fly-b,0.75,0.0
A_OFF,off,fly-a,0.7583333333333333,0.0
A_OFF,off,fly-b,0.7583333333333333,0.0
A_OFF,off,fly-a,0.7666666666666666,0.0
A_OFF,off,fly-b,0.7666666666666666,0.0
A_OFF,off,fly-a,0.775,0.0
A_OFF,off,fly-b,0.775,0.0
A_OFF,off,fly-a,0.7833333333333333,0.0
A_OFF,off,fly-b,0.7833333333333333,0.0
A_OFF,off,fly-a,0.7916666666666666,0.0
A_OFF,off,fly-b,0.7916666666666666,0.0
A_OFF,off,fly-a,0.8,0.0
A_OFF,off,fly-b,0.8,0.0
A_OFF,off,fly-a,0.8083333333333333,0.0
A_OFF,off,fly-b,0.8083333333333333,0.0
A_OFF,off,fly-a,0.8166666666666667,0.0
A_OFF,off,fly-b,0.8166666666666667,0.0
A_OFF,off,fly-a,0.825,0.0
A_OFF,off,fly-b,0.825,0.0
A_OFF,off,fly-a,0.8333333333333334,0.0
A_OFF,off,fly-b,0.8333333333333334,0.0
A_OFF,off,fly-a,0.8416666666666667,0.0
A_OFF,off,fly-b,0.8416666666666667,0.0
A_OFF,off,fly-a,0.85,0.0
A_OFF,off,fly-b,0.85,0.0
A_OFF,off,fly-a,0.8583333333333333,0.0
A_OFF,off,fly-b,0.8583333333333333,0.0
A_OFF,off,fly-a,0.8666666666666667,0.0
A_OFF,off,fly-b,0.8666666666666667,0.0
A_OFF,off,fly-a,0.875,0.0
A_OFF,off,fly-b,0.875,0.0
A_OFF,off,fly-a,0.8833333333333333,0.0
A_OFF,off,fly-b,0.8833333333333333,0.0
A_OFF,off,fly-a,0.8916666666666666,0.0
A_OFF,off,fly-b,0.8916666666666666,0.0
A_OFF,off,fly-a,0.9,0.0
A_OFF,off,fly-b,0.9,0.0
A_OFF,off,fly-a,0.9083333333333333,0.0
A_OFF,off,fly-b,0.9083333333333333,0.0
A_OFF,off,fly-a,0.9166666666666666,0.0
A_OFF,off,fly-b,0.9166666666666666,0.0
A_OFF,off,fly-a,0.9249999999999999,0.0
A_OFF,off,fly-b,0.9249999999999999,0.0
A_OFF,off,fly-a,0.9333333333333333,0.0
A_OFF,off,fly-b,0.9333333333333333,0.0
A_OFF,off,fly-a,0.9416666666666667,0.0
A_OFF,off,fly-b,0.9416666666666667,0.0
A_OFF,off,fly-a,0.95,0.0
A_OFF,off,fly-b,0.95,0.0
A_OFF,off,fly-a,0.9583333333333334,0.0
A_OFF,off,fly-b,0.9583333333333334,0.0
A_OFF,off,fly-a,0.9666666666666667,0.0
A_OFF,off,fly-b,0.9666666666666667,0.0
A_OFF,off,fly-a,0.975,0.0
A_OFF,off,fly-b,0.975,0.0
A_OFF,off,fly-a,0.9833333333333333,0.0
A_OFF,off,fly-b,0.9833333333333333,0.0
A_OFF,off,fly-a,0.9916666666666667,0.0
A_OFF,off,fly-b,0.9916666666666667,0.0
A_OFF,off,fly-a,1.0,0.0
A_OFF,off,fly-b,1.0,0.0
A_OFF,off,fly-a,1.0083333333333333,0.0
A_OFF,off,fly-b,1.0083333333333333,0.0
A_OFF,off,fly-a,1.0166666666666666,0.0
A_OFF,off,fly-b,1.0166666666666666,0.0
A_OFF,off,fly-a,1.025,0.0
A_OFF,off,fly-b,1.025,0.0
A_OFF,off,fly-a,1.0333333333333332,0.0
A_OFF,off,fly-b,1.0333333333333332,0.0
A_OFF,off,fly-a,1.0416666666666667,0.0
A_OFF,off,fly-b,1.0416666666666667,0.0
A_OFF,off,fly-a,1.05,0.0
A_OFF,off,fly-b,1.05,0.0
A_OFF,off,fly-a,1.0583333333333333,0.0
A_OFF,off,fly-b,1.0583333333333333,0.0
A_OFF,off,fly-a,1.0666666666666667,0.0
A_OFF,off,fly-b,1.0666666666666667,0.0
A_OFF,off,fly-a,1.075,0.0
A_OFF,off,fly-b,1.075,0.0
A_OFF,off,fly-a,1.0833333333333333,0.0
A_OFF,off,fly-b,1.0833333333333333,0.0
A_OFF,off,fly-a,1.0916666666666666,0.0
A_OFF,off,fly-b,1.0916666666666666,0.0
A_OFF,off,fly-a,1.1,0.0
A_OFF,off,fly-b,1.1,0.0
A_OFF,off,fly-a,1.1083333333333334,0.0
A_OFF,off,fly-b,1.1083333333333334,0.0
A_OFF,off,fly-a,1.1166666666666667,0.0
A_OFF,off,fly-b,1.1166666666666667,0.0
A_OFF,off,fly-a,1.125,0.0
A_OFF,off,fly-b,1.125,0.0
A_OFF,off,fly-a,1.1333333333333333,0.0
A_OFF,off,fly-b,1.1333333333333333,0.0
A_OFF,off,fly-a,1.1416666666666666,0.0
A_OFF,off,fly-b,1.1416666666666666,0.0
A_OFF,off,fly-a,1.15,0.0
A_OFF,off,fly-b,1.15,0.0
A_OFF,off,fly-a,1.1583333333333332,0.0
A_OFF,off,fly-b,1.1583333333333332,0.0
A_OFF,off,fly-a,1.1666666666666667,0.0
A_OFF,off,fly-b,1.1666666666666667,0.0
A_OFF,off,fly-a,1.175,0.0
A_OFF,off,fly-b,1.175,0.0
A_OFF,off,fly-a,1.1833333333333333,0.0
A_OFF,off,fly-b,1.1833333333333333,0.0
A_OFF,off,fly-a,1.1916666666666667,0.0
A_OFF,off,fly-b,1.1916666666666667,0.0
A_OFF,off,fly-a,1.2,0.0
A_OFF,off,fly-b,1.2,0.0
A_OFF,off,fly-a,1.2083333333333333,0.0
A_OFF,off,fly-b,1.2083333333333333,0.0
A_OFF,off,fly-a,1.2166666666666666,0.0
A_OFF,off,fly-b,1.2166666666666666,0.0
A_OFF,off,fly-a,1.225,0.0
A_OFF,off,fly-b,1.225,0.0
A_OFF,off,fly-a,1.2333333333333334,0.0
A_OFF,off,fly-b,1.2333333333333334,0.0
A_OFF,off,fly-a,1.2416666666666667,0.0
A_OFF,off,fly-b,1.2416666666666667,0.0
A_OFF,off,fly-a,1.25,0.0
A_OFF,off,fly-b,1.25,0.0
A_OFF,off,fly-a,1.2583333333333333,0.0
A_OFF,off,fly-b,1.2583333333333333,0.0
A_OFF,off,fly-a,1.2666666666666666,0.0
A_OFF,off,fly-b,1.2666666666666666,0.0
A_OFF,off,fly-a,1.275,0.0
A_OFF,off,fly-b,1.275,0.0
A_OFF,off,fly-a,1.2833333333333332,0.0
A_OFF,off,fly-b,1.2833333333333332,0.0
A_OFF,off,fly-a,1.2916666666666667,0.0
A_OFF,off,fly-b,1.2916666666666667,0.0
A_OFF,off,fly-a,1.3,0.0
A_OFF,off,fly-b,1.3,0.0
A_OFF,off,fly-a,1.3083333333333333,0.0
A_OFF,off,fly-b,1.3083333333333333,0.0
A_OFF,off,fly-a,1.3166666666666667,0.0
A_OFF,off,fly-b,1.3166666666666667,0.0
A_OFF,off,fly-a,1.325,0.0
A_OFF,off,fly-b,1.325,0.0
A_OFF,off,fly-a,1.3333333333333333,0.0
A_OFF,off,fly-b,1.3333333333333333,0.0
A_OFF,off,fly-a,1.3416666666666666,0.0
A_OFF,off,fly-b,1.3416666666666666,0.0
A_OFF,off,fly-a,1.35,0.0
A_OFF,off,fly-b,1.35,0.0
A_OFF,off,fly-a,1.3583333333333334,0.0
A_OFF,off,fly-b,1.3583333333333334,0.0
A_OFF,off,fly-a,1.3666666666666667,0.0
A_OFF,off,fly-b,1.3666666666666667,0.0
A_OFF,off,fly-a,1.375,0.0
A_OFF,off,fly-b,1.375,0.0
A_OFF,off,fly-a,1.3833333333333333,0.0
A_OFF,off,fly-b,1.3833333333333333,0.0
A_OFF,off,fly-a,1.3916666666666666,0.0
A_OFF,off,fly-b,1.3916666666666666,0.0
A_OFF,off,fly-a,1.4,0.0
A_OFF,off,fly-b,1.4,0.0
A_OFF,off,fly-a,1.4083333333333332,0.0
A_OFF,off,fly-b,1.4083333333333332,0.0
A_OFF,off,fly-a,1.4166666666666667,0.0
A_OFF,off,fly-b,1.4166666666666667,0.0
A_OFF,off,fly-a,1.425,0.0
A_OFF,off,fly-b,1.425,0.0
A_OFF,off,fly-a,1.4333333333333333,0.0
A_OFF,off,fly-b,1.4333333333333333,0.0
A_OFF,off,fly-a,1.4416666666666667,0.0
A_OFF,off,fly-b,1.4416666666666667,0.0
A_OFF,off,fly-a,1.45,0.0
A_OFF,off,fly-b,1.45,0.0
A_OFF,off,fly-a,1.4583333333333333,0.0
A_OFF,off,fly-b,1.4583333333333333,0.0
A_OFF,off,fly-a,1.4666666666666666,0.0
A_OFF,off,fly-b,1.4666666666666666,0.0
A_OFF,off,fly-a,1.475,0.0
A_OFF,off,fly-b,1.475,0.0
A_OFF,off,fly-a,1.4833333333333334,0.0
A_OFF,off,fly-b,1.4833333333333334,0.0
A_OFF,off,fly-a,1.4916666666666667,0.0
A_OFF,off,fly-b,1.4916666666666667,0.0
A_OFF,off,fly-a,1.5,0.0
A_OFF,off,fly-b,1.5,0.0
A_OFF,off,fly-a,1.5083333333333333,0.0
A_OFF,off,fly-b,1.5083333333333333,0.0
A_OFF,off,fly-a,1.5166666666666666,0.0
A_OFF,off,fly-b,1.5166666666666666,0.0
A_OFF,off,fly-a,1.525,0.0
A_OFF,off,fly-b,1.525,0.0
A_OFF,off,fly-a,1.5333333333333332,0.0
A_OFF,off,fly-b,1.5333333333333332,0.0
A_OFF,off,fly-a,1.5416666666666667,0.0
A_OFF,off,fly-b,1.5416666666666667,0.0
A_OFF,off,fly-a,1.55,0.0
A_OFF,off,fly-b,1.55,0.0
A_OFF,off,fly-a,1.5583333333333333,0.0
A_OFF,off,fly-b,1.5583333333333333,0.0
A_OFF,off,fly-a,1.5666666666666667,0.0
A_OFF,off,fly-b,1.5666666666666667,0.0
A_OFF,off,fly-a,1.575,0.0
A_OFF,off,fly-b,1.575,0.0
A_OFF,off,fly-a,1.5833333333333333,0.0
A_OFF,off,fly-b,1.5833333333333333,0.0
A_OFF,off,fly-a,1.5916666666666666,0.0
A_OFF,off,fly-b,1.5916666666666666,0.0
A_OFF,off,fly-a,1.6,0.0
A_OFF,off,fly-b,1.6,0.0
A_OFF,off,fly-a,1.6083333333333334,0.0
A_OFF,off,fly-b,1.6083333333333334,0.0
A_OFF,off,fly-a,1.6166666666666667,0.0
A_OFF,off,fly-b,1.6166666666666667,0.0
A_OFF,off,fly-a,1.625,0.0
A_OFF,off,fly-b,1.625,0.0
A_OFF,off,fly-a,1.6333333333333333,0.0
A_OFF,off,fly-b,1.6333333333333333,0.0
A_OFF,off,fly-a,1.6416666666666666,0.0
A_OFF,off,fly-b,1.6416666666666666,0.0
A_OFF,off,fly-a,1.65,0.0
A_OFF,off,fly-b,1.65,0.0
A_OFF,off,fly-a,1.6583333333333332,0.0
A_OFF,off,fly-b,1.6583333333333332,0.0
A_OFF,off,fly-a,1.6666666666666667,0.0
A_OFF,off,fly-b,1.6666666666666667,0.0
A_OFF,off,fly-a,1.675,0.0
A_OFF,off,fly-b,1.675,0.0
A_OFF,off,fly-a,1.6833333333333333,0.0
A_OFF,off,fly-b,1.6833333333333333,0.0
A_OFF,off,fly-a,1.6916666666666667,0.0
A_OFF,off,fly-b,1.6916666666666667,0.0
A_OFF,off,fly-a,1.7,0.0
A_OFF,off,fly-b,1.7,0.0
A_OFF,off,fly-a,1.7083333333333333,0.0
A_OFF,off,fly-b,1.7083333333333333,0.0
A_OFF,off,fly-a,1.7166666666666666,0.0
A_OFF,off,fly-b,1.7166666666666666,0.0
A_OFF,off,fly-a,1.7249999999999999,0.0
A_OFF,off,fly-b,1.7249999999999999,0.0
A_OFF,off,fly-a,1.7333333333333334,0.0
A_OFF,off,fly-b,1.7333333333333334,0.0
A_OFF,off,fly-a,1.7416666666666667,0.0
A_OFF,off,fly-b,1.7416666666666667,0.0
A_OFF,off,fly-a,1.75,0.0
A_OFF,off,fly-b,1.75,0.0
A_OFF,off,fly-a,1.7583333333333333,0.0
A_OFF,off,fly-b,1.7583333333333333,0.0
A_OFF,off,fly-a,1.7666666666666666,0.0
A_OFF,off,fly-b,1.7666666666666666,0.0
A_OFF,off,fly-a,1.775,0.0
A_OFF,off,fly-b,1.775,0.0
A_OFF,off,fly-a,1.7833333333333332,0.0
A_OFF,off,fly-b,1.7833333333333332,0.0
A_OFF,off,fly-a,1.7916666666666667,0.0
A_OFF,off,fly-b,1.7916666666666667,0.0
A_OFF,off,fly-a,1.8,0.0
A_OFF,off,fly-b,1.8,0.0
A_OFF,off,fly-a,1.8083333333333333,0.0
A_OFF,off,fly-b,1.8083333333333333,0.0
A_OFF,off,fly-a,1.8166666666666667,0.0
A_OFF,off,fly-b,1.8166666666666667,0.0
A_OFF,off,fly-a,1.825,0.0
A_OFF,off,fly-b,1.825,0.0
A_OFF,off,fly-a,1.8333333333333333,0.0
A_OFF,off,fly-b,1.8333333333333333,0.0
A_OFF,off,fly-a,1.8416666666666666,0.0
A_OFF,off,fly-b,1.8416666666666666,0.0
A_OFF,off,fly-a,1.8499999999999999,0.0
A_OFF,off,fly-b,1.8499999999999999,0.0
A_OFF,off,fly-a,1.8583333333333334,0.0
A_OFF,off,fly-b,1.8583333333333334,0.0
A_OFF,off,fly-a,1.8666666666666667,0.0
A_OFF,off,fly-b,1.8666666666666667,0.0
A_OFF,off,fly-a,1.875,0.0
A_OFF,off,fly-b,1.875,0.0
A_OFF,off,fly-a,1.8833333333333333,0.0
A_OFF,off,fly-b,1.8833333333333333,0.0
A_OFF,off,fly-a,1.8916666666666666,0.0
A_OFF,off,fly-b,1.8916666666666666,0.0
A_OFF,off,fly-a,1.9,0.0
A_OFF,off,fly-b,1.9,0.0
A_OFF,off,fly-a,1.9083333333333332,0.0
A_OFF,off,fly-b,1.9083333333333332,0.0
A_OFF,off,fly-a,1.9166666666666667,0.0
A_OFF,off,fly-b,1.9166666666666667,0.0
A_OFF,off,fly-a,1.925,0.0
A_OFF,off,fly-b,1.925,0.0
A_OFF,off,fly-a,1.9333333333333333,0.0
A_OFF,off,fly-b,1.9333333333333333,0.0
A_OFF,off,fly-a,1.9416666666666667,0.0
A_OFF,off,fly-b,1.9416666666666667,0.0
A_OFF,off,fly-a,1.95,0.0
A_OFF,off,fly-b,1.95,0.0
A_OFF,off,fly-a,1.9583333333333333,0.0
A_OFF,off,fly-b,1.9583333333333333,0.0
A_OFF,off,fly-a,1.9666666666666666,0.0
A_OFF,off,fly-b,1.9666666666666666,0.0
A_OFF,off,fly-a,1.9749999999999999,0.0
A_OFF,off,fly-b,1.9749999999999999,0.0
A_OFF,off,fly-a,1.9833333333333334,0.0
A_OFF,off,fly-b,1.9833333333333334,0.0
A_OFF,off,fly-a,1.9916666666666667,0.0
A_OFF,off,fly-b,1.9916666666666667,0.0
A_OFF,off,fly-a,2.0,0.0
A_OFF,off,fly-b,2.0,0.0
A_OFF,off,fly-a,2.0083333333333333,0.0
A_OFF,off,fly-b,2.0083333333333333,0.0
A_OFF,off,fly-a,2.0166666666666666,0.0
A_OFF,off,fly-b,2.0166666666666666,0.0
A_OFF,off,fly-a,2.025,0.0
A_OFF,off,fly-b,2.025,0.0
A_OFF,off,fly-a,2.033333333333333,0.0
A_OFF,off,fly-b,2.033333333333333,0.0
A_OFF,off,fly-a,2.0416666666666665,0.0
A_OFF,off,fly-b,2.0416666666666665,0.0
A_OFF,off,fly-a,2.05,0.0
A_OFF,off,fly-b,2.05,0.0
A_OFF,off,fly-a,2.058333333333333,0.0
A_OFF,off,fly-b,2.058333333333333,0.0
A_OFF,off,fly-a,2.0666666666666664,0.0
A_OFF,off,fly-b,2.0666666666666664,0.0
A_OFF,off,fly-a,2.075,0.0
A_OFF,off,fly-b,2.075,0.0
A_OFF,off,fly-a,2.0833333333333335,0.0
A_OFF,off,fly-b,2.0833333333333335,0.0
A_OFF,off,fly-a,2.091666666666667,0.0
A_OFF,off,fly-b,2.091666666666667,0.0
A_OFF,off,fly-a,2.1,0.0
A_OFF,off,fly-b,2.1,0.0
A_OFF,off,fly-a,2.1083333333333334,0.0
A_OFF,off,fly-b,2.1083333333333334,0.0
A_OFF,off,fly-a,2.1166666666666667,0.0
A_OFF,off,fly-b,2.1166666666666667,0.0
A_OFF,off,fly-a,2.125,0.0
A_OFF,off,fly-b,2.125,0.0
A_OFF,off,fly-a,2.1333333333333333,0.0
A_OFF,off,fly-b,2.1333333333333333,0.0
A_OFF,off,fly-a,2.1416666666666666,0.0
A_OFF,off,fly-b,2.1416666666666666,0.0
A_OFF,off,fly-a,2.15,0.0
A_OFF,off,fly-b,2.15,0.0
A_OFF,off,fly-a,2.158333333333333,0.0
A_OFF,off,fly-b,2.158333333333333,0.0
A_OFF,off,fly-a,2.1666666666666665,0.0
A_OFF,off,fly-b,2.1666666666666665,0.0
A_OFF,off,fly-a,2.175,0.0
A_OFF,off,fly-b,2.175,0.0
A_OFF,off,fly-a,2.183333333333333,0.0
A_OFF,off,fly-b,2.183333333333333,0.0
A_OFF,off,fly-a,2.1916666666666664,0.0
A_OFF,off,fly-b,2.1916666666666664,0.0
A_OFF,off,fly-a,2.2,0.0
A_OFF,off,fly-b,2.2,0.0
A_OFF,off,fly-a,2.2083333333333335,0.0
A_OFF,off,fly-b,2.2083333333333335,0.0
A_OFF,off,fly-a,2.216666666666667,0.0
A_OFF,off,fly-b,2.216666666666667,0.0
A_OFF,off,fly-a,2.225,0.0
A_OFF,off,fly-b,2.225,0.0
A_OFF,off,fly-a,2.2333333333333334,0.0
A_OFF,off,fly-b,2.2333333333333334,0.0
A_OFF,off,fly-a,2.2416666666666667,0.0
A_OFF,off,fly-b,2.2416666666666667,0.0
A_OFF,off,fly-a,2.25,0.0
A_OFF,off,fly-b,2.25,0.0
A_OFF,off,fly-a,2.2583333333333333,0.0
A_OFF,off,fly-b,2.2583333333333333,0.0
A_OFF,off,fly-a,2.2666666666666666,0.0
A_OFF,off,fly-b,2.2666666666666666,0.0
A_OFF,off,fly-a,2.275,0.0
A_OFF,off,fly-b,2.275,0.0
A_OFF,off,fly-a,2.283333333333333,0.0
A_OFF,off,fly-b,2.283333333333333,0.0
A_OFF,off,fly-a,2.2916666666666665,0.0
A_OFF,off,fly-b,2.2916666666666665,0.0
A_OFF,off,fly-a,2.3,0.0
A_OFF,off,fly-b,2.3,0.0
A_OFF,off,fly-a,2.308333333333333,0.0
A_OFF,off,fly-b,2.308333333333333,0.0
A_OFF,off,fly-a,2.3166666666666664,0.0
A_OFF,off,fly-b,2.3166666666666664,0.0
A_OFF,off,fly-a,2.325,0.0
A_OFF,off,fly-b,2.325,0.0
A_OFF,off,fly-a,2.3333333333333335,0.0
A_OFF,off,fly-b,2.3333333333333335,0.0
A_OFF,off,fly-a,2.341666666666667,0.0
A_OFF,off,fly-b,2.341666666666667,0.0
A_OFF,off,fly-a,2.35,0.0
A_OFF,off,fly-b,2.35,0.0
A_OFF,off,fly-a,2.3583333333333334,0.0
A_OFF,off,fly-b,2.3583333333333334,0.0
A_OFF,off,fly-a,2.3666666666666667,0.0
A_OFF,off,fly-b,2.3666666666666667,0.0
A_OFF,off,fly-a,2.375,0.0
A_OFF,off,fly-b,2.375,0.0
A_OFF,off,fly-a,2.3833333333333333,0.0
A_OFF,off,fly-b,2.3833333333333333,0.0
A_OFF,off,fly-a,2.3916666666666666,0.0
A_OFF,off,fly-b,2.3916666666666666,0.0
A_OFF,off,fly-a,2.4,0.0
A_OFF,off,fly-b,2.4,0.0
A_OFF,off,fly-a,2.408333333333333,0.0
A_OFF,off,fly-b,2.408333333333333,0.0
A_OFF,off,fly-a,2.4166666666666665,0.0
A_OFF,off,fly-b,2.4166666666666665,0.0
A_OFF,off,fly-a,2.425,0.0
A_OFF,off,fly-b,2.425,0.0
A_OFF,off,fly-a,2.433333333333333,0.0
A_OFF,off,fly-b,2.433333333333333,0.0
A_OFF,off,fly-a,2.4416666666666664,0.0
A_OFF,off,fly-b,2.4416666666666664,0.0
A_OFF,off,fly-a,2.45,0.0
A_OFF,off,fly-b,2.45,0.0
A_OFF,off,fly-a,2.4583333333333335,0.0
A_OFF,off,fly-b,2.4583333333333335,0.0
A_OFF,off,fly-a,2.466666666666667,0.0
A_OFF,off,fly-b,2.466666666666667,0.0
A_OFF,off,fly-a,2.475,0.0
A_OFF,off,fly-b,2.475,0.0
A_OFF,off,fly-a,2.4833333333333334,0.0
A_OFF,off,fly-b,2.4833333333333334,0.0
A_OFF,off,fly-a,2.4916666666666667,0.0
A_OFF,off,fly-b,2.4916666666666667,0.0
A_OFF,off,fly-a,2.5,0.0
A_OFF,off,fly-b,2.5,0.0
A_OFF,off,fly-a,2.5083333333333333,0.0
A_OFF,off,fly-b,2.5083333333333333,0.0
A_OFF,off,fly-a,2.5166666666666666,0.0
A_OFF,off,fly-b,2.5166666666666666,0.0
A_OFF,off,fly-a,2.525,0.0
A_OFF,off,fly-b,2.525,0.0
A_OFF,off,fly-a,2.533333333333333,0.0
A_OFF,off,fly-b,2.533333333333333,0.0
A_OFF,off,fly-a,2.5416666666666665,0.0
A_OFF,off,fly-b,2.5416666666666665,0.0
A_OFF,off,fly-a,2.55,0.0
A_OFF,off,fly-b,2.55,0.0
A_OFF,off,fly-a,2.558333333333333,0.0
A_OFF,off,fly-b,2.558333333333333,0.0
A_OFF,off,fly-a,2.5666666666666664,0.0
A_OFF,off,fly-b,2.5666666666666664,0.0
A_OFF,off,fly-a,2.575,0.0
A_OFF,off,fly-b,2.575,0.0
A_OFF,off,fly-a,2.5833333333333335,0.0
A_OFF,off,fly-b,2.5833333333333335,0.0
A_OFF,off,fly-a,2.591666666666667,0.0
A_OFF,off,fly-b,2.591666666666667,0.0
A_OFF,off,fly-a,2.6,0.0
A_OFF,off,fly-b,2.6,0.0
A_OFF,off,fly-a,2.6083333333333334,0.0
A_OFF,off,fly-b,2.6083333333333334,0.0
A_OFF,off,fly-a,2.6166666666666667,0.0
A_OFF,off,fly-b,2.6166666666666667,0.0
A_OFF,off,fly-a,2.625,0.0
A_OFF,off,fly-b,2.625,0.0
A_OFF,off,fly-a,2.6333333333333333,0.0
A_OFF,off,fly-b,2.6333333333333333,0.0
A_OFF,off,fly-a,2.6416666666666666,0.0
A_OFF,off,fly-b,2.6416666666666666,0.0
A_OFF,off,fly-a,2.65,0.0
A_OFF,off,fly-b,2.65,0.0
A_OFF,off,fly-a,2.658333333333333,0.0
A_OFF,off,fly-b,2.658333333333333,0.0
A_OFF,off,fly-a,2.6666666666666665,0.0
A_OFF,off,fly-b,2.6666666666666665,0.0
A_OFF,off,fly-a,2.675,0.0
A_OFF,off,fly-b,2.675,0.0
A_OFF,off,fly-a,2.683333333333333,0.0
A_OFF,off,fly-b,2.683333333333333,0.0
A_OFF,off,fly-a,2.6916666666666664,0.0
A_OFF,off,fly-b,2.6916666666666664,0.0
A_OFF,off,fly-a,2.7,0.0
A_OFF,off,fly-b,2.7,0.0
A_OFF,off,fly-a,2.7083333333333335,0.0
A_OFF,off,fly-b,2.7083333333333335,0.0
A_OFF,off,fly-a,2.716666666666667,0.0
A_OFF,off,fly-b,2.716666666666667,0.0
A_OFF,off,fly-a,2.725,0.0
A_OFF,off,fly-b,2.725,0.0
A_OFF,off,fly-a,2.7333333333333334,0.0
A_OFF,off,fly-b,2.7333333333333334,0.0
A_OFF,off,fly-a,2.7416666666666667,0.0
A_OFF,off,fly-b,2.7416666666666667,0.0
A_OFF,off,fly-a,2.75,0.0
A_OFF,off,fly-b,2.75,0.0
A_OFF,off,fly-a,2.7583333333333333,0.0
A_OFF,off,fly-b,2.7583333333333333,0.0
A_OFF,off,fly-a,2.7666666666666666,0.0
A_OFF,off,fly-b,2.7666666666666666,0.0
A_OFF,off,fly-a,2.775,0.0
A_OFF,off,fly-b,2.775,0.0
A_OFF,off,fly-a,2.783333333333333,0.0
A_OFF,off,fly-b,2.783333333333333,0.0
A_OFF,off,fly-a,2.7916666666666665,0.0
A_OFF,off,fly-b,2.7916666666666665,0.0
A_OFF,off,fly-a,2.8,0.0
A_OFF,off,fly-b,2.8,0.0
A_OFF,off,fly-a,2.808333333333333,0.0
A_OFF,off,fly-b,2.808333333333333,0.0
A_OFF,off,fly-a,2.8166666666666664,0.0
A_OFF,off,fly-b,2.8166666666666664,0.0
A_OFF,off,fly-a,2.825,0.0
A_OFF,off,fly-b,2.825,0.0
A_OFF,off,fly-a,2.8333333333333335,0.0
A_OFF,off,fly-b,2.8333333333333335,0.0
A_OFF,off,fly-a,2.841666666666667,0.0
A_OFF,off,fly-b,2.841666666666667,0.0
A_OFF,off,fly-a,2.85,0.0
A_OFF,off,fly-b,2.85,0.0
A_OFF,off,fly-a,2.8583333333333334,0.0
A_OFF,off,fly-b,2.8583333333333334,0.0
A_OFF,off,fly-a,2.8666666666666667,0.0
A_OFF,off,fly-b,2.8666666666666667,0.0
A_OFF,off,fly-a,2.875,0.0
A_OFF,off,fly-b,2.875,0.0
A_OFF,off,fly-a,2.8833333333333333,0.0
A_OFF,off,fly-b,2.8833333333333333,0.0
A_OFF,off,fly-a,2.8916666666666666,0.0
A_OFF,off,fly-b,2.8916666666666666,0.0
A_OFF,off,fly-a,2.9,0.0
A_OFF,off,fly-b,2.9,0.0
A_OFF,off,fly-a,2.908333333333333,0.0
A_OFF,off,fly-b,2.908333333333333,0.0
A_OFF,off,fly-a,2.9166666666666665,0.0
A_OFF,off,fly-b,2.9166666666666665,0.0
A_OFF,off,fly-a,2.925,0.0
A_OFF,off,fly-b,2.925,0.0
A_OFF,off,fly-a,2.933333333333333,0.0
A_OFF,off,fly-b,2.933333333333333,0.0
A_OFF,off,fly-a,2.9416666666666664,0.0
A_OFF,off,fly-b,2.9416666666666664,0.0
A_OFF,off,fly-a,2.95,0.0
A_OFF,off,fly-b,2.95,0.0
A_OFF,off,fly-a,2.9583333333333335,0.0
A_OFF,off,fly-b,2.9583333333333335,0.0
A_OFF,off,fly-a,2.966666666666667,0.0
A_OFF,off,fly-b,2.966666666666667,0.0
A_OFF,off,fly-a,2.975,0.0
A_OFF,off,fly-b,2.975,0.0
A_OFF,off,fly-a,2.9833333333333334,0.0
A_OFF,off,fly-b,2.9833333333333334,0.0
A_OFF,off,fly-a,2.9916666666666667,0.0
A_OFF,off,fly-b,2.9916666666666667,0.0
A_OFF,off,fly-a,3.0,0.0
A_OFF,off,fly-b,3.0,0.0
A_OFF,off,fly-a,3.0083333333333333,0.0
A_OFF,off,fly-b,3.0083333333333333,0.0
A_OFF,off,fly-a,3.0166666666666666,0.0
A_OFF,off,fly-b,3.0166666666666666,0.0
A_OFF,off,fly-a,3.025,0.0
A_OFF,off,fly-b,3.025,0.0
A_OFF,off,fly-a,3.033333333333333,0.0
A_OFF,off,fly-b,3.033333333333333,0.0
A_OFF,off,fly-a,3.0416666666666665,0.0
A_OFF,off,fly-b,3.0416666666666665,0.0
A_OFF,off,fly-a,3.05,0.0
A_OFF,off,fly-b,3.05,0.0
A_OFF,off,fly-a,3.058333333333333,0.0
A_OFF,off,fly-b,3.058333333333333,0.0
A_OFF,off,fly-a,3.0666666666666664,0.0
A_OFF,off,fly-b,3.0666666666666664,0.0
A_OFF,off,fly-a,3.075,0.0
A_OFF,off,fly-b,3.075,0.0
A_OFF,off,fly-a,3.0833333333333335,0.0
A_OFF,off,fly-b,3.0833333333333335,0.0
A_OFF,off,fly-a,3.091666666666667,0.0
A_OFF,off,fly-b,3.091666666666667,0.0
A_OFF,off,fly-a,3.1,0.0
A_OFF,off,fly-b,3.1,0.0
A_OFF,off,fly-a,3.1083333333333334,0.0
A_OFF,off,fly-b,3.1083333333333334,0.0
A_OFF,off,fly-a,3.1166666666666667,0.0
A_OFF,off,fly-b,3.1166666666666667,0.0
A_OFF,off,fly-a,3.125,0.0
A_OFF,off,fly-b,3.125,0.0
A_OFF,off,fly-a,3.1333333333333333,0.0
A_OFF,off,fly-b,3.1333333333333333,0.0
A_OFF,off,fly-a,3.1416666666666666,0.0
A_OFF,off,fly-b,3.1416666666666666,0.0
A_OFF,off,fly-a,3.15,0.0
A_OFF,off,fly-b,3.15,0.0
A_OFF,off,fly-a,3.158333333333333,0.0
A_OFF,off,fly-b,3.158333333333333,0.0
A_OFF,off,fly-a,3.1666666666666665,0.0
A_OFF,off,fly-b,3.1666666666666665,0.0
A_OFF,off,fly-a,3.175,0.0
A_OFF,off,fly-b,3.175,0.0
A_OFF,off,fly-a,3.183333333333333,0.0
A_OFF,off,fly-b,3.183333333333333,0.0
A_OFF,off,fly-a,3.1916666666666664,0.0
A_OFF,off,fly-b,3.1916666666666664,0.0
A_OFF,off,fly-a,3.2,0.0
A_OFF,off,fly-b,3.2,0.0
A_OFF,off,fly-a,3.2083333333333335,0.0
A_OFF,off,fly-b,3.2083333333333335,0.0
A_OFF,off,fly-a,3.216666666666667,0.0
A_OFF,off,fly-b,3.216666666666667,0.0
A_OFF,off,fly-a,3.225,0.0
A_OFF,off,fly-b,3.225,0.0
A_OFF,off,fly-a,3.2333333333333334,0.0
A_OFF,off,fly-b,3.2333333333333334,0.0
A_OFF,off,fly-a,3.2416666666666667,0.0
A_OFF,off,fly-b,3.2416666666666667,0.0
A_OFF,off,fly-a,3.25,0.0
A_OFF,off,fly-b,3.25,0.0
A_OFF,off,fly-a,3.2583333333333333,0.0
A_OFF,off,fly-b,3.2583333333333333,0.0
A_OFF,off,fly-a,3.2666666666666666,0.0
A_OFF,off,fly-b,3.2666666666666666,0.0
A_OFF,off,fly-a,3.275,0.0
A_OFF,off,fly-b,3.275,0.0
A_OFF,off,fly-a,3.283333333333333,0.0
A_OFF,off,fly-b,3.283333333333333,0.0
A_OFF,off,fly-a,3.2916666666666665,0.0
A_OFF,off,fly-b,3.2916666666666665,0.0
A_OFF,off,fly-a,3.3,0.0
A_OFF,off,fly-b,3.3,0.0
A_OFF,off,fly-a,3.308333333333333,0.0
A_OFF,off,fly-b,3.308333333333333,0.0
A_OFF,off,fly-a,3.3166666666666664,0.0
A_OFF,off,fly-b,3.3166666666666664,0.0
A_OFF,off,fly-a,3.3249999999999997,0.0
A_OFF,off,fly-b,3.3249999999999997,0.0
A_OFF,off,fly-a,3.3333333333333335,0.0
A_OFF,off,fly-b,3.3333333333333335,0.0
A_OFF,off,fly-a,3.341666666666667,0.0
A_OFF,off,fly-b,3.341666666666667,0.0
A_OFF,off,fly-a,3.35,0.0
A_OFF,off,fly-b,3.35,0.0
A_OFF,off,fly-a,3.3583333333333334,0.0
A_OFF,off,fly-b,3.3583333333333334,0.0
A_OFF,off,fly-a,3.3666666666666667,0.0
A_OFF,off,fly-b,3.3666666666666667,0.0
A_OFF,off,fly-a,3.375,0.0
A_OFF,off,fly-b,3.375,0.0
A_OFF,off,fly-a,3.3833333333333333,0.0
A_OFF,off,fly-b,3.3833333333333333,0.0
A_OFF,off,fly-a,3.3916666666666666,0.0
A_OFF,off,fly-b,3.3916666666666666,0.0
A_OFF,off,fly-a,3.4,0.0
A_OFF,off,fly-b,3.4,0.0
A_OFF,off,fly-a,3.408333333333333,0.0
A_OFF,off,fly-b,3.408333333333333,0.0
A_OFF,off,fly-a,3.4166666666666665,0.0
A_OFF,off,fly-b,3.4166666666666665,0.0
A_OFF,off,fly-a,3.425,0.0
A_OFF,off,fly-b,3.425,0.0
A_OFF,off,fly-a,3.433333333333333,0.0
A_OFF,off,fly-b,3.433333333333333,0.0
A_OFF,off,fly-a,3.4416666666666664,0.0
A_OFF,off,fly-b,3.4416666666666664,0.0
A_OFF,off,fly-a,3.4499999999999997,0.0
A_OFF,off,fly-b,3.4499999999999997,0.0
A_OFF,off,fly-a,3.4583333333333335,0.0
A_OFF,off,fly-b,3.4583333333333335,0.0
A_OFF,off,fly-a,3.466666666666667,0.0
A_OFF,off,fly-b,3.466666666666667,0.0
A_OFF,off,fly-a,3.475,0.0
A_OFF,off,fly-b,3.475,0.0
A_OFF,off,fly-a,3.4833333333333334,0.0
A_OFF,off,fly-b,3.4833333333333334,0.0
A_OFF,off,fly-a,3.4916666666666667,0.0
A_OFF,off,fly-b,3.4916666666666667,0.0
A_OFF,off,fly-a,3.5,0.0
A_OFF,off,fly-b,3.5,0.0
A_OFF,off,fly-a,3.5083333333333333,0.0
A_OFF,off,fly-b,3.5083333333333333,0.0
A_OFF,off,fly-a,3.5166666666666666,0.0
A_OFF,off,fly-b,3.5166666666666666,0.0
A_OFF,off,fly-a,3.525,0.0
A_OFF,off,fly-b,3.525,0.0
A_OFF,off,fly-a,3.533333333333333,0.0
A_OFF,off,fly-b,3.533333333333333,0.0
A_OFF,off,fly-a,3.5416666666666665,0.0
A_OFF,off,fly-b,3.5416666666666665,0.0
A_OFF,off,fly-a,3.55,0.0
A_OFF,off,fly-b,3.55,0.0
A_OFF,off,fly-a,3.558333333333333,0.0
A_OFF,off,fly-b,3.558333333333333,0.0
A_OFF,off,fly-a,3.5666666666666664,0.0
A_OFF,off,fly-b,3.5666666666666664,0.0
A_OFF,off,fly-a,3.5749999999999997,0.0
A_OFF,off,fly-b,3.5749999999999997,0.0
A_OFF,off,fly-a,3.5833333333333335,0.0
A_OFF,off,fly-b,3.5833333333333335,0.0
A_OFF,off,fly-a,3.591666666666667,0.0
A_OFF,off,fly-b,3.591666666666667,0.0
A_OFF,off,fly-a,3.6,0.0
A_OFF,off,fly-b,3.6,0.0
A_OFF,off,fly-a,3.6083333333333334,0.0
A_OFF,off,fly-b,3.6083333333333334,0.0
A_OFF,off,fly-a,3.6166666666666667,0.0
A_OFF,off,fly-b,3.6166666666666667,0.0
A_OFF,off,fly-a,3.625,0.0
A_OFF,off,fly-b,3.625,0.0
A_OFF,off,fly-a,3.6333333333333333,0.0
A_OFF,off,fly-b,3.6333333333333333,0.0
A_OFF,off,fly-a,3.6416666666666666,0.0
A_OFF,off,fly-b,3.6416666666666666,0.0
A_OFF,off,fly-a,3.65,0.0
A_OFF,off,fly-b,3.65,0.0
A_OFF,off,fly-a,3.658333333333333,0.0
A_OFF,off,fly-b,3.658333333333333,0.0
A_OFF,off,fly-a,3.6666666666666665,0.0
A_OFF,off,fly-b,3.6666666666666665,0.0
A_OFF,off,fly-a,3.675,0.0
A_OFF,off,fly-b,3.675,0.0
A_OFF,off,fly-a,3.683333333333333,0.0
A_OFF,off,fly-b,3.683333333333333,0.0
A_OFF,off,fly-a,3.6916666666666664,0.0
A_OFF,off,fly-b,3.6916666666666664,0.0
A_OFF,off,fly-a,3.6999999999999997,0.0
A_OFF,off,fly-b,3.6999999999999997,0.0
A_OFF,off,fly-a,3.7083333333333335,0.0
A_OFF,off,fly-b,3.7083333333333335,0.0
A_OFF,off,fly-a,3.716666666666667,0.0
A_OFF,off,fly-b,3.716666666666667,0.0
A_OFF,off,fly-a,3.725,0.0
A_OFF,off,fly-b,3.725,0.0
A_OFF,off,fly-a,3.7333333333333334,0.0
A_OFF,off,fly-b,3.7333333333333334,0.0
A_OFF,off,fly-a,3.7416666666666667,0.0
A_OFF,off,fly-b,3.7416666666666667,0.0
A_OFF,off,fly-a,3.75,0.0
A_OFF,off,fly-b,3.75,0.0
A_OFF,off,fly-a,3.7583333333333333,0.0
A_OFF,off,fly-b,3.7583333333333333,0.0
A_OFF,off,fly-a,3.7666666666666666,0.0
A_OFF,off,fly-b,3.7666666666666666,0.0
A_OFF,off,fly-a,3.775,0.0
A_OFF,off,fly-b,3.775,0.0
A_OFF,off,fly-a,3.783333333333333,0.0
A_OFF,off,fly-b,3.783333333333333,0.0
A_OFF,off,fly-a,3.7916666666666665,0.0
A_OFF,off,fly-b,3.7916666666666665,0.0
A_OFF,off,fly-a,3.8,0.0
A_OFF,off,fly-b,3.8,0.0
A_OFF,off,fly-a,3.808333333333333,0.0
A_OFF,off,fly-b,3.808333333333333,0.0
A_OFF,off,fly-a,3.8166666666666664,0.0
A_OFF,off,fly-b,3.8166666666666664,0.0
A_OFF,off,fly-a,3.8249999999999997,0.0
A_OFF,off,fly-b,3.8249999999999997,0.0
A_OFF,off,fly-a,3.8333333333333335,0.0
A_OFF,off,fly-b,3.8333333333333335,0.0
A_OFF,off,fly-a,3.841666666666667,0.0
A_OFF,off,fly-b,3.841666666666667,0.0
A_OFF,off,fly-a,3.85,0.0
A_OFF,off,fly-b,3.85,0.0
A_OFF,off,fly-a,3.8583333333333334,0.0
A_OFF,off,fly-b,3.8583333333333334,0.0
A_OFF,off,fly-a,3.8666666666666667,0.0
A_OFF,off,fly-b,3.8666666666666667,0.0
A_OFF,off,fly-a,3.875,0.0
A_OFF,off,fly-b,3.875,0.0
A_OFF,off,fly-a,3.8833333333333333,0.0
A_OFF,off,fly-b,3.8833333333333333,0.0
A_OFF,off,fly-a,3.8916666666666666,0.0
A_OFF,off,fly-b,3.8916666666666666,0.0
A_OFF,off,fly-a,3.9,0.0
A_OFF,off,fly-b,3.9,0.0
A_OFF,off,fly-a,3.908333333333333,0.0
A_OFF,off,fly-b,3.908333333333333,0.0
A_OFF,off,fly-a,3.9166666666666665,0.0
A_OFF,off,fly-b,3.9166666666666665,0.0
A_OFF,off,fly-a,3.925,0.0
A_OFF,off,fly-b,3.925,0.0
A_OFF,off,fly-a,3.933333333333333,0.0
A_OFF,off,fly-b,3.933333333333333,0.0
A_OFF,off,fly-a,3.9416666666666664,0.0
A_OFF,off,fly-b,3.9416666666666664,0.0
A_OFF,off,fly-a,3.9499999999999997,0.0
A_OFF,off,fly-b,3.9499999999999997,0.0
A_OFF,off,fly-a,3.9583333333333335,0.0
A_OFF,off,fly-b,3.9583333333333335,0.0
A_OFF,off,fly-a,3.966666666666667,0.0
A_OFF,off,fly-b,3.966666666666667,0.0
A_OFF,off,fly-a,3.975,0.0
A_OFF,off,fly-b,3.975,0.0
A_OFF,off,fly-a,3.9833333333333334,0.0
A_OFF,off,fly-b,3.9833333333333334,0.0
A_OFF,off,fly-a,3.9916666666666667,0.0
A_OFF,off,fly-b,3.9916666666666667,0.0
A_OFF,off,fly-a,4.0,0.0
A_OFF,off,fly-b,4.0,0.0
A_OFF,off,fly-a,4.008333333333333,0.0
A_OFF,off,fly-b,4.008333333333333,0.0
A_OFF,off,fly-a,4.016666666666667,0.0
A_OFF,off,fly-b,4.016666666666667,0.0
A_OFF,off,fly-a,4.025,0.0
A_OFF,off,fly-b,4.025,0.0
A_OFF,off,fly-a,4.033333333333333,0.0
A_OFF,off,fly-b,4.033333333333333,0.0
A_OFF,off,fly-a,4.041666666666667,0.0
A_OFF,off,fly-b,4.041666666666667,0.0
A_OFF,off,fly-a,4.05,0.0
A_OFF,off,fly-b,4.05,0.0
A_OFF,off,fly-a,4.058333333333334,0.0
A_OFF,off,fly-b,4.058333333333334,0.0
A_OFF,off,fly-a,4.066666666666666,0.0
A_OFF,off,fly-b,4.066666666666666,0.0
A_OFF,off,fly-a,4.075,0.0
A_OFF,off,fly-b,4.075,0.0
A_OFF,off,fly-a,4.083333333333333,0.0
A_OFF,off,fly-b,4.083333333333333,0.0
A_OFF,off,fly-a,4.091666666666667,0.0
A_OFF,off,fly-b,4.091666666666667,0.0
A_OFF,off,fly-a,4.1,0.0
A_OFF,off,fly-b,4.1,0.0
A_OFF,off,fly-a,4.108333333333333,0.0
A_OFF,off,fly-b,4.108333333333333,0.0
A_OFF,off,fly-a,4.116666666666666,0.0
A_OFF,off,fly-b,4.116666666666666,0.0
A_OFF,off,fly-a,4.125,0.0
A_OFF,off,fly-b,4.125,0.0
A_OFF,off,fly-a,4.133333333333333,0.0
A_OFF,off,fly-b,4.133333333333333,0.0
A_OFF,off,fly-a,4.141666666666667,0.0
A_OFF,off,fly-b,4.141666666666667,0.0
A_OFF,off,fly-a,4.15,0.0
A_OFF,off,fly-b,4.15,0.0
A_OFF,off,fly-a,4.158333333333333,0.0
A_OFF,off,fly-b,4.158333333333333,0.0
A_OFF,off,fly-a,4.166666666666667,0.0
A_OFF,off,fly-b,4.166666666666667,0.0
A_OFF,off,fly-a,4.175,0.0
A_OFF,off,fly-b,4.175,0.0
A_OFF,off,fly-a,4.183333333333334,0.0
A_OFF,off,fly-b,4.183333333333334,0.0
A_OFF,off,fly-a,4.191666666666666,0.0
A_OFF,off,fly-b,4.191666666666666,0.0
A_OFF,off,fly-a,4.2,0.0
A_OFF,off,fly-b,4.2,0.0
A_OFF,off,fly-a,4.208333333333333,0.0
A_OFF,off,fly-b,4.208333333333333,0.0
A_OFF,off,fly-a,4.216666666666667,0.0
A_OFF,off,fly-b,4.216666666666667,0.0
A_OFF,off,fly-a,4.225,0.0
A_OFF,off,fly-b,4.225,0.0
A_OFF,off,fly-a,4.233333333333333,0.0
A_OFF,off,fly-b,4.233333333333333,0.0
A_OFF,off,fly-a,4.241666666666666,0.0
A_OFF,off,fly-b,4.241666666666666,0.0
A_OFF,off,fly-a,4.25,0.0
A_OFF,off,fly-b,4.25,0.0
A_OFF,off,fly-a,4.258333333333333,0.0
A_OFF,off,fly-b,4.258333333333333,0.0
A_OFF,off,fly-a,4.266666666666667,0.0
A_OFF,off,fly-b,4.266666666666667,0.0
A_OFF,off,fly-a,4.275,0.0
A_OFF,off,fly-b,4.275,0.0
A_OFF,off,fly-a,4.283333333333333,0.0
A_OFF,off,fly-b,4.283333333333333,0.0
A_OFF,off,fly-a,4.291666666666667,0.0
A_OFF,off,fly-b,4.291666666666667,0.0
A_OFF,off,fly-a,4.3,0.0
A_OFF,off,fly-b,4.3,0.0
A_OFF,off,fly-a,4.308333333333334,0.0
A_OFF,off,fly-b,4.308333333333334,0.0
A_OFF,off,fly-a,4.316666666666666,0.0
A_OFF,off,fly-b,4.316666666666666,0.0
A_OFF,off,fly-a,4.325,0.0
A_OFF,off,fly-b,4.325,0.0
A_OFF,off,fly-a,4.333333333333333,0.0
A_OFF,off,fly-b,4.333333333333333,0.0
A_OFF,off,fly-a,4.341666666666667,0.0
A_OFF,off,fly-b,4.341666666666667,0.0
A_OFF,off,fly-a,4.35,0.0
A_OFF,off,fly-b,4.35,0.0
A_OFF,off,fly-a,4.358333333333333,0.0
A_OFF,off,fly-b,4.358333333333333,0.0
A_OFF,off,fly-a,4.366666666666666,0.0
A_OFF,off,fly-b,4.366666666666666,0.0
A_OFF,off,fly-a,4.375,0.0
A_OFF,off,fly-b,4.375,0.0
A_OFF,off,fly-a,4.383333333333333,0.0
A_OFF,off,fly-b,4.383333333333333,0.0
A_OFF,off,fly-a,4.391666666666667,0.0
A_OFF,off,fly-b,4.391666666666667,0.0
A_OFF,off,fly-a,4.4,0.0
A_OFF,off,fly-b,4.4,0.0
A_OFF,off,fly-a,4.408333333333333,0.0
A_OFF,off,fly-b,4.408333333333333,0.0
A_OFF,off,fly-a,4.416666666666667,0.0
A_OFF,off,fly-b,4.416666666666667,0.0
A_OFF,off,fly-a,4.425,0.0
A_OFF,off,fly-b,4.425,0.0
A_OFF,off,fly-a,4.433333333333334,0.0
A_OFF,off,fly-b,4.433333333333334,0.0
A_OFF,off,fly-a,4.441666666666666,0.0
A_OFF,off,fly-b,4.441666666666666,0.0
A_OFF,off,fly-a,4.45,0.0
A_OFF,off,fly-b,4.45,0.0
A_OFF,off,fly-a,4.458333333333333,0.0
A_OFF,off,fly-b,4.458333333333333,0.0
A_OFF,off,fly-a,4.466666666666667,0.0
A_OFF,off,fly-b,4.466666666666667,0.0
A_OFF,off,fly-a,4.475,0.0
A_OFF,off,fly-b,4.475,0.0
A_OFF,off,fly-a,4.483333333333333,0.0
A_OFF,off,fly-b,4.483333333333333,0.0
A_OFF,off,fly-a,4.491666666666666,0.0
A_OFF,off,fly-b,4.491666666666666,0.0
A_OFF,off,fly-a,4.5,0.0
A_OFF,off,fly-b,4.5,0.0
A_OFF,off,fly-a,4.508333333333333,0.0
A_OFF,off,fly-b,4.508333333333333,0.0
A_OFF,off,fly-a,4.516666666666667,0.0
A_OFF,off,fly-b,4.516666666666667,0.0
A_OFF,off,fly-a,4.525,0.0
A_OFF,off,fly-b,4.525,0.0
A_OFF,off,fly-a,4.533333333333333,0.0
A_OFF,off,fly-b,4.533333333333333,0.0
A_OFF,off,fly-a,4.541666666666667,0.0
A_OFF,off,fly-b,4.541666666666667,0.0
A_OFF,off,fly-a,4.55,0.0
A_OFF,off,fly-b,4.55,0.0
A_OFF,off,fly-a,4.558333333333334,0.0
A_OFF,off,fly-b,4.558333333333334,0.0
A_OFF,off,fly-a,4.566666666666666,0.0
A_OFF,off,fly-b,4.566666666666666,0.0
A_OFF,off,fly-a,4.575,0.0
A_OFF,off,fly-b,4.575,0.0
A_OFF,off,fly-a,4.583333333333333,0.0
A_OFF,off,fly-b,4.583333333333333,0.0
A_OFF,off,fly-a,4.591666666666667,0.0
A_OFF,off,fly-b,4.591666666666667,0.0
A_OFF,off,fly-a,4.6,0.0
A_OFF,off,fly-b,4.6,0.0
A_OFF,off,fly-a,4.608333333333333,0.0
A_OFF,off,fly-b,4.608333333333333,0.0
A_OFF,off,fly-a,4.616666666666666,0.0
A_OFF,off,fly-b,4.616666666666666,0.0
A_OFF,off,fly-a,4.625,0.0
A_OFF,off,fly-b,4.625,0.0
A_OFF,off,fly-a,4.633333333333333,0.0
A_OFF,off,fly-b,4.633333333333333,0.0
A_OFF,off,fly-a,4.641666666666667,0.0
A_OFF,off,fly-b,4.641666666666667,0.0
A_OFF,off,fly-a,4.65,0.0
A_OFF,off,fly-b,4.65,0.0
A_OFF,off,fly-a,4.658333333333333,0.0
A_OFF,off,fly-b,4.658333333333333,0.0
A_OFF,off,fly-a,4.666666666666667,0.0
A_OFF,off,fly-b,4.666666666666667,0.0
A_OFF,off,fly-a,4.675,0.0
A_OFF,off,fly-b,4.675,0.0
A_OFF,off,fly-a,4.683333333333334,0.0
A_OFF,off,fly-b,4.683333333333334,0.0
A_OFF,off,fly-a,4.691666666666666,0.0
A_OFF,off,fly-b,4.691666666666666,0.0
A_OFF,off,fly-a,4.7,0.0
A_OFF,off,fly-b,4.7,0.0
A_OFF,off,fly-a,4.708333333333333,0.0
A_OFF,off,fly-b,4.708333333333333,0.0
A_OFF,off,fly-a,4.716666666666667,0.0
A_OFF,off,fly-b,4.716666666666667,0.0
A_OFF,off,fly-a,4.725,0.0
A_OFF,off,fly-b,4.725,0.0
A_OFF,off,fly-a,4.733333333333333,0.0
A_OFF,off,fly-b,4.733333333333333,0.0
A_OFF,off,fly-a,4.741666666666666,0.0
A_OFF,off,fly-b,4.741666666666666,0.0
A_OFF,off,fly-a,4.75,0.0
A_OFF,off,fly-b,4.75,0.0
A_OFF,off,fly-a,4.758333333333333,0.0
A_OFF,off,fly-b,4.758333333333333,0.0
A_OFF,off,fly-a,4.766666666666667,0.0
A_OFF,off,fly-b,4.766666666666667,0.0
A_OFF,off,fly-a,4.775,0.0
A_OFF,off,fly-b,4.775,0.0
A_OFF,off,fly-a,4.783333333333333,0.0
A_OFF,off,fly-b,4.783333333333333,0.0
A_OFF,off,fly-a,4.791666666666667,0.0
A_OFF,off,fly-b,4.791666666666667,0.0
A_OFF,off,fly-a,4.8,0.0
A_OFF,off,fly-b,4.8,0.0
A_OFF,off,fly-a,4.808333333333334,0.0
A_OFF,off,fly-b,4.808333333333334,0.0
A_OFF,off,fly-a,4.816666666666666,0.0
A_OFF,off,fly-b,4.816666666666666,0.0
A_OFF,off,fly-a,4.825,0.0
A_OFF,off,fly-b,4.825,0.0
A_OFF,off,fly-a,4.833333333333333,0.0
A_OFF,off,fly-b,4.833333333333333,0.0
A_OFF,off,fly-a,4.841666666666667,0.0
A_OFF,off,fly-b,4.841666666666667,0.0
A_OFF,off,fly-a,4.85,0.0
A_OFF,off,fly-b,4.85,0.0
A_OFF,off,fly-a,4.858333333333333,0.0
A_OFF,off,fly-b,4.858333333333333,0.0
A_OFF,off,fly-a,4.866666666666666,0.0
A_OFF,off,fly-b,4.866666666666666,0.0
A_OFF,off,fly-a,4.875,0.0
A_OFF,off,fly-b,4.875,0.0
A_OFF,off,fly-a,4.883333333333333,0.0
A_OFF,off,fly-b,4.883333333333333,0.0
A_OFF,off,fly-a,4.891666666666667,0.0
A_OFF,off,fly-b,4.891666666666667,0.0
A_OFF,off,fly-a,4.9,0.0
A_OFF,off,fly-b,4.9,0.0
A_OFF,off,fly-a,4.908333333333333,0.0
A_OFF,off,fly-b,4.908333333333333,0.0
A_OFF,off,fly-a,4.916666666666667,0.0
A_OFF,off,fly-b,4.916666666666667,0.0
A_OFF,off,fly-a,4.925,0.0
A_OFF,off,fly-b,4.925,0.0
A_OFF,off,fly-a,4.933333333333334,0.0
A_OFF,off,fly-b,4.933333333333334,0.0
A_OFF,off,fly-a,4.941666666666666,0.0
A_OFF,off,fly-b,4.941666666666666,0.0
A_OFF,off,fly-a,4.95,0.0
A_OFF,off,fly-b,4.95,0.0
A_OFF,off,fly-a,4.958333333333333,0.0
A_OFF,off,fly-b,4.958333333333333,0.0
A_OFF,off,fly-a,4.966666666666667,0.0
A_OFF,off,fly-b,4.966666666666667,0.0
A_OFF,off,fly-a,4.975,0.0
A_OFF,off,fly-b,4.975,0.0
A_OFF,off,fly-a,4.983333333333333,0.0
A_OFF,off,fly-b,4.983333333333333,0.0
A_OFF,off,fly-a,4.991666666666666,0.0
A_OFF,off,fly-b,4.991666666666666,0.0
A_OFF,off,fly-a,5.0,0.0
A_OFF,off,fly-b,5.0,0.0
A_OFF,off,fly-a,5.008333333333333,0.0
A_OFF,off,fly-b,5.008333333333333,0.0
A_OFF,off,fly-a,5.016666666666667,0.0
A_OFF,off,fly-b,5.016666666666667,0.0
A_OFF,off,fly-a,5.025,0.0
A_OFF,off,fly-b,5.025,0.0
A_OFF,off,fly-a,5.033333333333333,0.0
A_OFF,off,fly-b,5.033333333333333,0.0
A_OFF,off,fly-a,5.041666666666667,0.0
A_OFF,off,fly-b,5.041666666666667,0.0
A_OFF,off,fly-a,5.05,0.0
A_OFF,off,fly-b,5.05,0.0
A_OFF,off,fly-a,5.058333333333334,0.0
A_OFF,off,fly-b,5.058333333333334,0.0
A_OFF,off,fly-a,5.066666666666666,0.0
A_OFF,off,fly-b,5.066666666666666,0.0
A_OFF,off,fly-a,5.075,0.0
A_OFF,off,fly-b,5.075,0.0
A_OFF,off,fly-a,5.083333333333333,0.0
A_OFF,off,fly-b,5.083333333333333,0.0
A_OFF,off,fly-a,5.091666666666667,0.0
A_OFF,off,fly-b,5.091666666666667,0.0
A_OFF,off,fly-a,5.1,0.0
A_OFF,off,fly-b,5.1,0.0
A_OFF,off,fly-a,5.108333333333333,0.0
A_OFF,off,fly-b,5.108333333333333,0.0
A_OFF,off,fly-a,5.116666666666666,0.0
A_OFF,off,fly-b,5.116666666666666,0.0
A_OFF,off,fly-a,5.125,0.0
A_OFF,off,fly-b,5.125,0.0
A_OFF,off,fly-a,5.133333333333333,0.0
A_OFF,off,fly-b,5.133333333333333,0.0
A_OFF,off,fly-a,5.141666666666667,0.0
A_OFF,off,fly-b,5.141666666666667,0.0
A_OFF,off,fly-a,5.15,0.0
A_OFF,off,fly-b,5.15,0.0
A_OFF,off,fly-a,5.158333333333333,0.0
A_OFF,off,fly-b,5.158333333333333,0.0
A_OFF,off,fly-a,5.166666666666667,0.0
A_OFF,off,fly-b,5.166666666666667,0.0
A_OFF,off,fly-a,5.175,0.0
A_OFF,off,fly-b,5.175,0.0
A_OFF,off,fly-a,5.183333333333334,0.0
A_OFF,off,fly-b,5.183333333333334,0.0
A_OFF,off,fly-a,5.191666666666666,0.0
A_OFF,off,fly-b,5.191666666666666,0.0
A_OFF,off,fly-a,5.2,0.0
A_OFF,off,fly-b,5.2,0.0
A_OFF,off,fly-a,5.208333333333333,0.0
A_OFF,off,fly-b,5.208333333333333,0.0
A_OFF,off,fly-a,5.216666666666667,0.0
A_OFF,off,fly-b,5.216666666666667,0.0
A_OFF,off,fly-a,5.225,0.0
A_OFF,off,fly-b,5.225,0.0
A_OFF,off,fly-a,5.233333333333333,0.0
A_OFF,off,fly-b,5.233333333333333,0.0
A_OFF,off,fly-a,5.241666666666666,0.0
A_OFF,off,fly-b,5.241666666666666,0.0
A_OFF,off,fly-a,5.25,0.0
A_OFF,off,fly-b,5.25,0.0
A_OFF,off,fly-a,5.258333333333333,0.0
A_OFF,off,fly-b,5.258333333333333,0.0
A_OFF,off,fly-a,5.266666666666667,0.0
A_OFF,off,fly-b,5.266666666666667,0.0
A_OFF,off,fly-a,5.275,0.0
A_OFF,off,fly-b,5.275,0.0
A_OFF,off,fly-a,5.283333333333333,0.0
A_OFF,off,fly-b,5.283333333333333,0.0
A_OFF,off,fly-a,5.291666666666667,0.0
A_OFF,off,fly-b,5.291666666666667,0.0
A_OFF,off,fly-a,5.3,0.0
A_OFF,off,fly-b,5.3,0.0
A_OFF,off,fly-a,5.308333333333334,0.0
A_OFF,off,fly-b,5.308333333333334,0.0
A_OFF,off,fly-a,5.316666666666666,0.0
A_OFF,off,fly-b,5.316666666666666,0.0
A_OFF,off,fly-a,5.325,0.0
A_OFF,off,fly-b,5.325,0.0
A_OFF,off,fly-a,5.333333333333333,0.0
A_OFF,off,fly-b,5.333333333333333,0.0
A_OFF,off,fly-a,5.341666666666667,0.0
A_OFF,off,fly-b,5.341666666666667,0.0
A_OFF,off,fly-a,5.35,0.0
A_OFF,off,fly-b,5.35,0.0
A_OFF,off,fly-a,5.358333333333333,0.0
A_OFF,off,fly-b,5.358333333333333,0.0
A_OFF,off,fly-a,5.366666666666666,0.0
A_OFF,off,fly-b,5.366666666666666,0.0
A_OFF,off,fly-a,5.375,0.0
A_OFF,off,fly-b,5.375,0.0
A_OFF,off,fly-a,5.383333333333333,0.0
A_OFF,off,fly-b,5.383333333333333,0.0
A_OFF,off,fly-a,5.391666666666667,0.0
A_OFF,off,fly-b,5.391666666666667,0.0
A_OFF,off,fly-a,5.4,0.0
A_OFF,off,fly-b,5.4,0.0
A_OFF,off,fly-a,5.408333333333333,0.0
A_OFF,off,fly-b,5.408333333333333,0.0
A_OFF,off,fly-a,5.416666666666667,0.0
A_OFF,off,fly-b,5.416666666666667,0.0
A_OFF,off,fly-a,5.425,0.0
A_OFF,off,fly-b,5.425,0.0
A_OFF,off,fly-a,5.433333333333334,0.0
A_OFF,off,fly-b,5.433333333333334,0.0
A_OFF,off,fly-a,5.441666666666666,0.0
A_OFF,off,fly-b,5.441666666666666,0.0
A_OFF,off,fly-a,5.45,0.0
A_OFF,off,fly-b,5.45,0.0
A_OFF,off,fly-a,5.458333333333333,0.0
A_OFF,off,fly-b,5.458333333333333,0.0
A_OFF,off,fly-a,5.466666666666667,0.0
A_OFF,off,fly-b,5.466666666666667,0.0
A_OFF,off,fly-a,5.475,0.0
A_OFF,off,fly-b,5.475,0.0
A_OFF,off,fly-a,5.483333333333333,0.0
A_OFF,off,fly-b,5.483333333333333,0.0
A_OFF,off,fly-a,5.491666666666666,0.0
A_OFF,off,fly-b,5.491666666666666,0.0
A_OFF,off,fly-a,5.5,0.0
A_OFF,off,fly-b,5.5,0.0
A_OFF,off,fly-a,5.508333333333333,0.0
A_OFF,off,fly-b,5.508333333333333,0.0
A_OFF,off,fly-a,5.516666666666667,0.0
A_OFF,off,fly-b,5.516666666666667,0.0
A_OFF,off,fly-a,5.525,0.0
A_OFF,off,fly-b,5.525,0.0
A_OFF,off,fly-a,5.533333333333333,0.0
A_OFF,off,fly-b,5.533333333333333,0.0
A_OFF,off,fly-a,5.541666666666667,0.0
A_OFF,off,fly-b,5.541666666666667,0.0
A_OFF,off,fly-a,5.55,0.0
A_OFF,off,fly-b,5.55,0.0
A_OFF,off,fly-a,5.558333333333334,0.0
A_OFF,off,fly-b,5.558333333333334,0.0
A_OFF,off,fly-a,5.566666666666666,0.0
A_OFF,off,fly-b,5.566666666666666,0.0
A_OFF,off,fly-a,5.575,0.0
A_OFF,off,fly-b,5.575,0.0
A_OFF,off,fly-a,5.583333333333333,0.0
A_OFF,off,fly-b,5.583333333333333,0.0
A_OFF,off,fly-a,5.591666666666667,0.0
A_OFF,off,fly-b,5.591666666666667,0.0
A_OFF,off,fly-a,5.6,0.0
A_OFF,off,fly-b,5.6,0.0
A_OFF,off,fly-a,5.608333333333333,0.0
A_OFF,off,fly-b,5.608333333333333,0.0
A_OFF,off,fly-a,5.616666666666666,0.0
A_OFF,off,fly-b,5.616666666666666,0.0
A_OFF,off,fly-a,5.625,0.0
A_OFF,off,fly-b,5.625,0.0
A_OFF,off,fly-a,5.633333333333333,0.0
A_OFF,off,fly-b,5.633333333333333,0.0
A_OFF,off,fly-a,5.641666666666667,0.0
A_OFF,off,fly-b,5.641666666666667,0.0
A_OFF,off,fly-a,5.65,0.0
A_OFF,off,fly-b,5.65,0.0
A_OFF,off,fly-a,5.658333333333333,0.0
A_OFF,off,fly-b,5.658333333333333,0.0
A_OFF,off,fly-a,5.666666666666667,0.0
A_OFF,off,fly-b,5.666666666666667,0.0
A_OFF,off,fly-a,5.675,0.0
A_OFF,off,fly-b,5.675,0.0
A_OFF,off,fly-a,5.683333333333334,0.0
A_OFF,off,fly-b,5.683333333333334,0.0
A_OFF,off,fly-a,5.691666666666666,0.0
A_OFF,off,fly-b,5.691666666666666,0.0
A_OFF,off,fly-a,5.7,0.0
A_OFF,off,fly-b,5.7,0.0
A_OFF,off,fly-a,5.708333333333333,0.0
A_OFF,off,fly-b,5.708333333333333,0.0
A_OFF,off,fly-a,5.716666666666667,0.0
A_OFF,off,fly-b,5.716666666666667,0.0
A_OFF,off,fly-a,5.725,0.0
A_OFF,off,fly-b,5.725,0.0
A_OFF,off,fly-a,5.733333333333333,0.0
A_OFF,off,fly-b,5.733333333333333,0.0
A_OFF,off,fly-a,5.741666666666666,0.0
A_OFF,off,fly-b,5.741666666666666,0.0
A_OFF,off,fly-a,5.75,0.0
A_OFF,off,fly-b,5.75,0.0
A_OFF,off,fly-a,5.758333333333333,0.0
A_OFF,off,fly-b,5.758333333333333,0.0
A_OFF,off,fly-a,5.766666666666667,0.0
A_OFF,off,fly-b,5.766666666666667,0.0
A_OFF,off,fly-a,5.775,0.0
A_OFF,off,fly-b,5.775,0.0
A_OFF,off,fly-a,5.783333333333333,0.0
A_OFF,off,fly-b,5.783333333333333,0.0
A_OFF,off,fly-a,5.791666666666667,0.0
A_OFF,off,fly-b,5.791666666666667,0.0
A_OFF,off,fly-a,5.8,0.0
A_OFF,off,fly-b,5.8,0.0
A_OFF,off,fly-a,5.808333333333334,0.0
A_OFF,off,fly-b,5.808333333333334,0.0
A_OFF,off,fly-a,5.816666666666666,0.0
A_OFF,off,fly-b,5.816666666666666,0.0
A_OFF,off,fly-a,5.825,0.0
A_OFF,off,fly-b,5.825,0.0
A_OFF,off,fly-a,5.833333333333333,0.0
A_OFF,off,fly-b,5.833333333333333,0.0
A_OFF,off,fly-a,5.841666666666667,0.0
A_OFF,off,fly-b,5.841666666666667,0.0
A_OFF,off,fly-a,5.85,0.0
A_OFF,off,fly-b,5.85,0.0
A_OFF,off,fly-a,5.858333333333333,0.0
A_OFF,off,fly-b,5.858333333333333,0.0
A_OFF,off,fly-a,5.866666666666666,0.0
A_OFF,off,fly-b,5.866666666666666,0.0
A_OFF,off,fly-a,5.875,0.0
A_OFF,off,fly-b,5.875,0.0
A_OFF,off,fly-a,5.883333333333333,0.0
A_OFF,off,fly-b,5.883333333333333,0.0
A_OFF,off,fly-a,5.891666666666667,0.0
A_OFF,off,fly-b,5.891666666666667,0.0
A_OFF,off,fly-a,5.9,0.0
A_OFF,off,fly-b,5.9,0.0
A_OFF,off,fly-a,5.908333333333333,0.0
A_OFF,off,fly-b,5.908333333333333,0.0
A_OFF,off,fly-a,5.916666666666667,0.0
A_OFF,off,fly-b,5.916666666666667,0.0
A_OFF,off,fly-a,5.925,0.0
A_OFF,off,fly-b,5.925,0.0
A_OFF,off,fly-a,5.933333333333334,0.0
A_OFF,off,fly-b,5.933333333333334,0.0
A_OFF,off,fly-a,5.941666666666666,0.0
A_OFF,off,fly-b,5.941666666666666,0.0
A_OFF,off,fly-a,5.95,0.0
A_OFF,off,fly-b,5.95,0.0
A_OFF,off,fly-a,5.958333333333333,0.0
A_OFF,off,fly-b,5.958333333333333,0.0
A_OFF,off,fly-a,5.966666666666667,0.0
A_OFF,off,fly-b,5.966666666666667,0.0
A_OFF,off,fly-a,5.975,0.0
A_OFF,off,fly-b,5.975,0.0
A_OFF,off,fly-a,5.983333333333333,0.0
A_OFF,off,fly-b,5.983333333333333,0.0
A_OFF,off,fly-a,5.991666666666666,0.0
A_OFF,off,fly-b,5.991666666666666,0.0
A_OFF,off,fly-a,6.0,0.0
A_OFF,off,fly-b,6.0,0.0
A_OFF,off,fly-a,6.008333333333333,0.0
A_OFF,off,fly-b,6.008333333333333,0.0
A_OFF,off,fly-a,6.016666666666667,0.0
A_OFF,off,fly-b,6.016666666666667,0.0
A_OFF,off,fly-a,6.025,0.0
A_OFF,off,fly-b,6.025,0.0
A_OFF,off,fly-a,6.033333333333333,0.0
A_OFF,off,fly-b,6.033333333333333,0.0
A_OFF,off,fly-a,6.041666666666667,0.0
A_OFF,off,fly-b,6.041666666666667,0.0
A_OFF,off,fly-a,6.05,0.0
A_OFF,off,fly-b,6.05,0.0
A_OFF,off,fly-a,6.058333333333334,0.0
A_OFF,off,fly-b,6.058333333333334,0.0
A_OFF,off,fly-a,6.066666666666666,0.0
A_OFF,off,fly-b,6.066666666666666,0.0
A_OFF,off,fly-a,6.075,0.0
A_OFF,off,fly-b,6.075,0.0
A_OFF,off,fly-a,6.083333333333333,0.0
A_OFF,off,fly-b,6.083333333333333,0.0
A_OFF,off,fly-a,6.091666666666667,0.0
A_OFF,off,fly-b,6.091666666666667,0.0
A_OFF,off,fly-a,6.1,0.0
A_OFF,off,fly-b,6.1,0.0
A_OFF,off,fly-a,6.108333333333333,0.0
A_OFF,off,fly-b,6.108333333333333,0.0
A_OFF,off,fly-a,6.116666666666666,0.0
A_OFF,off,fly-b,6.116666666666666,0.0
A_OFF,off,fly-a,6.125,0.0
A_OFF,off,fly-b,6.125,0.0
A_OFF,off,fly-a,6.133333333333333,0.0
A_OFF,off,fly-b,6.133333333333333,0.0
A_OFF,off,fly-a,6.141666666666667,0.0
A_OFF,off,fly-b,6.141666666666667,0.0
A_OFF,off,fly-a,6.15,0.0
A_OFF,off,fly-b,6.15,0.0
A_OFF,off,fly-a,6.158333333333333,0.0
A_OFF,off,fly-b,6.158333333333333,0.0
A_OFF,off,fly-a,6.166666666666667,0.0
A_OFF,off,fly-b,6.166666666666667,0.0
A_OFF,off,fly-a,6.175,0.0
A_OFF,off,fly-b,6.175,0.0
A_OFF,off,fly-a,6.183333333333334,0.0
A_OFF,off,fly-b,6.183333333333334,0.0
A_OFF,off,fly-a,6.191666666666666,0.0
A_OFF,off,fly-b,6.191666666666666,0.0
A_OFF,off,fly-a,6.2,0.0
A_OFF,off,fly-b,6.2,0.0
A_OFF,off,fly-a,6.208333333333333,0.0
A_OFF,off,fly-b,6.208333333333333,0.0
A_OFF,off,fly-a,6.216666666666667,0.0
A_OFF,off,fly-b,6.216666666666667,0.0
A_OFF,off,fly-a,6.225,0.0
A_OFF,off,fly-b,6.225,0.0
A_OFF,off,fly-a,6.233333333333333,0.0
A_OFF,off,fly-b,6.233333333333333,0.0
A_OFF,off,fly-a,6.241666666666666,0.0
A_OFF,off,fly-b,6.241666666666666,0.0
A_OFF,off,fly-a,6.25,0.0
A_OFF,off,fly-b,6.25,0.0
A_OFF,off,fly-a,6.258333333333333,0.0
A_OFF,off,fly-b,6.258333333333333,0.0
A_OFF,off,fly-a,6.266666666666667,0.0
A_OFF,off,fly-b,6.266666666666667,0.0
A_OFF,off,fly-a,6.275,0.0
A_OFF,off,fly-b,6.275,0.0
A_OFF,off,fly-a,6.283333333333333,0.0
A_OFF,off,fly-b,6.283333333333333,0.0
A_OFF,off,fly-a,6.291666666666667,0.0
A_OFF,off,fly-b,6.291666666666667,0.0
A_OFF,off,fly-a,6.3,0.0
A_OFF,off,fly-b,6.3,0.0
A_OFF,off,fly-a,6.308333333333334,0.0
A_OFF,off,fly-b,6.308333333333334,0.0
A_OFF,off,fly-a,6.316666666666666,0.0
A_OFF,off,fly-b,6.316666666666666,0.0
A_OFF,off,fly-a,6.325,0.0
A_OFF,off,fly-b,6.325,0.0
A_OFF,off,fly-a,6.333333333333333,0.0
A_OFF,off,fly-b,6.333333333333333,0.0
A_OFF,off,fly-a,6.341666666666667,0.0
A_OFF,off,fly-b,6.341666666666667,0.0
A_OFF,off,fly-a,6.35,0.0
A_OFF,off,fly-b,6.35,0.0
A_OFF,off,fly-a,6.358333333333333,0.0
A_OFF,off,fly-b,6.358333333333333,0.0
A_OFF,off,fly-a,6.366666666666666,0.0
A_OFF,off,fly-b,6.366666666666666,0.0
A_OFF,off,fly-a,6.375,0.0
A_OFF,off,fly-b,6.375,0.0
A_OFF,off,fly-a,6.383333333333333,0.0
A_OFF,off,fly-b,6.383333333333333,0.0
A_OFF,off,fly-a,6.391666666666667,0.0
A_OFF,off,fly-b,6.391666666666667,0.0
A_OFF,off,fly-a,6.4,0.0
A_OFF,off,fly-b,6.4,0.0
A_OFF,off,fly-a,6.408333333333333,0.0
A_OFF,off,fly-b,6.408333333333333,0.0
A_OFF,off,fly-a,6.416666666666667,0.0
A_OFF,off,fly-b,6.416666666666667,0.0
A_OFF,off,fly-a,6.425,0.0
A_OFF,off,fly-b,6.425,0.0
A_OFF,off,fly-a,6.433333333333334,0.0
A_OFF,off,fly-b,6.433333333333334,0.0
A_OFF,off,fly-a,6.441666666666666,0.0
A_OFF,off,fly-b,6.441666666666666,0.0
A_OFF,off,fly-a,6.45,0.0
A_OFF,off,fly-b,6.45,0.0
A_OFF,off,fly-a,6.458333333333333,0.0
A_OFF,off,fly-b,6.458333333333333,0.0
A_OFF,off,fly-a,6.466666666666667,0.0
A_OFF,off,fly-b,6.466666666666667,0.0
A_OFF,off,fly-a,6.475,0.0
A_OFF,off,fly-b,6.475,0.0
A_OFF,off,fly-a,6.483333333333333,0.0
A_OFF,off,fly-b,6.483333333333333,0.0
A_OFF,off,fly-a,6.491666666666666,0.0
A_OFF,off,fly-b,6.491666666666666,0.0
A_OFF,off,fly-a,6.5,0.0
A_OFF,off,fly-b,6.5,0.0
A_OFF,off,fly-a,6.508333333333333,0.0
A_OFF,off,fly-b,6.508333333333333,0.0
A_OFF,off,fly-a,6.516666666666667,0.0
A_OFF,off,fly-b,6.516666666666667,0.0
A_OFF,off,fly-a,6.5249999999999995,0.0
A_OFF,off,fly-b,6.5249999999999995,0.0
A_OFF,off,fly-a,6.533333333333333,0.0
A_OFF,off,fly-b,6.533333333333333,0.0
A_OFF,off,fly-a,6.541666666666667,0.0
A_OFF,off,fly-b,6.541666666666667,0.0
A_OFF,off,fly-a,6.55,0.0
A_OFF,off,fly-b,6.55,0.0
A_OFF,off,fly-a,6.558333333333334,0.0
A_OFF,off,fly-b,6.558333333333334,0.0
A_OFF,off,fly-a,6.566666666666666,0.0
A_OFF,off,fly-b,6.566666666666666,0.0
A_OFF,off,fly-a,6.575,0.0
A_OFF,off,fly-b,6.575,0.0
A_OFF,off,fly-a,6.583333333333333,0.0
A_OFF,off,fly-b,6.583333333333333,0.0
A_OFF,off,fly-a,6.591666666666667,0.0
A_OFF,off,fly-b,6.591666666666667,0.0
A_OFF,off,fly-a,6.6,0.0
A_OFF,off,fly-b,6.6,0.0
A_OFF,off,fly-a,6.608333333333333,0.0
A_OFF,off,fly-b,6.608333333333333,0.0
A_OFF,off,fly-a,6.616666666666666,0.0
A_OFF,off,fly-b,6.616666666666666,0.0
A_OFF,off,fly-a,6.625,0.0
A_OFF,off,fly-b,6.625,0.0
A_OFF,off,fly-a,6.633333333333333,0.0
A_OFF,off,fly-b,6.633333333333333,0.0
A_OFF,off,fly-a,6.641666666666667,0.0
A_OFF,off,fly-b,6.641666666666667,0.0
A_OFF,off,fly-a,6.6499999999999995,0.0
A_OFF,off,fly-b,6.6499999999999995,0.0
A_OFF,off,fly-a,6.658333333333333,0.0
A_OFF,off,fly-b,6.658333333333333,0.0
A_OFF,off,fly-a,6.666666666666667,0.0
A_OFF,off,fly-b,6.666666666666667,0.0
A_OFF,off,fly-a,6.675,0.0
A_OFF,off,fly-b,6.675,0.0
A_OFF,off,fly-a,6.683333333333334,0.0
A_OFF,off,fly-b,6.683333333333334,0.0
A_OFF,off,fly-a,6.691666666666666,0.0
A_OFF,off,fly-b,6.691666666666666,0.0
A_OFF,off,fly-a,6.7,0.0
A_OFF,off,fly-b,6.7,0.0
A_OFF,off,fly-a,6.708333333333333,0.0
A_OFF,off,fly-b,6.708333333333333,0.0
A_OFF,off,fly-a,6.716666666666667,0.0
A_OFF,off,fly-b,6.716666666666667,0.0
A_OFF,off,fly-a,6.725,0.0
A_OFF,off,fly-b,6.725,0.0
A_OFF,off,fly-a,6.733333333333333,0.0
A_OFF,off,fly-b,6.733333333333333,0.0
A_OFF,off,fly-a,6.741666666666666,0.0
A_OFF,off,fly-b,6.741666666666666,0.0
A_OFF,off,fly-a,6.75,0.0
A_OFF,off,fly-b,6.75,0.0
A_OFF,off,fly-a,6.758333333333333,0.0
A_OFF,off,fly-b,6.758333333333333,0.0
A_OFF,off,fly-a,6.766666666666667,0.0
A_OFF,off,fly-b,6.766666666666667,0.0
A_OFF,off,fly-a,6.7749999999999995,0.0
A_OFF,off,fly-b,6.7749999999999995,0.0
A_OFF,off,fly-a,6.783333333333333,0.0
A_OFF,off,fly-b,6.783333333333333,0.0
A_OFF,off,fly-a,6.791666666666667,0.0
A_OFF,off,fly-b,6.791666666666667,0.0
A_OFF,off,fly-a,6.8,0.0
A_OFF,off,fly-b,6.8,0.0
A_OFF,off,fly-a,6.808333333333334,0.0
A_OFF,off,fly-b,6.808333333333334,0.0
A_OFF,off,fly-a,6.816666666666666,0.0
A_OFF,off,fly-b,6.816666666666666,0.0
A_OFF,off,fly-a,6.825,0.0
A_OFF,off,fly-b,6.825,0.0
A_OFF,off,fly-a,6.833333333333333,0.0
A_OFF,off,fly-b,6.833333333333333,0.0
A_OFF,off,fly-a,6.841666666666667,0.0
A_OFF,off,fly-b,6.841666666666667,0.0
A_OFF,off,fly-a,6.85,0.0
A_OFF,off,fly-b,6.85,0.0
A_OFF,off,fly-a,6.858333333333333,0.0
A_OFF,off,fly-b,6.858333333333333,0.0
A_OFF,off,fly-a,6.866666666666666,0.0
A_OFF,off,fly-b,6.866666666666666,0.0
A_OFF,off,fly-a,6.875,0.0
A_OFF,off,fly-b,6.875,0.0
A_OFF,off,fly-a,6.883333333333333,0.0
A_OFF,off,fly-b,6.883333333333333,0.0
A_OFF,off,fly-a,6.891666666666667,0.0
A_OFF,off,fly-b,6.891666666666667,0.0
A_OFF,off,fly-a,6.8999999999999995,0.0
A_OFF,off,fly-b,6.8999999999999995,0.0
A_OFF,off,fly-a,6.908333333333333,0.0
A_OFF,off,fly-b,6.908333333333333,0.0
A_OFF,off,fly-a,6.916666666666667,0.0
A_OFF,off,fly-b,6.916666666666667,0.0
A_OFF,off,fly-a,6.925,0.0
A_OFF,off,fly-b,6.925,0.0
A_OFF,off,fly-a,6.933333333333334,0.0
A_OFF,off,fly-b,6.933333333333334,0.0
A_OFF,off,fly-a,6.941666666666666,0.0
A_OFF,off,fly-b,6.941666666666666,0.0
A_OFF,off,fly-a,6.95,0.0
A_OFF,off,fly-b,6.95,0.0
A_OFF,off,fly-a,6.958333333333333,0.0
A_OFF,off,fly-b,6.958333333333333,0.0
A_OFF,off,fly-a,6.966666666666667,0.0
A_OFF,off,fly-b,6.966666666666667,0.0
A_OFF,off,fly-a,6.975,0.0
A_OFF,off,fly-b,6.975,0.0
A_OFF,off,fly-a,6.983333333333333,0.0
A_OFF,off,fly-b,6.983333333333333,0.0
A_OFF,off,fly-a,6.991666666666666,0.0
A_OFF,off,fly-b,6.991666666666666,0.0
A_OFF,off,fly-a,7.0,0.0
A_OFF,off,fly-b,7.0,0.0
A_OFF,off,fly-a,7.008333333333333,0.0
A_OFF,off,fly-b,7.008333333333333,0.0
A_OFF,off,fly-a,7.016666666666667,0.0
A_OFF,off,fly-b,7.016666666666667,0.0
A_OFF,off,fly-a,7.0249999999999995,0.0
A_OFF,off,fly-b,7.0249999999999995,0.0
A_OFF,off,fly-a,7.033333333333333,0.0
A_OFF,off,fly-b,7.033333333333333,0.0
A_OFF,off,fly-a,7.041666666666667,0.0
A_OFF,off,fly-b,7.041666666666667,0.0
A_OFF,off,fly-a,7.05,0.0
A_OFF,off,fly-b,7.05,0.0
A_OFF,off,fly-a,7.058333333333334,0.0
A_OFF,off,fly-b,7.058333333333334,0.0
A_OFF,off,fly-a,7.066666666666666,0.0
A_OFF,off,fly-b,7.066666666666666,0.0
A_OFF,off,fly-a,7.075,0.0
A_OFF,off,fly-b,7.075,0.0
A_OFF,off,fly-a,7.083333333333333,0.0
A_OFF,off,fly-b,7.083333333333333,0.0
A_OFF,off,fly-a,7.091666666666667,0.0
A_OFF,off,fly-b,7.091666666666667,0.0
A_OFF,off,fly-a,7.1,0.0
A_OFF,off,fly-b,7.1,0.0
A_OFF,off,fly-a,7.108333333333333,0.0
A_OFF,off,fly-b,7.108333333333333,0.0
A_OFF,off,fly-a,7.116666666666666,0.0
A_OFF,off,fly-b,7.116666666666666,0.0
A_OFF,off,fly-a,7.125,0.0
A_OFF,off,fly-b,7.125,0.0
A_OFF,off,fly-a,7.133333333333333,0.0
A_OFF,off,fly-b,7.133333333333333,0.0
A_OFF,off,fly-a,7.141666666666667,0.0
A_OFF,off,fly-b,7.141666666666667,0.0
A_OFF,off,fly-a,7.1499999999999995,0.0
A_OFF,off,fly-b,7.1499999999999995,0.0
A_OFF,off,fly-a,7.158333333333333,0.0
A_OFF,off,fly-b,7.158333333333333,0.0
A_OFF,off,fly-a,7.166666666666667,0.0
A_OFF,off,fly-b,7.166666666666667,0.0
A_OFF,off,fly-a,7.175,0.0
A_OFF,off,fly-b,7.175,0.0
A_OFF,off,fly-a,7.183333333333334,0.0
A_OFF,off,fly-b,7.183333333333334,0.0
A_OFF,off,fly-a,7.191666666666666,0.0
A_OFF,off,fly-b,7.191666666666666,0.0
A_OFF,off,fly-a,7.2,0.0
A_OFF,off,fly-b,7.2,0.0
A_OFF,off,fly-a,7.208333333333333,0.0
A_OFF,off,fly-b,7.208333333333333,0.0
A_OFF,off,fly-a,7.216666666666667,0.0
A_OFF,off,fly-b,7.216666666666667,0.0
A_OFF,off,fly-a,7.225,0.0
A_OFF,off,fly-b,7.225,0.0
A_OFF,off,fly-a,7.233333333333333,0.0
A_OFF,off,fly-b,7.233333333333333,0.0
A_OFF,off,fly-a,7.241666666666666,0.0
A_OFF,off,fly-b,7.241666666666666,0.0
A_OFF,off,fly-a,7.25,0.0
A_OFF,off,fly-b,7.25,0.0
A_OFF,off,fly-a,7.258333333333333,0.0
A_OFF,off,fly-b,7.258333333333333,0.0
A_OFF,off,fly-a,7.266666666666667,0.0
A_OFF,off,fly-b,7.266666666666667,0.0
A_OFF,off,fly-a,7.2749999999999995,0.0
A_OFF,off,fly-b,7.2749999999999995,0.0
A_OFF,off,fly-a,7.283333333333333,0.0
A_OFF,off,fly-b,7.283333333333333,0.0
A_OFF,off,fly-a,7.291666666666667,0.0
A_OFF,off,fly-b,7.291666666666667,0.0
A_OFF,off,fly-a,7.3,0.0
A_OFF,off,fly-b,7.3,0.0
A_OFF,off,fly-a,7.308333333333334,0.0
A_OFF,off,fly-b,7.308333333333334,0.0
A_OFF,off,fly-a,7.316666666666666,0.0
A_OFF,off,fly-b,7.316666666666666,0.0
A_OFF,off,fly-a,7.325,0.0
A_OFF,off,fly-b,7.325,0.0
A_OFF,off,fly-a,7.333333333333333,0.0
A_OFF,off,fly-b,7.333333333333333,0.0
A_OFF,off,fly-a,7.341666666666667,0.0
A_OFF,off,fly-b,7.341666666666667,0.0
A_OFF,off,fly-a,7.35,0.0
A_OFF,off,fly-b,7.35,0.0
A_OFF,off,fly-a,7.358333333333333,0.0
A_OFF,off,fly-b,7.358333333333333,0.0
A_OFF,off,fly-a,7.366666666666666,0.0
A_OFF,off,fly-b,7.366666666666666,0.0
A_OFF,off,fly-a,7.375,0.0
A_OFF,off,fly-b,7.375,0.0
A_OFF,off,fly-a,7.383333333333333,0.0
A_OFF,off,fly-b,7.383333333333333,0.0
A_OFF,off,fly-a,7.391666666666667,0.0
A_OFF,off,fly-b,7.391666666666667,0.0
A_OFF,off,fly-a,7.3999999999999995,0.0
A_OFF,off,fly-b,7.3999999999999995,0.0
A_OFF,off,fly-a,7.408333333333333,0.0
A_OFF,off,fly-b,7.408333333333333,0.0
A_OFF,off,fly-a,7.416666666666667,0.0
A_OFF,off,fly-b,7.416666666666667,0.0
A_OFF,off,fly-a,7.425,0.0
A_OFF,off,fly-b,7.425,0.0
A_OFF,off,fly-a,7.433333333333334,0.0
A_OFF,off,fly-b,7.433333333333334,0.0
A_OFF,off,fly-a,7.441666666666666,0.0
A_OFF,off,fly-b,7.441666666666666,0.0
A_OFF,off,fly-a,7.45,0.0
A_OFF,off,fly-b,7.45,0.0
A_OFF,off,fly-a,7.458333333333333,0.0
A_OFF,off,fly-b,7.458333333333333,0.0
A_OFF,off,fly-a,7.466666666666667,0.0
A_OFF,off,fly-b,7.466666666666667,0.0
A_OFF,off,fly-a,7.475,0.0
A_OFF,off,fly-b,7.475,0.0
A_OFF,off,fly-a,7.483333333333333,0.0
A_OFF,off,fly-b,7.483333333333333,0.0
A_OFF,off,fly-a,7.491666666666666,0.0
A_OFF,off,fly-b,7.491666666666666,0.0
A_OFF,off,fly-a,7.5,0.0
A_OFF,off,fly-b,7.5,0.0
A_OFF,off,fly-a,7.508333333333333,0.0
A_OFF,off,fly-b,7.508333333333333,0.0
A_OFF,off,fly-a,7.516666666666667,0.0
A_OFF,off,fly-b,7.516666666666667,0.0
A_OFF,off,fly-a,7.5249999999999995,0.0
A_OFF,off,fly-b,7.5249999999999995,0.0
A_OFF,off,fly-a,7.533333333333333,0.0
A_OFF,off,fly-b,7.533333333333333,0.0
A_OFF,off,fly-a,7.541666666666667,0.0
A_OFF,off,fly-b,7.541666666666667,0.0
A_OFF,off,fly-a,7.55,0.0
A_OFF,off,fly-b,7.55,0.0
A_OFF,off,fly-a,7.558333333333334,0.0
A_OFF,off,fly-b,7.558333333333334,0.0
A_OFF,off,fly-a,7.566666666666666,0.0
A_OFF,off,fly-b,7.566666666666666,0.0
A_OFF,off,fly-a,7.575,0.0
A_OFF,off,fly-b,7.575,0.0
A_OFF,off,fly-a,7.583333333333333,0.0
A_OFF,off,fly-b,7.583333333333333,0.0
A_OFF,off,fly-a,7.591666666666667,0.0
A_OFF,off,fly-b,7.591666666666667,0.0
A_OFF,off,fly-a,7.6,0.0
A_OFF,off,fly-b,7.6,0.0
A_OFF,off,fly-a,7.608333333333333,0.0
A_OFF,off,fly-b,7.608333333333333,0.0
A_OFF,off,fly-a,7.616666666666666,0.0
A_OFF,off,fly-b,7.616666666666666,0.0
A_OFF,off,fly-a,7.625,0.0
A_OFF,off,fly-b,7.625,0.0
A_OFF,off,fly-a,7.633333333333333,0.0
A_OFF,off,fly-b,7.633333333333333,0.0
A_OFF,off,fly-a,7.641666666666667,0.0
A_OFF,off,fly-b,7.641666666666667,0.0
A_OFF,off,fly-a,7.6499999999999995,0.0
A_OFF,off,fly-b,7.6499999999999995,0.0
A_OFF,off,fly-a,7.658333333333333,0.0
A_OFF,off,fly-b,7.658333333333333,0.0
A_OFF,off,fly-a,7.666666666666667,0.0
A_OFF,off,fly-b,7.666666666666667,0.0
A_OFF,off,fly-a,7.675,0.0
A_OFF,off,fly-b,7.675,0.0
A_OFF,off,fly-a,7.683333333333334,0.0
A_OFF,off,fly-b,7.683333333333334,0.0
A_OFF,off,fly-a,7.691666666666666,0.0
A_OFF,off,fly-b,7.691666666666666,0.0
A_OFF,off,fly-a,7.7,0.0
A_OFF,off,fly-b,7.7,0.0
A_OFF,off,fly-a,7.708333333333333,0.0
A_OFF,off,fly-b,7.708333333333333,0.0
A_OFF,off,fly-a,7.716666666666667,0.0
A_OFF,off,fly-b,7.716666666666667,0.0
A_OFF,off,fly-a,7.725,0.0
A_OFF,off,fly-b,7.725,0.0
A_OFF,off,fly-a,7.733333333333333,0.0
A_OFF,off,fly-b,7.733333333333333,0.0
A_OFF,off,fly-a,7.741666666666666,0.0
A_OFF,off,fly-b,7.741666666666666,0.0
A_OFF,off,fly-a,7.75,0.0
A_OFF,off,fly-b,7.75,0.0
A_OFF,off,fly-a,7.758333333333333,0.0
A_OFF,off,fly-b,7.758333333333333,0.0
A_OFF,off,fly-a,7.766666666666667,0.0
A_OFF,off,fly-b,7.766666666666667,0.0
A_OFF,off,fly-a,7.7749999999999995,0.0
A_OFF,off,fly-b,7.7749999999999995,0.0
A_OFF,off,fly-a,7.783333333333333,0.0
A_OFF,off,fly-b,7.783333333333333,0.0
A_OFF,off,fly-a,7.791666666666667,0.0
A_OFF,off,fly-b,7.791666666666667,0.0
A_OFF,off,fly-a,7.8,0.0
A_OFF,off,fly-b,7.8,0.0
A_OFF,off,fly-a,7.808333333333334,0.0
A_OFF,off,fly-b,7.808333333333334,0.0
A_OFF,off,fly-a,7.816666666666666,0.0
A_OFF,off,fly-b,7.816666666666666,0.0
A_OFF,off,fly-a,7.825,0.0
A_OFF,off,fly-b,7.825,0.0
A_OFF,off,fly-a,7.833333333333333,0.0
A_OFF,off,fly-b,7.833333333333333,0.0
A_OFF,off,fly-a,7.841666666666667,0.0
A_OFF,off,fly-b,7.841666666666667,0.0
A_OFF,off,fly-a,7.85,0.0
A_OFF,off,fly-b,7.85,0.0
A_OFF,off,fly-a,7.858333333333333,0.0
A_OFF,off,fly-b,7.858333333333333,0.0
A_OFF,off,fly-a,7.866666666666666,0.0
A_OFF,off,fly-b,7.866666666666666,0.0
A_OFF,off,fly-a,7.875,0.0
A_OFF,off,fly-b,7.875,0.0
A_OFF,off,fly-a,7.883333333333333,0.0
A_OFF,off,fly-b,7.883333333333333,0.0
A_OFF,off,fly-a,7.891666666666667,0.0
A_OFF,off,fly-b,7.891666666666667,0.0
A_OFF,off,fly-a,7.8999999999999995,0.0
A_OFF,off,fly-b,7.8999999999999995,0.0
A_OFF,off,fly-a,7.908333333333333,0.0
A_OFF,off,fly-b,7.908333333333333,0.0
A_OFF,off,fly-a,7.916666666666667,0.0
A_OFF,off,fly-b,7.916666666666667,0.0
A_OFF,off,fly-a,7.925,0.0
A_OFF,off,fly-b,7.925,0.0
A_OFF,off,fly-a,7.933333333333334,0.0
A_OFF,off,fly-b,7.933333333333334,0.0
A_OFF,off,fly-a,7.941666666666666,0.0
A_OFF,off,fly-b,7.941666666666666,0.0
A_OFF,off,fly-a,7.95,0.0
A_OFF,off,fly-b,7.95,0.0
A_OFF,off,fly-a,7.958333333333333,0.0
A_OFF,off,fly-b,7.958333333333333,0.0
A_OFF,off,fly-a,7.966666666666667,0.0
A_OFF,off,fly-b,7.966666666666667,0.0
A_OFF,off,fly-a,7.975,0.0
A_OFF,off,fly-b,7.975,0.0
A_OFF,off,fly-a,7.983333333333333,0.0
A_OFF,off,fly-b,7.983333333333333,0.0
A_OFF,off,fly-a,7.991666666666666,0.0
A_OFF,off,fly-b,7.991666666666666,0.0
A_OFF,off,fly-a,8.0,0.0
A_OFF,off,fly-b,8.0,0.0
A_OFF,off,fly-a,8.008333333333333,0.0
A_OFF,off,fly-b,8.008333333333333,0.0
A_OFF,off,fly-a,8.016666666666666,0.0
A_OFF,off,fly-b,8.016666666666666,0.0
A_OFF,off,fly-a,8.025,0.0
A_OFF,off,fly-b,8.025,0.0
A_OFF,off,fly-a,8.033333333333333,0.0
A_OFF,off,fly-b,8.033333333333333,0.0
A_OFF,off,fly-a,8.041666666666666,0.0
A_OFF,off,fly-b,8.041666666666666,0.0
A_OFF,off,fly-a,8.05,0.0
A_OFF,off,fly-b,8.05,0.0
A_OFF,off,fly-a,8.058333333333334,0.0
A_OFF,off,fly-b,8.058333333333334,0.0
A_OFF,off,fly-a,8.066666666666666,0.0
A_OFF,off,fly-b,8.066666666666666,0.0
A_OFF,off,fly-a,8.075,0.0
A_OFF,off,fly-b,8.075,0.0
A_OFF,off,fly-a,8.083333333333334,0.0
A_OFF,off,fly-b,8.083333333333334,0.0
A_OFF,off,fly-a,8.091666666666667,0.0
A_OFF,off,fly-b,8.091666666666667,0.0
A_OFF,off,fly-a,8.1,0.0
A_OFF,off,fly-b,8.1,0.0
A_OFF,off,fly-a,8.108333333333333,0.0
A_OFF,off,fly-b,8.108333333333333,0.0
A_OFF,off,fly-a,8.116666666666667,0.0
A_OFF,off,fly-b,8.116666666666667,0.0
A_OFF,off,fly-a,8.125,0.0
A_OFF,off,fly-b,8.125,0.0
A_OFF,off,fly-a,8.133333333333333,0.0
A_OFF,off,fly-b,8.133333333333333,0.0
A_OFF,off,fly-a,8.141666666666666,0.0
A_OFF,off,fly-b,8.141666666666666,0.0
A_OFF,off,fly-a,8.15,0.0
A_OFF,off,fly-b,8.15,0.0
A_OFF,off,fly-a,8.158333333333333,0.0
A_OFF,off,fly-b,8.158333333333333,0.0
A_OFF,off,fly-a,8.166666666666666,0.0
A_OFF,off,fly-b,8.166666666666666,0.0
A_OFF,off,fly-a,8.175,0.0
A_OFF,off,fly-b,8.175,0.0
A_OFF,off,fly-a,8.183333333333334,0.0
A_OFF,off,fly-b,8.183333333333334,0.0
A_OFF,off,fly-a,8.191666666666666,0.0
A_OFF,off,fly-b,8.191666666666666,0.0
A_OFF,off,fly-a,8.2,0.0
A_OFF,off,fly-b,8.2,0.0
A_OFF,off,fly-a,8.208333333333334,0.0
A_OFF,off,fly-b,8.208333333333334,0.0
A_OFF,off,fly-a,8.216666666666667,0.0
A_OFF,off,fly-b,8.216666666666667,0.0
A_OFF,off,fly-a,8.225,0.0
A_OFF,off,fly-b,8.225,0.0
A_OFF,off,fly-a,8.233333333333333,0.0
A_OFF,off,fly-b,8.233333333333333,0.0
A_OFF,off,fly-a,8.241666666666667,0.0
A_OFF,off,fly-b,8.241666666666667,0.0
A_OFF,off,fly-a,8.25,0.0
A_OFF,off,fly-b,8.25,0.0
A_OFF,off,fly-a,8.258333333333333,0.0
A_OFF,off,fly-b,8.258333333333333,0.0
A_OFF,off,fly-a,8.266666666666666,0.0
A_OFF,off,fly-b,8.266666666666666,0.0
A_OFF,off,fly-a,8.275,0.0
A_OFF,off,fly-b,8.275,0.0
A_OFF,off,fly-a,8.283333333333333,0.0
A_OFF,off,fly-b,8.283333333333333,0.0
A_OFF,off,fly-a,8.291666666666666,0.0
A_OFF,off,fly-b,8.291666666666666,0.0
A_OFF,off,fly-a,8.3,0.0
A_OFF,off,fly-b,8.3,0.0
A_OFF,off,fly-a,8.308333333333334,0.0
A_OFF,off,fly-b,8.308333333333334,0.0
A_OFF,off,fly-a,8.316666666666666,0.0
A_OFF,off,fly-b,8.316666666666666,0.0
A_OFF,off,fly-a,8.325,0.0
A_OFF,off,fly-b,8.325,0.0
A_OFF,off,fly-a,8.333333333333334,0.0
A_OFF,off,fly-b,8.333333333333334,0.0
A_OFF,off,fly-a,8.341666666666667,0.0
A_OFF,off,fly-b,8.341666666666667,0.0
A_OFF,off,fly-a,8.35,0.0
A_OFF,off,fly-b,8.35,0.0
A_OFF,off,fly-a,8.358333333333333,0.0
A_OFF,off,fly-b,8.358333333333333,0.0
A_OFF,off,fly-a,8.366666666666667,0.0
A_OFF,off,fly-b,8.366666666666667,0.0
A_OFF,off,fly-a,8.375,0.0
A_OFF,off,fly-b,8.375,0.0
A_OFF,off,fly-a,8.383333333333333,0.0
A_OFF,off,fly-b,8.383333333333333,0.0
A_OFF,off,fly-a,8.391666666666666,0.0
A_OFF,off,fly-b,8.391666666666666,0.0
A_OFF,off,fly-a,8.4,0.0
A_OFF,off,fly-b,8.4,0.0
A_OFF,off,fly-a,8.408333333333333,0.0
A_OFF,off,fly-b,8.408333333333333,0.0
A_OFF,off,fly-a,8.416666666666666,0.0
A_OFF,off,fly-b,8.416666666666666,0.0
A_OFF,off,fly-a,8.425,0.0
A_OFF,off,fly-b,8.425,0.0
A_OFF,off,fly-a,8.433333333333334,0.0
A_OFF,off,fly-b,8.433333333333334,0.0
A_OFF,off,fly-a,8.441666666666666,0.0
A_OFF,off,fly-b,8.441666666666666,0.0
A_OFF,off,fly-a,8.45,0.0
A_OFF,off,fly-b,8.45,0.0
A_OFF,off,fly-a,8.458333333333334,0.0
A_OFF,off,fly-b,8.458333333333334,0.0
A_OFF,off,fly-a,8.466666666666667,0.0
A_OFF,off,fly-b,8.466666666666667,0.0
A_OFF,off,fly-a,8.475,0.0
A_OFF,off,fly-b,8.475,0.0
A_OFF,off,fly-a,8.483333333333333,0.0
A_OFF,off,fly-b,8.483333333333333,0.0
A_OFF,off,fly-a,8.491666666666667,0.0
A_OFF,off,fly-b,8.491666666666667,0.0
A_OFF,off,fly-a,8.5,0.0
A_OFF,off,fly-b,8.5,0.0
A_OFF,off,fly-a,8.508333333333333,0.0
A_OFF,off,fly-b,8.508333333333333,0.0
A_OFF,off,fly-a,8.516666666666666,0.0
A_OFF,off,fly-b,8.516666666666666,0.0
A_OFF,off,fly-a,8.525,0.0
A_OFF,off,fly-b,8.525,0.0
A_OFF,off,fly-a,8.533333333333333,0.0
A_OFF,off,fly-b,8.533333333333333,0.0
A_OFF,off,fly-a,8.541666666666666,0.0
A_OFF,off,fly-b,8.541666666666666,0.0
A_OFF,off,fly-a,8.55,0.0
A_OFF,off,fly-b,8.55,0.0
A_OFF,off,fly-a,8.558333333333334,0.0
A_OFF,off,fly-b,8.558333333333334,0.0
A_OFF,off,fly-a,8.566666666666666,0.0
A_OFF,off,fly-b,8.566666666666666,0.0
A_OFF,off,fly-a,8.575,0.0
A_OFF,off,fly-b,8.575,0.0
A_OFF,off,fly-a,8.583333333333334,0.0
A_OFF,off,fly-b,8.583333333333334,0.0
A_OFF,off,fly-a,8.591666666666667,0.0
A_OFF,off,fly-b,8.591666666666667,0.0
A_OFF,off,fly-a,8.6,0.0
A_OFF,off,fly-b,8.6,0.0
A_OFF,off,fly-a,8.608333333333333,0.0
A_OFF,off,fly-b,8.608333333333333,0.0
A_OFF,off,fly-a,8.616666666666667,0.0
A_OFF,off,fly-b,8.616666666666667,0.0
A_OFF,off,fly-a,8.625,0.0
A_OFF,off,fly-b,8.625,0.0
A_OFF,off,fly-a,8.633333333333333,0.0
A_OFF,off,fly-b,8.633333333333333,0.0
A_OFF,off,fly-a,8.641666666666666,0.0
A_OFF,off,fly-b,8.641666666666666,0.0
A_OFF,off,fly-a,8.65,0.0
A_OFF,off,fly-b,8.65,0.0
A_OFF,off,fly-a,8.658333333333333,0.0
A_OFF,off,fly-b,8.658333333333333,0.0
A_OFF,off,fly-a,8.666666666666666,0.0
A_OFF,off,fly-b,8.666666666666666,0.0
A_OFF,off,fly-a,8.675,0.0
A_OFF,off,fly-b,8.675,0.0
A_OFF,off,fly-a,8.683333333333334,0.0
A_OFF,off,fly-b,8.683333333333334,0.0
A_OFF,off,fly-a,8.691666666666666,0.0
A_OFF,off,fly-b,8.691666666666666,0.0
A_OFF,off,fly-a,8.7,0.0
A_OFF,off,fly-b,8.7,0.0
A_OFF,off,fly-a,8.708333333333334,0.0
A_OFF,off,fly-b,8.708333333333334,0.0
A_OFF,off,fly-a,8.716666666666667,0.0
A_OFF,off,fly-b,8.716666666666667,0.0
A_OFF,off,fly-a,8.725,0.0
A_OFF,off,fly-b,8.725,0.0
A_OFF,off,fly-a,8.733333333333333,0.0
A_OFF,off,fly-b,8.733333333333333,0.0
A_OFF,off,fly-a,8.741666666666667,0.0
A_OFF,off,fly-b,8.741666666666667,0.0
A_OFF,off,fly-a,8.75,0.0
A_OFF,off,fly-b,8.75,0.0
A_OFF,off,fly-a,8.758333333333333,0.0
A_OFF,off,fly-b,8.758333333333333,0.0
A_OFF,off,fly-a,8.766666666666666,0.0
A_OFF,off,fly-b,8.766666666666666,0.0
A_OFF,off,fly-a,8.775,0.0
A_OFF,off,fly-b,8.775,0.0
A_OFF,off,fly-a,8.783333333333333,0.0
A_OFF,off,fly-b,8.783333333333333,0.0
A_OFF,off,fly-a,8.791666666666666,0.0
A_OFF,off,fly-b,8.791666666666666,0.0
A_OFF,off,fly-a,8.8,0.0
A_OFF,off,fly-b,8.8,0.0
A_OFF,off,fly-a,8.808333333333334,0.0
A_OFF,off,fly-b,8.808333333333334,0.0
A_OFF,off,fly-a,8.816666666666666,0.0
A_OFF,off,fly-b,8.816666666666666,0.0
A_OFF,off,fly-a,8.825,0.0
A_OFF,off,fly-b,8.825,0.0
A_OFF,off,fly-a,8.833333333333334,0.0
A_OFF,off,fly-b,8.833333333333334,0.0
A_OFF,off,fly-a,8.841666666666667,0.0
A_OFF,off,fly-b,8.841666666666667,0.0
A_OFF,off,fly-a,8.85,0.0
A_OFF,off,fly-b,8.85,0.0
A_OFF,off,fly-a,8.858333333333333,0.0
A_OFF,off,fly-b,8.858333333333333,0.0
A_OFF,off,fly-a,8.866666666666667,0.0
A_OFF,off,fly-b,8.866666666666667,0.0
A_OFF,off,fly-a,8.875,0.0
A_OFF,off,fly-b,8.875,0.0
A_OFF,off,fly-a,8.883333333333333,0.0
A_OFF,off,fly-b,8.883333333333333,0.0
A_OFF,off,fly-a,8.891666666666666,0.0
A_OFF,off,fly-b,8.891666666666666,0.0
A_OFF,off,fly-a,8.9,0.0
A_OFF,off,fly-b,8.9,0.0
A_OFF,off,fly-a,8.908333333333333,0.0
A_OFF,off,fly-b,8.908333333333333,0.0
A_OFF,off,fly-a,8.916666666666666,0.0
A_OFF,off,fly-b,8.916666666666666,0.0
A_OFF,off,fly-a,8.925,0.0
A_OFF,off,fly-b,8.925,0.0
A_OFF,off,fly-a,8.933333333333334,0.0
A_OFF,off,fly-b,8.933333333333334,0.0
A_OFF,off,fly-a,8.941666666666666,0.0
A_OFF,off,fly-b,8.941666666666666,0.0
A_OFF,off,fly-a,8.95,0.0
A_OFF,off,fly-b,8.95,0.0
A_OFF,off,fly-a,8.958333333333334,0.0
A_OFF,off,fly-b,8.958333333333334,0.0
A_OFF,off,fly-a,8.966666666666667,0.0
A_OFF,off,fly-b,8.966666666666667,0.0
A_OFF,off,fly-a,8.975,0.0
A_OFF,off,fly-b,8.975,0.0
A_OFF,off,fly-a,8.983333333333333,0.0
A_OFF,off,fly-b,8.983333333333333,0.0
A_OFF,off,fly-a,8.991666666666667,0.0
A_OFF,off,fly-b,8.991666666666667,0.0
A_OFF,off,fly-a,9.0,0.0
A_OFF,off,fly-b,9.0,0.0
A_OFF,off,fly-a,9.008333333333333,0.0
A_OFF,off,fly-b,9.008333333333333,0.0
A_OFF,off,fly-a,9.016666666666666,0.0
A_OFF,off,fly-b,9.016666666666666,0.0
A_OFF,off,fly-a,9.025,0.0
A_OFF,off,fly-b,9.025,0.0
A_OFF,off,fly-a,9.033333333333333,0.0
A_OFF,off,fly-b,9.033333333333333,0.0
A_OFF,off,fly-a,9.041666666666666,0.0
A_OFF,off,fly-b,9.041666666666666,0.0
A_OFF,off,fly-a,9.05,0.0
A_OFF,off,fly-b,9.05,0.0
A_OFF,off,fly-a,9.058333333333334,0.0
A_OFF,off,fly-b,9.058333333333334,0.0
A_OFF,off,fly-a,9.066666666666666,0.0
A_OFF,off,fly-b,9.066666666666666,0.0
A_OFF,off,fly-a,9.075,0.0
A_OFF,off,fly-b,9.075,0.0
A_OFF,off,fly-a,9.083333333333334,0.0
A_OFF,off,fly-b,9.083333333333334,0.0
A_OFF,off,fly-a,9.091666666666667,0.0
A_OFF,off,fly-b,9.091666666666667,0.0
A_OFF,off,fly-a,9.1,0.0
A_OFF,off,fly-b,9.1,0.0
A_OFF,off,fly-a,9.108333333333333,0.0
A_OFF,off,fly-b,9.108333333333333,0.0
A_OFF,off,fly-a,9.116666666666667,0.0
A_OFF,off,fly-b,9.116666666666667,0.0
A_OFF,off,fly-a,9.125,0.0
A_OFF,off,fly-b,9.125,0.0
A_OFF,off,fly-a,9.133333333333333,0.0
A_OFF,off,fly-b,9.133333333333333,0.0
A_OFF,off,fly-a,9.141666666666666,0.0
A_OFF,off,fly-b,9.141666666666666,0.0
A_OFF,off,fly-a,9.15,0.0
A_OFF,off,fly-b,9.15,0.0
A_OFF,off,fly-a,9.158333333333333,0.0
A_OFF,off,fly-b,9.158333333333333,0.0
A_OFF,off,fly-a,9.166666666666666,0.0
A_OFF,off,fly-b,9.166666666666666,0.0
A_OFF,off,fly-a,9.175,0.0
A_OFF,off,fly-b,9.175,0.0
A_OFF,off,fly-a,9.183333333333334,0.0
A_OFF,off,fly-b,9.183333333333334,0.0
A_OFF,off,fly-a,9.191666666666666,0.0
A_OFF,off,fly-b,9.191666666666666,0.0
A_OFF,off,fly-a,9.2,0.0
A_OFF,off,fly-b,9.2,0.0
A_OFF,off,fly-a,9.208333333333334,0.0
A_OFF,off,fly-b,9.208333333333334,0.0
A_OFF,off,fly-a,9.216666666666667,0.0
A_OFF,off,fly-b,9.216666666666667,0.0
A_OFF,off,fly-a,9.225,0.0
A_OFF,off,fly-b,9.225,0.0
A_OFF,off,fly-a,9.233333333333333,0.0
A_OFF,off,fly-b,9.233333333333333,0.0
A_OFF,off,fly-a,9.241666666666667,0.0
A_OFF,off,fly-b,9.241666666666667,0.0
A_OFF,off,fly-a,9.25,0.0
A_OFF,off,fly-b,9.25,0.0
A_OFF,off,fly-a,9.258333333333333,0.0
A_OFF,off,fly-b,9.258333333333333,0.0
A_OFF,off,fly-a,9.266666666666666,0.0
A_OFF,off,fly-b,9.266666666666666,0.0
A_OFF,off,fly-a,9.275,0.0
A_OFF,off,fly-b,9.275,0.0
A_OFF,off,fly-a,9.283333333333333,0.0
A_OFF,off,fly-b,9.283333333333333,0.0
A_OFF,off,fly-a,9.291666666666666,0.0
A_OFF,off,fly-b,9.291666666666666,0.0
A_OFF,off,fly-a,9.3,0.0
A_OFF,off,fly-b,9.3,0.0
A_OFF,off,fly-a,9.308333333333334,0.0
A_OFF,off,fly-b,9.308333333333334,0.0
A_OFF,off,fly-a,9.316666666666666,0.0
A_OFF,off,fly-b,9.316666666666666,0.0
A_OFF,off,fly-a,9.325,0.0
A_OFF,off,fly-b,9.325,0.0
A_OFF,off,fly-a,9.333333333333334,0.0
A_OFF,off,fly-b,9.333333333333334,0.0
A_OFF,off,fly-a,9.341666666666667,0.0
A_OFF,off,fly-b,9.341666666666667,0.0
A_OFF,off,fly-a,9.35,0.0
A_OFF,off,fly-b,9.35,0.0
A_OFF,off,fly-a,9.358333333333333,0.0
A_OFF,off,fly-b,9.358333333333333,0.0
A_OFF,off,fly-a,9.366666666666667,0.0
A_OFF,off,fly-b,9.366666666666667,0.0
A_OFF,off,fly-a,9.375,0.0
A_OFF,off,fly-b,9.375,0.0
A_OFF,off,fly-a,9.383333333333333,0.0
A_OFF,off,fly-b,9.383333333333333,0.0
A_OFF,off,fly-a,9.391666666666666,0.0
A_OFF,off,fly-b,9.391666666666666,0.0
A_OFF,off,fly-a,9.4,0.0
A_OFF,off,fly-b,9.4,0.0
A_OFF,off,fly-a,9.408333333333333,0.0
A_OFF,off,fly-b,9.408333333333333,0.0
A_OFF,off,fly-a,9.416666666666666,0.0
A_OFF,off,fly-b,9.416666666666666,0.0
A_OFF,off,fly-a,9.425,0.0
A_OFF,off,fly-b,9.425,0.0
A_OFF,off,fly-a,9.433333333333334,0.0
A_OFF,off,fly-b,9.433333333333334,0.0
A_OFF,off,fly-a,9.441666666666666,0.0
A_OFF,off,fly-b,9.441666666666666,0.0
A_OFF,off,fly-a,9.45,0.0
A_OFF,off,fly-b,9.45,0.0
A_OFF,off,fly-a,9.458333333333334,0.0
A_OFF,off,fly-b,9.458333333333334,0.0
A_OFF,off,fly-a,9.466666666666667,0.0
A_OFF,off,fly-b,9.466666666666667,0.0
A_OFF,off,fly-a,9.475,0.0
A_OFF,off,fly-b,9.475,0.0
A_OFF,off,fly-a,9.483333333333333,0.0
A_OFF,off,fly-b,9.483333333333333,0.0
A_OFF,off,fly-a,9.491666666666667,0.0
A_OFF,off,fly-b,9.491666666666667,0.0
A_OFF,off,fly-a,9.5,0.0
A_OFF,off,fly-b,9.5,0.0
A_OFF,off,fly-a,9.508333333333333,0.0
A_OFF,off,fly-b,9.508333333333333,0.0
A_OFF,off,fly-a,9.516666666666666,0.0
A_OFF,off,fly-b,9.516666666666666,0.0
A_OFF,off,fly-a,9.525,0.0
A_OFF,off,fly-b,9.525,0.0
A_OFF,off,fly-a,9.533333333333333,0.0
A_OFF,off,fly-b,9.533333333333333,0.0
A_OFF,off,fly-a,9.541666666666666,0.0
A_OFF,off,fly-b,9.541666666666666,0.0
A_OFF,off,fly-a,9.55,0.0
A_OFF,off,fly-b,9.55,0.0
A_OFF,off,fly-a,9.558333333333334,0.0
A_OFF,off,fly-b,9.558333333333334,0.0
A_OFF,off,fly-a,9.566666666666666,0.0
A_OFF,off,fly-b,9.566666666666666,0.0
A_OFF,off,fly-a,9.575,0.0
A_OFF,off,fly-b,9.575,0.0
A_OFF,off,fly-a,9.583333333333334,0.0
A_OFF,off,fly-b,9.583333333333334,0.0
A_OFF,off,fly-a,9.591666666666667,0.0
A_OFF,off,fly-b,9.591666666666667,0.0
A_OFF,off,fly-a,9.6,0.0
A_OFF,off,fly-b,9.6,0.0
A_OFF,off,fly-a,9.608333333333333,0.0
A_OFF,off,fly-b,9.608333333333333,0.0
A_OFF,off,fly-a,9.616666666666667,0.0
A_OFF,off,fly-b,9.616666666666667,0.0
A_OFF,off,fly-a,9.625,0.0
A_OFF,off,fly-b,9.625,0.0
A_OFF,off,fly-a,9.633333333333333,0.0
A_OFF,off,fly-b,9.633333333333333,0.0
A_OFF,off,fly-a,9.641666666666666,0.0
A_OFF,off,fly-b,9.641666666666666,0.0
A_OFF,off,fly-a,9.65,0.0
A_OFF,off,fly-b,9.65,0.0
A_OFF,off,fly-a,9.658333333333333,0.0
A_OFF,off,fly-b,9.658333333333333,0.0
A_OFF,off,fly-a,9.666666666666666,0.0
A_OFF,off,fly-b,9.666666666666666,0.0
A_OFF,off,fly-a,9.675,0.0
A_OFF,off,fly-b,9.675,0.0
A_OFF,off,fly-a,9.683333333333334,0.0
A_OFF,off,fly-b,9.683333333333334,0.0
A_OFF,off,fly-a,9.691666666666666,0.0
A_OFF,off,fly-b,9.691666666666666,0.0
A_OFF,off,fly-a,9.7,0.0
A_OFF,off,fly-b,9.7,0.0
A_OFF,off,fly-a,9.708333333333334,0.0
A_OFF,off,fly-b,9.708333333333334,0.0
A_OFF,off,fly-a,9.716666666666667,0.0
A_OFF,off,fly-b,9.716666666666667,0.0
A_OFF,off,fly-a,9.725,0.0
A_OFF,off,fly-b,9.725,0.0
A_OFF,off,fly-a,9.733333333333333,0.0
A_OFF,off,fly-b,9.733333333333333,0.0
A_OFF,off,fly-a,9.741666666666667,0.0
A_OFF,off,fly-b,9.741666666666667,0.0
A_OFF,off,fly-a,9.75,0.0
A_OFF,off,fly-b,9.75,0.0
A_OFF,off,fly-a,9.758333333333333,0.0
A_OFF,off,fly-b,9.758333333333333,0.0
A_OFF,off,fly-a,9.766666666666666,0.0
A_OFF,off,fly-b,9.766666666666666,0.0
A_OFF,off,fly-a,9.775,0.0
A_OFF,off,fly-b,9.775,0.0
A_OFF,off,fly-a,9.783333333333333,0.0
A_OFF,off,fly-b,9.783333333333333,0.0
A_OFF,off,fly-a,9.791666666666666,0.0
A_OFF,off,fly-b,9.791666666666666,0.0
A_OFF,off,fly-a,9.8,0.0
A_OFF,off,fly-b,9.8,0.0
A_OFF,off,fly-a,9.808333333333334,0.0
A_OFF,off,fly-b,9.808333333333334,0.0
A_OFF,off,fly-a,9.816666666666666,0.0
A_OFF,off,fly-b,9.816666666666666,0.0
A_OFF,off,fly-a,9.825,0.0
A_OFF,off,fly-b,9.825,0.0
A_OFF,off,fly-a,9.833333333333334,0.0
A_OFF,off,fly-b,9.833333333333334,0.0
A_OFF,off,fly-a,9.841666666666667,0.0
A_OFF,off,fly-b,9.841666666666667,0.0
A_OFF,off,fly-a,9.85,0.0
A_OFF,off,fly-b,9.85,0.0
A_OFF,off,fly-a,9.858333333333333,0.0
A_OFF,off,fly-b,9.858333333333333,0.0
A_OFF,off,fly-a,9.866666666666667,0.0
A_OFF,off,fly-b,9.866666666666667,0.0
A_OFF,off,fly-a,9.875,0.0
A_OFF,off,fly-b,9.875,0.0
A_OFF,off,fly-a,9.883333333333333,0.0
A_OFF,off,fly-b,9.883333333333333,0.0
A_OFF,off,fly-a,9.891666666666666,0.0
A_OFF,off,fly-b,9.891666666666666,0.0
A_OFF,off,fly-a,9.9,0.0
A_OFF,off,fly-b,9.9,0.0
A_OFF,off,fly-a,9.908333333333333,0.0
A_OFF,off,fly-b,9.908333333333333,0.0
A_OFF,off,fly-a,9.916666666666666,0.0
A_OFF,off,fly-b,9.916666666666666,0.0
A_OFF,off,fly-a,9.925,0.0
A_OFF,off,fly-b,9.925,0.0
A_OFF,off,fly-a,9.933333333333334,0.0
A_OFF,off,fly-b,9.933333333333334,0.0
A_OFF,off,fly-a,9.941666666666666,0.0
A_OFF,off,fly-b,9.941666666666666,0.0
A_OFF,off,fly-a,9.95,0.0
A_OFF,off,fly-b,9.95,0.0
A_OFF,off,fly-a,9.958333333333334,0.0
A_OFF,off,fly-b,9.958333333333334,0.0
A_OFF,off,fly-a,9.966666666666667,0.0
A_OFF,off,fly-b,9.966666666666667,0.0
A_OFF,off,fly-a,9.975,0.0
A_OFF,off,fly-b,9.975,0.0
A_OFF,off,fly-a,9.983333333333333,0.0
A_OFF,off,fly-b,9.983333333333333,0.0
A_OFF,off,fly-a,9.991666666666667,0.0
A_OFF,off,fly-b,9.991666666666667,0.0
B_DIFFERENT,different,fly-a,0.0,0.0
B_DIFFERENT,different,fly-b,0.0,0.0
B_DIFFERENT,different,fly-a,0.008333333333333333,0.0
B_DIFFERENT,different,fly-b,0.008333333333333333,0.0
B_DIFFERENT,different,fly-a,0.016666666666666666,0.0
B_DIFFERENT,different,fly-b,0.016666666666666666,0.0
B_DIFFERENT,different,fly-a,0.025,0.0
B_DIFFERENT,different,fly-b,0.025,0.0
B_DIFFERENT,different,fly-a,0.03333333333333333,0.0
B_DIFFERENT,different,fly-b,0.03333333333333333,0.0
B_DIFFERENT,different,fly-a,0.041666666666666664,0.0
B_DIFFERENT,different,fly-b,0.041666666666666664,0.0
B_DIFFERENT,different,fly-a,0.05,0.0
B_DIFFERENT,different,fly-b,0.05,0.0
B_DIFFERENT,different,fly-a,0.058333333333333334,0.0
B_DIFFERENT,different,fly-b,0.058333333333333334,0.0
B_DIFFERENT,different,fly-a,0.06666666666666667,0.0
B_DIFFERENT,different,fly-b,0.06666666666666667,0.0
B_DIFFERENT,different,fly-a,0.075,0.0
B_DIFFERENT,different,fly-b,0.075,0.0
B_DIFFERENT,different,fly-a,0.08333333333333333,0.0
B_DIFFERENT,different,fly-b,0.08333333333333333,0.0
B_DIFFERENT,different,fly-a,0.09166666666666666,0.0
B_DIFFERENT,different,fly-b,0.09166666666666666,0.0
B_DIFFERENT,different,fly-a,0.1,0.0
B_DIFFERENT,different,fly-b,0.1,0.0
B_DIFFERENT,different,fly-a,0.10833333333333334,0.0
B_DIFFERENT,different,fly-b,0.10833333333333334,0.0
B_DIFFERENT,different,fly-a,0.11666666666666667,0.0
B_DIFFERENT,different,fly-b,0.11666666666666667,0.0
B_DIFFERENT,different,fly-a,0.125,0.0
B_DIFFERENT,different,fly-b,0.125,0.0
B_DIFFERENT,different,fly-a,0.13333333333333333,0.0
B_DIFFERENT,different,fly-b,0.13333333333333333,0.0
B_DIFFERENT,different,fly-a,0.14166666666666666,0.0
B_DIFFERENT,different,fly-b,0.14166666666666666,0.0
B_DIFFERENT,different,fly-a,0.15,0.0
B_DIFFERENT,different,fly-b,0.15,0.0
B_DIFFERENT,different,fly-a,0.15833333333333333,0.0
B_DIFFERENT,different,fly-b,0.15833333333333333,0.0
B_DIFFERENT,different,fly-a,0.16666666666666666,0.0
B_DIFFERENT,different,fly-b,0.16666666666666666,0.0
B_DIFFERENT,different,fly-a,0.175,0.0
B_DIFFERENT,different,fly-b,0.175,0.0
B_DIFFERENT,different,fly-a,0.18333333333333332,0.0
B_DIFFERENT,different,fly-b,0.18333333333333332,0.0
B_DIFFERENT,different,fly-a,0.19166666666666665,0.0
B_DIFFERENT,different,fly-b,0.19166666666666665,0.0
B_DIFFERENT,different,fly-a,0.2,0.0
B_DIFFERENT,different,fly-b,0.2,0.0
B_DIFFERENT,different,fly-a,0.20833333333333334,0.0
B_DIFFERENT,different,fly-b,0.20833333333333334,0.0
B_DIFFERENT,different,fly-a,0.21666666666666667,0.0
B_DIFFERENT,different,fly-b,0.21666666666666667,0.0
B_DIFFERENT,different,fly-a,0.225,0.0
B_DIFFERENT,different,fly-b,0.225,0.0
B_DIFFERENT,different,fly-a,0.23333333333333334,0.0
B_DIFFERENT,different,fly-b,0.23333333333333334,0.0
B_DIFFERENT,different,fly-a,0.24166666666666667,0.0
B_DIFFERENT,different,fly-b,0.24166666666666667,0.0
B_DIFFERENT,different,fly-a,0.25,0.0
B_DIFFERENT,different,fly-b,0.25,0.0
B_DIFFERENT,different,fly-a,0.2583333333333333,0.0
B_DIFFERENT,different,fly-b,0.2583333333333333,0.0
B_DIFFERENT,different,fly-a,0.26666666666666666,0.0
B_DIFFERENT,different,fly-b,0.26666666666666666,0.0
B_DIFFERENT,different,fly-a,0.275,0.0
B_DIFFERENT,different,fly-b,0.275,0.0
B_DIFFERENT,different,fly-a,0.2833333333333333,0.0
B_DIFFERENT,different,fly-b,0.2833333333333333,0.0
B_DIFFERENT,different,fly-a,0.2916666666666667,0.0
B_DIFFERENT,different,fly-b,0.2916666666666667,0.0
B_DIFFERENT,different,fly-a,0.3,0.0
B_DIFFERENT,different,fly-b,0.3,0.0
B_DIFFERENT,different,fly-a,0.30833333333333335,0.0
B_DIFFERENT,different,fly-b,0.30833333333333335,0.0
B_DIFFERENT,different,fly-a,0.31666666666666665,0.0
B_DIFFERENT,different,fly-b,0.31666666666666665,0.0
B_DIFFERENT,different,fly-a,0.325,0.0
B_DIFFERENT,different,fly-b,0.325,0.0
B_DIFFERENT,different,fly-a,0.3333333333333333,0.0
B_DIFFERENT,different,fly-b,0.3333333333333333,0.0
B_DIFFERENT,different,fly-a,0.3416666666666667,0.0
B_DIFFERENT,different,fly-b,0.3416666666666667,0.0
B_DIFFERENT,different,fly-a,0.35,0.0
B_DIFFERENT,different,fly-b,0.35,0.0
B_DIFFERENT,different,fly-a,0.35833333333333334,0.0
B_DIFFERENT,different,fly-b,0.35833333333333334,0.0
B_DIFFERENT,different,fly-a,0.36666666666666664,0.0
B_DIFFERENT,different,fly-b,0.36666666666666664,0.0
B_DIFFERENT,different,fly-a,0.375,0.0
B_DIFFERENT,different,fly-b,0.375,0.0
B_DIFFERENT,different,fly-a,0.3833333333333333,0.0
B_DIFFERENT,different,fly-b,0.3833333333333333,0.0
B_DIFFERENT,different,fly-a,0.39166666666666666,0.0
B_DIFFERENT,different,fly-b,0.39166666666666666,0.0
B_DIFFERENT,different,fly-a,0.4,0.0
B_DIFFERENT,different,fly-b,0.4,0.0
B_DIFFERENT,different,fly-a,0.4083333333333333,0.0
B_DIFFERENT,different,fly-b,0.4083333333333333,0.0
B_DIFFERENT,different,fly-a,0.4166666666666667,0.0
B_DIFFERENT,different,fly-b,0.4166666666666667,0.0
B_DIFFERENT,different,fly-a,0.425,0.0
B_DIFFERENT,different,fly-b,0.425,0.0
B_DIFFERENT,different,fly-a,0.43333333333333335,0.0
B_DIFFERENT,different,fly-b,0.43333333333333335,0.0
B_DIFFERENT,different,fly-a,0.44166666666666665,0.0
B_DIFFERENT,different,fly-b,0.44166666666666665,0.0
B_DIFFERENT,different,fly-a,0.45,0.0
B_DIFFERENT,different,fly-b,0.45,0.0
B_DIFFERENT,different,fly-a,0.4583333333333333,0.0
B_DIFFERENT,different,fly-b,0.4583333333333333,0.0
B_DIFFERENT,different,fly-a,0.4666666666666667,0.0
B_DIFFERENT,different,fly-b,0.4666666666666667,0.0
B_DIFFERENT,different,fly-a,0.475,0.0
B_DIFFERENT,different,fly-b,0.475,0.0
B_DIFFERENT,different,fly-a,0.48333333333333334,0.0
B_DIFFERENT,different,fly-b,0.48333333333333334,0.0
B_DIFFERENT,different,fly-a,0.49166666666666664,0.0
B_DIFFERENT,different,fly-b,0.49166666666666664,0.0
B_DIFFERENT,different,fly-a,0.5,0.0
B_DIFFERENT,different,fly-b,0.5,0.0
B_DIFFERENT,different,fly-a,0.5083333333333333,0.0
B_DIFFERENT,different,fly-b,0.5083333333333333,0.0
B_DIFFERENT,different,fly-a,0.5166666666666666,0.0
B_DIFFERENT,different,fly-b,0.5166666666666666,0.0
B_DIFFERENT,different,fly-a,0.525,0.0
B_DIFFERENT,different,fly-b,0.525,0.0
B_DIFFERENT,different,fly-a,0.5333333333333333,0.0
B_DIFFERENT,different,fly-b,0.5333333333333333,0.0
B_DIFFERENT,different,fly-a,0.5416666666666666,0.0
B_DIFFERENT,different,fly-b,0.5416666666666666,0.0
B_DIFFERENT,different,fly-a,0.55,0.0
B_DIFFERENT,different,fly-b,0.55,0.0
B_DIFFERENT,different,fly-a,0.5583333333333333,0.0
B_DIFFERENT,different,fly-b,0.5583333333333333,0.0
B_DIFFERENT,different,fly-a,0.5666666666666667,0.0
B_DIFFERENT,different,fly-b,0.5666666666666667,0.0
B_DIFFERENT,different,fly-a,0.575,0.0
B_DIFFERENT,different,fly-b,0.575,0.0
B_DIFFERENT,different,fly-a,0.5833333333333334,0.0
B_DIFFERENT,different,fly-b,0.5833333333333334,0.0
B_DIFFERENT,different,fly-a,0.5916666666666667,0.0
B_DIFFERENT,different,fly-b,0.5916666666666667,0.0
B_DIFFERENT,different,fly-a,0.6,0.0
B_DIFFERENT,different,fly-b,0.6,0.0
B_DIFFERENT,different,fly-a,0.6083333333333333,0.0
B_DIFFERENT,different,fly-b,0.6083333333333333,0.0
B_DIFFERENT,different,fly-a,0.6166666666666667,0.0
B_DIFFERENT,different,fly-b,0.6166666666666667,0.0
B_DIFFERENT,different,fly-a,0.625,0.0
B_DIFFERENT,different,fly-b,0.625,0.0
B_DIFFERENT,different,fly-a,0.6333333333333333,0.0
B_DIFFERENT,different,fly-b,0.6333333333333333,0.0
B_DIFFERENT,different,fly-a,0.6416666666666666,0.0
B_DIFFERENT,different,fly-b,0.6416666666666666,0.0
B_DIFFERENT,different,fly-a,0.65,0.0
B_DIFFERENT,different,fly-b,0.65,0.0
B_DIFFERENT,different,fly-a,0.6583333333333333,0.0
B_DIFFERENT,different,fly-b,0.6583333333333333,0.0
B_DIFFERENT,different,fly-a,0.6666666666666666,0.0
B_DIFFERENT,different,fly-b,0.6666666666666666,0.0
B_DIFFERENT,different,fly-a,0.675,0.0
B_DIFFERENT,different,fly-b,0.675,0.0
B_DIFFERENT,different,fly-a,0.6833333333333333,0.0
B_DIFFERENT,different,fly-b,0.6833333333333333,0.0
B_DIFFERENT,different,fly-a,0.6916666666666667,0.0
B_DIFFERENT,different,fly-b,0.6916666666666667,0.0
B_DIFFERENT,different,fly-a,0.7,0.0
B_DIFFERENT,different,fly-b,0.7,0.0
B_DIFFERENT,different,fly-a,0.7083333333333334,0.0
B_DIFFERENT,different,fly-b,0.7083333333333334,0.0
B_DIFFERENT,different,fly-a,0.7166666666666667,0.0
B_DIFFERENT,different,fly-b,0.7166666666666667,0.0
B_DIFFERENT,different,fly-a,0.725,0.0
B_DIFFERENT,different,fly-b,0.725,0.0
B_DIFFERENT,different,fly-a,0.7333333333333333,0.0
B_DIFFERENT,different,fly-b,0.7333333333333333,0.0
B_DIFFERENT,different,fly-a,0.7416666666666667,0.0
B_DIFFERENT,different,fly-b,0.7416666666666667,0.0
B_DIFFERENT,different,fly-a,0.75,0.0
B_DIFFERENT,different,fly-b,0.75,0.0
B_DIFFERENT,different,fly-a,0.7583333333333333,0.0
B_DIFFERENT,different,fly-b,0.7583333333333333,0.0
B_DIFFERENT,different,fly-a,0.7666666666666666,0.0
B_DIFFERENT,different,fly-b,0.7666666666666666,0.0
B_DIFFERENT,different,fly-a,0.775,0.0
B_DIFFERENT,different,fly-b,0.775,0.0
B_DIFFERENT,different,fly-a,0.7833333333333333,0.0
B_DIFFERENT,different,fly-b,0.7833333333333333,0.0
B_DIFFERENT,different,fly-a,0.7916666666666666,0.0
B_DIFFERENT,different,fly-b,0.7916666666666666,0.0
B_DIFFERENT,different,fly-a,0.8,0.0
B_DIFFERENT,different,fly-b,0.8,0.0
B_DIFFERENT,different,fly-a,0.8083333333333333,0.0
B_DIFFERENT,different,fly-b,0.8083333333333333,0.0
B_DIFFERENT,different,fly-a,0.8166666666666667,0.0
B_DIFFERENT,different,fly-b,0.8166666666666667,0.0
B_DIFFERENT,different,fly-a,0.825,0.0
B_DIFFERENT,different,fly-b,0.825,0.0
B_DIFFERENT,different,fly-a,0.8333333333333334,0.0
B_DIFFERENT,different,fly-b,0.8333333333333334,0.0
B_DIFFERENT,different,fly-a,0.8416666666666667,0.0
B_DIFFERENT,different,fly-b,0.8416666666666667,0.0
B_DIFFERENT,different,fly-a,0.85,0.0
B_DIFFERENT,different,fly-b,0.85,0.0
B_DIFFERENT,different,fly-a,0.8583333333333333,0.0
B_DIFFERENT,different,fly-b,0.8583333333333333,0.0
B_DIFFERENT,different,fly-a,0.8666666666666667,0.0
B_DIFFERENT,different,fly-b,0.8666666666666667,0.0
B_DIFFERENT,different,fly-a,0.875,0.0
B_DIFFERENT,different,fly-b,0.875,0.0
B_DIFFERENT,different,fly-a,0.8833333333333333,0.0
B_DIFFERENT,different,fly-b,0.8833333333333333,0.0
B_DIFFERENT,different,fly-a,0.8916666666666666,0.0
B_DIFFERENT,different,fly-b,0.8916666666666666,0.0
B_DIFFERENT,different,fly-a,0.9,0.0
B_DIFFERENT,different,fly-b,0.9,0.0
B_DIFFERENT,different,fly-a,0.9083333333333333,0.0
B_DIFFERENT,different,fly-b,0.9083333333333333,0.0
B_DIFFERENT,different,fly-a,0.9166666666666666,0.0
B_DIFFERENT,different,fly-b,0.9166666666666666,0.0
B_DIFFERENT,different,fly-a,0.9249999999999999,0.0
B_DIFFERENT,different,fly-b,0.9249999999999999,0.0
B_DIFFERENT,different,fly-a,0.9333333333333333,0.0
B_DIFFERENT,different,fly-b,0.9333333333333333,0.0
B_DIFFERENT,different,fly-a,0.9416666666666667,0.0
B_DIFFERENT,different,fly-b,0.9416666666666667,0.0
B_DIFFERENT,different,fly-a,0.95,0.0
B_DIFFERENT,different,fly-b,0.95,0.0
B_DIFFERENT,different,fly-a,0.9583333333333334,0.0
B_DIFFERENT,different,fly-b,0.9583333333333334,0.0
B_DIFFERENT,different,fly-a,0.9666666666666667,0.0
B_DIFFERENT,different,fly-b,0.9666666666666667,0.0
B_DIFFERENT,different,fly-a,0.975,0.0
B_DIFFERENT,different,fly-b,0.975,0.0
B_DIFFERENT,different,fly-a,0.9833333333333333,0.0
B_DIFFERENT,different,fly-b,0.9833333333333333,0.0
B_DIFFERENT,different,fly-a,0.9916666666666667,0.0
B_DIFFERENT,different,fly-b,0.9916666666666667,0.0
B_DIFFERENT,different,fly-a,1.0,0.0
B_DIFFERENT,different,fly-b,1.0,0.0
B_DIFFERENT,different,fly-a,1.0083333333333333,0.0
B_DIFFERENT,different,fly-b,1.0083333333333333,0.0
B_DIFFERENT,different,fly-a,1.0166666666666666,0.0
B_DIFFERENT,different,fly-b,1.0166666666666666,0.0
B_DIFFERENT,different,fly-a,1.025,0.0
B_DIFFERENT,different,fly-b,1.025,0.0
B_DIFFERENT,different,fly-a,1.0333333333333332,0.0
B_DIFFERENT,different,fly-b,1.0333333333333332,0.0
B_DIFFERENT,different,fly-a,1.0416666666666667,0.0
B_DIFFERENT,different,fly-b,1.0416666666666667,0.0
B_DIFFERENT,different,fly-a,1.05,0.0
B_DIFFERENT,different,fly-b,1.05,0.0
B_DIFFERENT,different,fly-a,1.0583333333333333,0.0
B_DIFFERENT,different,fly-b,1.0583333333333333,0.0
B_DIFFERENT,different,fly-a,1.0666666666666667,0.0
B_DIFFERENT,different,fly-b,1.0666666666666667,0.0
B_DIFFERENT,different,fly-a,1.075,0.0
B_DIFFERENT,different,fly-b,1.075,0.0
B_DIFFERENT,different,fly-a,1.0833333333333333,0.0
B_DIFFERENT,different,fly-b,1.0833333333333333,0.0
B_DIFFERENT,different,fly-a,1.0916666666666666,0.0
B_DIFFERENT,different,fly-b,1.0916666666666666,0.0
B_DIFFERENT,different,fly-a,1.1,0.0
B_DIFFERENT,different,fly-b,1.1,0.0
B_DIFFERENT,different,fly-a,1.1083333333333334,0.0
B_DIFFERENT,different,fly-b,1.1083333333333334,0.0
B_DIFFERENT,different,fly-a,1.1166666666666667,0.0
B_DIFFERENT,different,fly-b,1.1166666666666667,0.0
B_DIFFERENT,different,fly-a,1.125,0.0
B_DIFFERENT,different,fly-b,1.125,0.0
B_DIFFERENT,different,fly-a,1.1333333333333333,0.0
B_DIFFERENT,different,fly-b,1.1333333333333333,0.0
B_DIFFERENT,different,fly-a,1.1416666666666666,0.0
B_DIFFERENT,different,fly-b,1.1416666666666666,0.0
B_DIFFERENT,different,fly-a,1.15,0.0
B_DIFFERENT,different,fly-b,1.15,0.0
B_DIFFERENT,different,fly-a,1.1583333333333332,0.0
B_DIFFERENT,different,fly-b,1.1583333333333332,0.0
B_DIFFERENT,different,fly-a,1.1666666666666667,0.0
B_DIFFERENT,different,fly-b,1.1666666666666667,0.0
B_DIFFERENT,different,fly-a,1.175,0.0
B_DIFFERENT,different,fly-b,1.175,0.0
B_DIFFERENT,different,fly-a,1.1833333333333333,0.0
B_DIFFERENT,different,fly-b,1.1833333333333333,0.0
B_DIFFERENT,different,fly-a,1.1916666666666667,0.0
B_DIFFERENT,different,fly-b,1.1916666666666667,0.0
B_DIFFERENT,different,fly-a,1.2,0.0
B_DIFFERENT,different,fly-b,1.2,0.0
B_DIFFERENT,different,fly-a,1.2083333333333333,0.0
B_DIFFERENT,different,fly-b,1.2083333333333333,0.0
B_DIFFERENT,different,fly-a,1.2166666666666666,0.0
B_DIFFERENT,different,fly-b,1.2166666666666666,0.0
B_DIFFERENT,different,fly-a,1.225,0.0
B_DIFFERENT,different,fly-b,1.225,0.0
B_DIFFERENT,different,fly-a,1.2333333333333334,0.0
B_DIFFERENT,different,fly-b,1.2333333333333334,0.0
B_DIFFERENT,different,fly-a,1.2416666666666667,0.0
B_DIFFERENT,different,fly-b,1.2416666666666667,0.0
B_DIFFERENT,different,fly-a,1.25,0.0
B_DIFFERENT,different,fly-b,1.25,0.0
B_DIFFERENT,different,fly-a,1.2583333333333333,0.0
B_DIFFERENT,different,fly-b,1.2583333333333333,0.0
B_DIFFERENT,different,fly-a,1.2666666666666666,0.0
B_DIFFERENT,different,fly-b,1.2666666666666666,0.0
B_DIFFERENT,different,fly-a,1.275,0.0
B_DIFFERENT,different,fly-b,1.275,0.0
B_DIFFERENT,different,fly-a,1.2833333333333332,0.0
B_DIFFERENT,different,fly-b,1.2833333333333332,0.0
B_DIFFERENT,different,fly-a,1.2916666666666667,0.0
B_DIFFERENT,different,fly-b,1.2916666666666667,0.0
B_DIFFERENT,different,fly-a,1.3,0.0
B_DIFFERENT,different,fly-b,1.3,0.0
B_DIFFERENT,different,fly-a,1.3083333333333333,0.0
B_DIFFERENT,different,fly-b,1.3083333333333333,0.0
B_DIFFERENT,different,fly-a,1.3166666666666667,0.0
B_DIFFERENT,different,fly-b,1.3166666666666667,0.0
B_DIFFERENT,different,fly-a,1.325,0.0
B_DIFFERENT,different,fly-b,1.325,0.0
B_DIFFERENT,different,fly-a,1.3333333333333333,0.0
B_DIFFERENT,different,fly-b,1.3333333333333333,0.0
B_DIFFERENT,different,fly-a,1.3416666666666666,0.0
B_DIFFERENT,different,fly-b,1.3416666666666666,0.0
B_DIFFERENT,different,fly-a,1.35,0.0
B_DIFFERENT,different,fly-b,1.35,0.0
B_DIFFERENT,different,fly-a,1.3583333333333334,0.0
B_DIFFERENT,different,fly-b,1.3583333333333334,0.0
B_DIFFERENT,different,fly-a,1.3666666666666667,0.0
B_DIFFERENT,different,fly-b,1.3666666666666667,0.0
B_DIFFERENT,different,fly-a,1.375,0.0
B_DIFFERENT,different,fly-b,1.375,0.0
B_DIFFERENT,different,fly-a,1.3833333333333333,0.0
B_DIFFERENT,different,fly-b,1.3833333333333333,0.0
B_DIFFERENT,different,fly-a,1.3916666666666666,0.0
B_DIFFERENT,different,fly-b,1.3916666666666666,0.0
B_DIFFERENT,different,fly-a,1.4,0.0
B_DIFFERENT,different,fly-b,1.4,0.0
B_DIFFERENT,different,fly-a,1.4083333333333332,0.0
B_DIFFERENT,different,fly-b,1.4083333333333332,0.0
B_DIFFERENT,different,fly-a,1.4166666666666667,0.0
B_DIFFERENT,different,fly-b,1.4166666666666667,0.0
B_DIFFERENT,different,fly-a,1.425,0.0
B_DIFFERENT,different,fly-b,1.425,0.0
B_DIFFERENT,different,fly-a,1.4333333333333333,0.0
B_DIFFERENT,different,fly-b,1.4333333333333333,0.0
B_DIFFERENT,different,fly-a,1.4416666666666667,0.0
B_DIFFERENT,different,fly-b,1.4416666666666667,0.0
B_DIFFERENT,different,fly-a,1.45,0.0
B_DIFFERENT,different,fly-b,1.45,0.0
B_DIFFERENT,different,fly-a,1.4583333333333333,0.0
B_DIFFERENT,different,fly-b,1.4583333333333333,0.0
B_DIFFERENT,different,fly-a,1.4666666666666666,0.0
B_DIFFERENT,different,fly-b,1.4666666666666666,0.0
B_DIFFERENT,different,fly-a,1.475,0.0
B_DIFFERENT,different,fly-b,1.475,0.0
B_DIFFERENT,different,fly-a,1.4833333333333334,0.0
B_DIFFERENT,different,fly-b,1.4833333333333334,0.0
B_DIFFERENT,different,fly-a,1.4916666666666667,0.0
B_DIFFERENT,different,fly-b,1.4916666666666667,0.0
B_DIFFERENT,different,fly-a,1.5,0.0
B_DIFFERENT,different,fly-b,1.5,0.0
B_DIFFERENT,different,fly-a,1.5083333333333333,0.0
B_DIFFERENT,different,fly-b,1.5083333333333333,0.0
B_DIFFERENT,different,fly-a,1.5166666666666666,0.0
B_DIFFERENT,different,fly-b,1.5166666666666666,0.0
B_DIFFERENT,different,fly-a,1.525,0.0
B_DIFFERENT,different,fly-b,1.525,0.0
B_DIFFERENT,different,fly-a,1.5333333333333332,0.0
B_DIFFERENT,different,fly-b,1.5333333333333332,0.0
B_DIFFERENT,different,fly-a,1.5416666666666667,0.0
B_DIFFERENT,different,fly-b,1.5416666666666667,0.0
B_DIFFERENT,different,fly-a,1.55,0.0
B_DIFFERENT,different,fly-b,1.55,0.0
B_DIFFERENT,different,fly-a,1.5583333333333333,0.0
B_DIFFERENT,different,fly-b,1.5583333333333333,0.0
B_DIFFERENT,different,fly-a,1.5666666666666667,0.0
B_DIFFERENT,different,fly-b,1.5666666666666667,0.0
B_DIFFERENT,different,fly-a,1.575,0.0
B_DIFFERENT,different,fly-b,1.575,0.0
B_DIFFERENT,different,fly-a,1.5833333333333333,0.0
B_DIFFERENT,different,fly-b,1.5833333333333333,0.0
B_DIFFERENT,different,fly-a,1.5916666666666666,0.0
B_DIFFERENT,different,fly-b,1.5916666666666666,0.0
B_DIFFERENT,different,fly-a,1.6,0.0
B_DIFFERENT,different,fly-b,1.6,0.0
B_DIFFERENT,different,fly-a,1.6083333333333334,0.0
B_DIFFERENT,different,fly-b,1.6083333333333334,0.0
B_DIFFERENT,different,fly-a,1.6166666666666667,0.0
B_DIFFERENT,different,fly-b,1.6166666666666667,0.0
B_DIFFERENT,different,fly-a,1.625,0.0
B_DIFFERENT,different,fly-b,1.625,0.0
B_DIFFERENT,different,fly-a,1.6333333333333333,0.0
B_DIFFERENT,different,fly-b,1.6333333333333333,0.0
B_DIFFERENT,different,fly-a,1.6416666666666666,0.0
B_DIFFERENT,different,fly-b,1.6416666666666666,0.0
B_DIFFERENT,different,fly-a,1.65,0.0
B_DIFFERENT,different,fly-b,1.65,0.0
B_DIFFERENT,different,fly-a,1.6583333333333332,0.0
B_DIFFERENT,different,fly-b,1.6583333333333332,0.0
B_DIFFERENT,different,fly-a,1.6666666666666667,0.0
B_DIFFERENT,different,fly-b,1.6666666666666667,0.0
B_DIFFERENT,different,fly-a,1.675,0.0
B_DIFFERENT,different,fly-b,1.675,0.0
B_DIFFERENT,different,fly-a,1.6833333333333333,0.0
B_DIFFERENT,different,fly-b,1.6833333333333333,0.0
B_DIFFERENT,different,fly-a,1.6916666666666667,0.0
B_DIFFERENT,different,fly-b,1.6916666666666667,0.0
B_DIFFERENT,different,fly-a,1.7,0.0
B_DIFFERENT,different,fly-b,1.7,0.0
B_DIFFERENT,different,fly-a,1.7083333333333333,0.0
B_DIFFERENT,different,fly-b,1.7083333333333333,0.0
B_DIFFERENT,different,fly-a,1.7166666666666666,0.0
B_DIFFERENT,different,fly-b,1.7166666666666666,0.0
B_DIFFERENT,different,fly-a,1.7249999999999999,0.0
B_DIFFERENT,different,fly-b,1.7249999999999999,0.0
B_DIFFERENT,different,fly-a,1.7333333333333334,0.0
B_DIFFERENT,different,fly-b,1.7333333333333334,0.0
B_DIFFERENT,different,fly-a,1.7416666666666667,0.0
B_DIFFERENT,different,fly-b,1.7416666666666667,0.0
B_DIFFERENT,different,fly-a,1.75,0.0
B_DIFFERENT,different,fly-b,1.75,0.0
B_DIFFERENT,different,fly-a,1.7583333333333333,0.0
B_DIFFERENT,different,fly-b,1.7583333333333333,0.0
B_DIFFERENT,different,fly-a,1.7666666666666666,0.0
B_DIFFERENT,different,fly-b,1.7666666666666666,0.0
B_DIFFERENT,different,fly-a,1.775,0.0
B_DIFFERENT,different,fly-b,1.775,0.0
B_DIFFERENT,different,fly-a,1.7833333333333332,0.0
B_DIFFERENT,different,fly-b,1.7833333333333332,0.0
B_DIFFERENT,different,fly-a,1.7916666666666667,0.0
B_DIFFERENT,different,fly-b,1.7916666666666667,0.0
B_DIFFERENT,different,fly-a,1.8,0.0
B_DIFFERENT,different,fly-b,1.8,0.0
B_DIFFERENT,different,fly-a,1.8083333333333333,0.0
B_DIFFERENT,different,fly-b,1.8083333333333333,0.0
B_DIFFERENT,different,fly-a,1.8166666666666667,0.0
B_DIFFERENT,different,fly-b,1.8166666666666667,0.0
B_DIFFERENT,different,fly-a,1.825,0.0
B_DIFFERENT,different,fly-b,1.825,0.0
B_DIFFERENT,different,fly-a,1.8333333333333333,0.0
B_DIFFERENT,different,fly-b,1.8333333333333333,0.0
B_DIFFERENT,different,fly-a,1.8416666666666666,0.0
B_DIFFERENT,different,fly-b,1.8416666666666666,0.0
B_DIFFERENT,different,fly-a,1.8499999999999999,0.0
B_DIFFERENT,different,fly-b,1.8499999999999999,0.0
B_DIFFERENT,different,fly-a,1.8583333333333334,0.0
B_DIFFERENT,different,fly-b,1.8583333333333334,0.0
B_DIFFERENT,different,fly-a,1.8666666666666667,0.0
B_DIFFERENT,different,fly-b,1.8666666666666667,0.0
B_DIFFERENT,different,fly-a,1.875,0.0
B_DIFFERENT,different,fly-b,1.875,0.0
B_DIFFERENT,different,fly-a,1.8833333333333333,0.0
B_DIFFERENT,different,fly-b,1.8833333333333333,0.0
B_DIFFERENT,different,fly-a,1.8916666666666666,0.0
B_DIFFERENT,different,fly-b,1.8916666666666666,0.0
B_DIFFERENT,different,fly-a,1.9,0.0
B_DIFFERENT,different,fly-b,1.9,0.0
B_DIFFERENT,different,fly-a,1.9083333333333332,0.0
B_DIFFERENT,different,fly-b,1.9083333333333332,0.0
B_DIFFERENT,different,fly-a,1.9166666666666667,0.0
B_DIFFERENT,different,fly-b,1.9166666666666667,0.0
B_DIFFERENT,different,fly-a,1.925,0.0
B_DIFFERENT,different,fly-b,1.925,0.0
B_DIFFERENT,different,fly-a,1.9333333333333333,0.0
B_DIFFERENT,different,fly-b,1.9333333333333333,0.0
B_DIFFERENT,different,fly-a,1.9416666666666667,0.0
B_DIFFERENT,different,fly-b,1.9416666666666667,0.0
B_DIFFERENT,different,fly-a,1.95,0.0
B_DIFFERENT,different,fly-b,1.95,0.0
B_DIFFERENT,different,fly-a,1.9583333333333333,0.0
B_DIFFERENT,different,fly-b,1.9583333333333333,0.0
B_DIFFERENT,different,fly-a,1.9666666666666666,0.0
B_DIFFERENT,different,fly-b,1.9666666666666666,0.0
B_DIFFERENT,different,fly-a,1.9749999999999999,0.0
B_DIFFERENT,different,fly-b,1.9749999999999999,0.0
B_DIFFERENT,different,fly-a,1.9833333333333334,0.0
B_DIFFERENT,different,fly-b,1.9833333333333334,0.0
B_DIFFERENT,different,fly-a,1.9916666666666667,0.0
B_DIFFERENT,different,fly-b,1.9916666666666667,0.0
B_DIFFERENT,different,fly-a,2.0,0.0
B_DIFFERENT,different,fly-b,2.0,0.0
B_DIFFERENT,different,fly-a,2.0083333333333333,0.0
B_DIFFERENT,different,fly-b,2.0083333333333333,0.0
B_DIFFERENT,different,fly-a,2.0166666666666666,0.0
B_DIFFERENT,different,fly-b,2.0166666666666666,0.0
B_DIFFERENT,different,fly-a,2.025,0.0
B_DIFFERENT,different,fly-b,2.025,0.0
B_DIFFERENT,different,fly-a,2.033333333333333,0.0
B_DIFFERENT,different,fly-b,2.033333333333333,0.0
B_DIFFERENT,different,fly-a,2.0416666666666665,0.0
B_DIFFERENT,different,fly-b,2.0416666666666665,0.0
B_DIFFERENT,different,fly-a,2.05,0.0
B_DIFFERENT,different,fly-b,2.05,0.0
B_DIFFERENT,different,fly-a,2.058333333333333,0.0
B_DIFFERENT,different,fly-b,2.058333333333333,0.0
B_DIFFERENT,different,fly-a,2.0666666666666664,0.0
B_DIFFERENT,different,fly-b,2.0666666666666664,0.0
B_DIFFERENT,different,fly-a,2.075,0.0
B_DIFFERENT,different,fly-b,2.075,0.0
B_DIFFERENT,different,fly-a,2.0833333333333335,0.0
B_DIFFERENT,different,fly-b,2.0833333333333335,0.0
B_DIFFERENT,different,fly-a,2.091666666666667,0.0
B_DIFFERENT,different,fly-b,2.091666666666667,0.0
B_DIFFERENT,different,fly-a,2.1,0.0
B_DIFFERENT,different,fly-b,2.1,0.0
B_DIFFERENT,different,fly-a,2.1083333333333334,0.0
B_DIFFERENT,different,fly-b,2.1083333333333334,0.0
B_DIFFERENT,different,fly-a,2.1166666666666667,0.0
B_DIFFERENT,different,fly-b,2.1166666666666667,0.0
B_DIFFERENT,different,fly-a,2.125,0.0
B_DIFFERENT,different,fly-b,2.125,0.0
B_DIFFERENT,different,fly-a,2.1333333333333333,0.0
B_DIFFERENT,different,fly-b,2.1333333333333333,0.0
B_DIFFERENT,different,fly-a,2.1416666666666666,0.0
B_DIFFERENT,different,fly-b,2.1416666666666666,0.0
B_DIFFERENT,different,fly-a,2.15,0.0
B_DIFFERENT,different,fly-b,2.15,0.0
B_DIFFERENT,different,fly-a,2.158333333333333,0.0
B_DIFFERENT,different,fly-b,2.158333333333333,0.0
B_DIFFERENT,different,fly-a,2.1666666666666665,0.0
B_DIFFERENT,different,fly-b,2.1666666666666665,0.0
B_DIFFERENT,different,fly-a,2.175,0.0
B_DIFFERENT,different,fly-b,2.175,0.0
B_DIFFERENT,different,fly-a,2.183333333333333,0.0
B_DIFFERENT,different,fly-b,2.183333333333333,0.0
B_DIFFERENT,different,fly-a,2.1916666666666664,0.0
B_DIFFERENT,different,fly-b,2.1916666666666664,0.0
B_DIFFERENT,different,fly-a,2.2,0.0
B_DIFFERENT,different,fly-b,2.2,0.0
B_DIFFERENT,different,fly-a,2.2083333333333335,0.0
B_DIFFERENT,different,fly-b,2.2083333333333335,0.0
B_DIFFERENT,different,fly-a,2.216666666666667,0.0
B_DIFFERENT,different,fly-b,2.216666666666667,0.0
B_DIFFERENT,different,fly-a,2.225,0.0
B_DIFFERENT,different,fly-b,2.225,0.0
B_DIFFERENT,different,fly-a,2.2333333333333334,0.0
B_DIFFERENT,different,fly-b,2.2333333333333334,0.0
B_DIFFERENT,different,fly-a,2.2416666666666667,0.0
B_DIFFERENT,different,fly-b,2.2416666666666667,0.0
B_DIFFERENT,different,fly-a,2.25,0.0
B_DIFFERENT,different,fly-b,2.25,0.0
B_DIFFERENT,different,fly-a,2.2583333333333333,0.0
B_DIFFERENT,different,fly-b,2.2583333333333333,0.0
B_DIFFERENT,different,fly-a,2.2666666666666666,0.0
B_DIFFERENT,different,fly-b,2.2666666666666666,0.0
B_DIFFERENT,different,fly-a,2.275,0.0
B_DIFFERENT,different,fly-b,2.275,0.0
B_DIFFERENT,different,fly-a,2.283333333333333,0.0
B_DIFFERENT,different,fly-b,2.283333333333333,0.0
B_DIFFERENT,different,fly-a,2.2916666666666665,0.0
B_DIFFERENT,different,fly-b,2.2916666666666665,0.0
B_DIFFERENT,different,fly-a,2.3,0.0
B_DIFFERENT,different,fly-b,2.3,0.0
B_DIFFERENT,different,fly-a,2.308333333333333,0.0
B_DIFFERENT,different,fly-b,2.308333333333333,0.0
B_DIFFERENT,different,fly-a,2.3166666666666664,0.0
B_DIFFERENT,different,fly-b,2.3166666666666664,0.0
B_DIFFERENT,different,fly-a,2.325,0.0
B_DIFFERENT,different,fly-b,2.325,0.0
B_DIFFERENT,different,fly-a,2.3333333333333335,0.0
B_DIFFERENT,different,fly-b,2.3333333333333335,0.0
B_DIFFERENT,different,fly-a,2.341666666666667,0.0
B_DIFFERENT,different,fly-b,2.341666666666667,0.0
B_DIFFERENT,different,fly-a,2.35,0.0
B_DIFFERENT,different,fly-b,2.35,0.0
B_DIFFERENT,different,fly-a,2.3583333333333334,0.0
B_DIFFERENT,different,fly-b,2.3583333333333334,0.0
B_DIFFERENT,different,fly-a,2.3666666666666667,0.0
B_DIFFERENT,different,fly-b,2.3666666666666667,0.0
B_DIFFERENT,different,fly-a,2.375,0.0
B_DIFFERENT,different,fly-b,2.375,0.0
B_DIFFERENT,different,fly-a,2.3833333333333333,0.0
B_DIFFERENT,different,fly-b,2.3833333333333333,0.0
B_DIFFERENT,different,fly-a,2.3916666666666666,0.0
B_DIFFERENT,different,fly-b,2.3916666666666666,0.0
B_DIFFERENT,different,fly-a,2.4,0.0
B_DIFFERENT,different,fly-b,2.4,0.0
B_DIFFERENT,different,fly-a,2.408333333333333,0.0
B_DIFFERENT,different,fly-b,2.408333333333333,0.0
B_DIFFERENT,different,fly-a,2.4166666666666665,0.0
B_DIFFERENT,different,fly-b,2.4166666666666665,0.0
B_DIFFERENT,different,fly-a,2.425,0.0
B_DIFFERENT,different,fly-b,2.425,0.0
B_DIFFERENT,different,fly-a,2.433333333333333,0.0
B_DIFFERENT,different,fly-b,2.433333333333333,0.0
B_DIFFERENT,different,fly-a,2.4416666666666664,0.0
B_DIFFERENT,different,fly-b,2.4416666666666664,0.0
B_DIFFERENT,different,fly-a,2.45,0.0
B_DIFFERENT,different,fly-b,2.45,0.0
B_DIFFERENT,different,fly-a,2.4583333333333335,0.0
B_DIFFERENT,different,fly-b,2.4583333333333335,0.0
B_DIFFERENT,different,fly-a,2.466666666666667,0.0
B_DIFFERENT,different,fly-b,2.466666666666667,0.0
B_DIFFERENT,different,fly-a,2.475,0.0
B_DIFFERENT,different,fly-b,2.475,0.0
B_DIFFERENT,different,fly-a,2.4833333333333334,0.0
B_DIFFERENT,different,fly-b,2.4833333333333334,0.0
B_DIFFERENT,different,fly-a,2.4916666666666667,0.0
B_DIFFERENT,different,fly-b,2.4916666666666667,0.0
B_DIFFERENT,different,fly-a,2.5,0.0
B_DIFFERENT,different,fly-b,2.5,0.0
B_DIFFERENT,different,fly-a,2.5083333333333333,0.0
B_DIFFERENT,different,fly-b,2.5083333333333333,0.0
B_DIFFERENT,different,fly-a,2.5166666666666666,0.0
B_DIFFERENT,different,fly-b,2.5166666666666666,0.0
B_DIFFERENT,different,fly-a,2.525,0.0
B_DIFFERENT,different,fly-b,2.525,0.0
B_DIFFERENT,different,fly-a,2.533333333333333,0.0
B_DIFFERENT,different,fly-b,2.533333333333333,0.0
B_DIFFERENT,different,fly-a,2.5416666666666665,0.0
B_DIFFERENT,different,fly-b,2.5416666666666665,0.0
B_DIFFERENT,different,fly-a,2.55,0.0
B_DIFFERENT,different,fly-b,2.55,0.0
B_DIFFERENT,different,fly-a,2.558333333333333,0.0
B_DIFFERENT,different,fly-b,2.558333333333333,0.0
B_DIFFERENT,different,fly-a,2.5666666666666664,0.0
B_DIFFERENT,different,fly-b,2.5666666666666664,0.0
B_DIFFERENT,different,fly-a,2.575,0.0
B_DIFFERENT,different,fly-b,2.575,0.0
B_DIFFERENT,different,fly-a,2.5833333333333335,0.0
B_DIFFERENT,different,fly-b,2.5833333333333335,0.0
B_DIFFERENT,different,fly-a,2.591666666666667,0.0
B_DIFFERENT,different,fly-b,2.591666666666667,0.0
B_DIFFERENT,different,fly-a,2.6,0.0
B_DIFFERENT,different,fly-b,2.6,0.0
B_DIFFERENT,different,fly-a,2.6083333333333334,0.0
B_DIFFERENT,different,fly-b,2.6083333333333334,0.0
B_DIFFERENT,different,fly-a,2.6166666666666667,0.0
B_DIFFERENT,different,fly-b,2.6166666666666667,0.0
B_DIFFERENT,different,fly-a,2.625,0.0
B_DIFFERENT,different,fly-b,2.625,0.0
B_DIFFERENT,different,fly-a,2.6333333333333333,0.0
B_DIFFERENT,different,fly-b,2.6333333333333333,0.0
B_DIFFERENT,different,fly-a,2.6416666666666666,0.0
B_DIFFERENT,different,fly-b,2.6416666666666666,0.0
B_DIFFERENT,different,fly-a,2.65,0.0
B_DIFFERENT,different,fly-b,2.65,0.0
B_DIFFERENT,different,fly-a,2.658333333333333,0.0
B_DIFFERENT,different,fly-b,2.658333333333333,0.0
B_DIFFERENT,different,fly-a,2.6666666666666665,0.0
B_DIFFERENT,different,fly-b,2.6666666666666665,0.0
B_DIFFERENT,different,fly-a,2.675,0.0
B_DIFFERENT,different,fly-b,2.675,0.0
B_DIFFERENT,different,fly-a,2.683333333333333,0.0
B_DIFFERENT,different,fly-b,2.683333333333333,0.0
B_DIFFERENT,different,fly-a,2.6916666666666664,0.0
B_DIFFERENT,different,fly-b,2.6916666666666664,0.0
B_DIFFERENT,different,fly-a,2.7,0.0
B_DIFFERENT,different,fly-b,2.7,0.0
B_DIFFERENT,different,fly-a,2.7083333333333335,0.0
B_DIFFERENT,different,fly-b,2.7083333333333335,0.0
B_DIFFERENT,different,fly-a,2.716666666666667,0.0
B_DIFFERENT,different,fly-b,2.716666666666667,0.0
B_DIFFERENT,different,fly-a,2.725,0.0
B_DIFFERENT,different,fly-b,2.725,0.0
B_DIFFERENT,different,fly-a,2.7333333333333334,0.0
B_DIFFERENT,different,fly-b,2.7333333333333334,0.0
B_DIFFERENT,different,fly-a,2.7416666666666667,0.0
B_DIFFERENT,different,fly-b,2.7416666666666667,0.0
B_DIFFERENT,different,fly-a,2.75,0.0
B_DIFFERENT,different,fly-b,2.75,0.0
B_DIFFERENT,different,fly-a,2.7583333333333333,0.0
B_DIFFERENT,different,fly-b,2.7583333333333333,0.0
B_DIFFERENT,different,fly-a,2.7666666666666666,0.0
B_DIFFERENT,different,fly-b,2.7666666666666666,0.0
B_DIFFERENT,different,fly-a,2.775,0.0
B_DIFFERENT,different,fly-b,2.775,0.0
B_DIFFERENT,different,fly-a,2.783333333333333,0.0
B_DIFFERENT,different,fly-b,2.783333333333333,0.0
B_DIFFERENT,different,fly-a,2.7916666666666665,0.0
B_DIFFERENT,different,fly-b,2.7916666666666665,0.0
B_DIFFERENT,different,fly-a,2.8,0.0
B_DIFFERENT,different,fly-b,2.8,0.0
B_DIFFERENT,different,fly-a,2.808333333333333,0.0
B_DIFFERENT,different,fly-b,2.808333333333333,0.0
B_DIFFERENT,different,fly-a,2.8166666666666664,0.0
B_DIFFERENT,different,fly-b,2.8166666666666664,0.0
B_DIFFERENT,different,fly-a,2.825,0.0
B_DIFFERENT,different,fly-b,2.825,0.0
B_DIFFERENT,different,fly-a,2.8333333333333335,0.0
B_DIFFERENT,different,fly-b,2.8333333333333335,0.0
B_DIFFERENT,different,fly-a,2.841666666666667,0.0
B_DIFFERENT,different,fly-b,2.841666666666667,0.0
B_DIFFERENT,different,fly-a,2.85,0.0
B_DIFFERENT,different,fly-b,2.85,0.0
B_DIFFERENT,different,fly-a,2.8583333333333334,0.0
B_DIFFERENT,different,fly-b,2.8583333333333334,0.0
B_DIFFERENT,different,fly-a,2.8666666666666667,0.0
B_DIFFERENT,different,fly-b,2.8666666666666667,0.0
B_DIFFERENT,different,fly-a,2.875,0.0
B_DIFFERENT,different,fly-b,2.875,0.0
B_DIFFERENT,different,fly-a,2.8833333333333333,0.0
B_DIFFERENT,different,fly-b,2.8833333333333333,0.0
B_DIFFERENT,different,fly-a,2.8916666666666666,0.0
B_DIFFERENT,different,fly-b,2.8916666666666666,0.0
B_DIFFERENT,different,fly-a,2.9,0.0
B_DIFFERENT,different,fly-b,2.9,0.0
B_DIFFERENT,different,fly-a,2.908333333333333,0.0
B_DIFFERENT,different,fly-b,2.908333333333333,0.0
B_DIFFERENT,different,fly-a,2.9166666666666665,0.0
B_DIFFERENT,different,fly-b,2.9166666666666665,0.0
B_DIFFERENT,different,fly-a,2.925,0.0
B_DIFFERENT,different,fly-b,2.925,0.0
B_DIFFERENT,different,fly-a,2.933333333333333,0.0
B_DIFFERENT,different,fly-b,2.933333333333333,0.0
B_DIFFERENT,different,fly-a,2.9416666666666664,0.0
B_DIFFERENT,different,fly-b,2.9416666666666664,0.0
B_DIFFERENT,different,fly-a,2.95,0.0
B_DIFFERENT,different,fly-b,2.95,0.0
B_DIFFERENT,different,fly-a,2.9583333333333335,0.0
B_DIFFERENT,different,fly-b,2.9583333333333335,0.0
B_DIFFERENT,different,fly-a,2.966666666666667,0.0
B_DIFFERENT,different,fly-b,2.966666666666667,0.0
B_DIFFERENT,different,fly-a,2.975,0.0
B_DIFFERENT,different,fly-b,2.975,0.0
B_DIFFERENT,different,fly-a,2.9833333333333334,0.0
B_DIFFERENT,different,fly-b,2.9833333333333334,0.0
B_DIFFERENT,different,fly-a,2.9916666666666667,0.0
B_DIFFERENT,different,fly-b,2.9916666666666667,0.0
B_DIFFERENT,different,fly-a,3.0,0.0
B_DIFFERENT,different,fly-b,3.0,0.0
B_DIFFERENT,different,fly-a,3.0083333333333333,0.0
B_DIFFERENT,different,fly-b,3.0083333333333333,0.0
B_DIFFERENT,different,fly-a,3.0166666666666666,0.0
B_DIFFERENT,different,fly-b,3.0166666666666666,0.0
B_DIFFERENT,different,fly-a,3.025,0.0
B_DIFFERENT,different,fly-b,3.025,0.0
B_DIFFERENT,different,fly-a,3.033333333333333,0.0
B_DIFFERENT,different,fly-b,3.033333333333333,0.0
B_DIFFERENT,different,fly-a,3.0416666666666665,0.0
B_DIFFERENT,different,fly-b,3.0416666666666665,0.0
B_DIFFERENT,different,fly-a,3.05,0.0
B_DIFFERENT,different,fly-b,3.05,0.0
B_DIFFERENT,different,fly-a,3.058333333333333,0.0
B_DIFFERENT,different,fly-b,3.058333333333333,0.0
B_DIFFERENT,different,fly-a,3.0666666666666664,0.0
B_DIFFERENT,different,fly-b,3.0666666666666664,0.0
B_DIFFERENT,different,fly-a,3.075,0.0
B_DIFFERENT,different,fly-b,3.075,0.0
B_DIFFERENT,different,fly-a,3.0833333333333335,0.0
B_DIFFERENT,different,fly-b,3.0833333333333335,0.0
B_DIFFERENT,different,fly-a,3.091666666666667,0.0
B_DIFFERENT,different,fly-b,3.091666666666667,0.0
B_DIFFERENT,different,fly-a,3.1,0.0
B_DIFFERENT,different,fly-b,3.1,0.0
B_DIFFERENT,different,fly-a,3.1083333333333334,0.0
B_DIFFERENT,different,fly-b,3.1083333333333334,0.0
B_DIFFERENT,different,fly-a,3.1166666666666667,0.0
B_DIFFERENT,different,fly-b,3.1166666666666667,0.0
B_DIFFERENT,different,fly-a,3.125,0.0
B_DIFFERENT,different,fly-b,3.125,0.0
B_DIFFERENT,different,fly-a,3.1333333333333333,0.0
B_DIFFERENT,different,fly-b,3.1333333333333333,0.0
B_DIFFERENT,different,fly-a,3.1416666666666666,0.0
B_DIFFERENT,different,fly-b,3.1416666666666666,0.0
B_DIFFERENT,different,fly-a,3.15,0.0
B_DIFFERENT,different,fly-b,3.15,0.0
B_DIFFERENT,different,fly-a,3.158333333333333,0.0
B_DIFFERENT,different,fly-b,3.158333333333333,0.0
B_DIFFERENT,different,fly-a,3.1666666666666665,0.0
B_DIFFERENT,different,fly-b,3.1666666666666665,0.0
B_DIFFERENT,different,fly-a,3.175,0.0
B_DIFFERENT,different,fly-b,3.175,0.0
B_DIFFERENT,different,fly-a,3.183333333333333,0.0
B_DIFFERENT,different,fly-b,3.183333333333333,0.0
B_DIFFERENT,different,fly-a,3.1916666666666664,0.0
B_DIFFERENT,different,fly-b,3.1916666666666664,0.0
B_DIFFERENT,different,fly-a,3.2,0.0
B_DIFFERENT,different,fly-b,3.2,0.0
B_DIFFERENT,different,fly-a,3.2083333333333335,0.0
B_DIFFERENT,different,fly-b,3.2083333333333335,0.0
B_DIFFERENT,different,fly-a,3.216666666666667,0.0
B_DIFFERENT,different,fly-b,3.216666666666667,0.0
B_DIFFERENT,different,fly-a,3.225,0.0
B_DIFFERENT,different,fly-b,3.225,0.0
B_DIFFERENT,different,fly-a,3.2333333333333334,0.0
B_DIFFERENT,different,fly-b,3.2333333333333334,0.0
B_DIFFERENT,different,fly-a,3.2416666666666667,0.0
B_DIFFERENT,different,fly-b,3.2416666666666667,0.0
B_DIFFERENT,different,fly-a,3.25,0.0
B_DIFFERENT,different,fly-b,3.25,0.0
B_DIFFERENT,different,fly-a,3.2583333333333333,0.0
B_DIFFERENT,different,fly-b,3.2583333333333333,0.0
B_DIFFERENT,different,fly-a,3.2666666666666666,0.0
B_DIFFERENT,different,fly-b,3.2666666666666666,0.0
B_DIFFERENT,different,fly-a,3.275,0.0
B_DIFFERENT,different,fly-b,3.275,0.0
B_DIFFERENT,different,fly-a,3.283333333333333,0.0
B_DIFFERENT,different,fly-b,3.283333333333333,0.0
B_DIFFERENT,different,fly-a,3.2916666666666665,0.0
B_DIFFERENT,different,fly-b,3.2916666666666665,0.0
B_DIFFERENT,different,fly-a,3.3,0.0
B_DIFFERENT,different,fly-b,3.3,0.0
B_DIFFERENT,different,fly-a,3.308333333333333,0.0
B_DIFFERENT,different,fly-b,3.308333333333333,0.0
B_DIFFERENT,different,fly-a,3.3166666666666664,0.0
B_DIFFERENT,different,fly-b,3.3166666666666664,0.0
B_DIFFERENT,different,fly-a,3.3249999999999997,0.0
B_DIFFERENT,different,fly-b,3.3249999999999997,0.0
B_DIFFERENT,different,fly-a,3.3333333333333335,0.0
B_DIFFERENT,different,fly-b,3.3333333333333335,0.0
B_DIFFERENT,different,fly-a,3.341666666666667,0.0
B_DIFFERENT,different,fly-b,3.341666666666667,0.0
B_DIFFERENT,different,fly-a,3.35,0.0
B_DIFFERENT,different,fly-b,3.35,0.0
B_DIFFERENT,different,fly-a,3.3583333333333334,0.0
B_DIFFERENT,different,fly-b,3.3583333333333334,0.0
B_DIFFERENT,different,fly-a,3.3666666666666667,0.0
B_DIFFERENT,different,fly-b,3.3666666666666667,0.0
B_DIFFERENT,different,fly-a,3.375,0.0
B_DIFFERENT,different,fly-b,3.375,0.0
B_DIFFERENT,different,fly-a,3.3833333333333333,0.0
B_DIFFERENT,different,fly-b,3.3833333333333333,0.0
B_DIFFERENT,different,fly-a,3.3916666666666666,0.0
B_DIFFERENT,different,fly-b,3.3916666666666666,0.0
B_DIFFERENT,different,fly-a,3.4,0.0
B_DIFFERENT,different,fly-b,3.4,0.0
B_DIFFERENT,different,fly-a,3.408333333333333,0.0
B_DIFFERENT,different,fly-b,3.408333333333333,0.0
B_DIFFERENT,different,fly-a,3.4166666666666665,0.0
B_DIFFERENT,different,fly-b,3.4166666666666665,0.0
B_DIFFERENT,different,fly-a,3.425,0.0
B_DIFFERENT,different,fly-b,3.425,0.0
B_DIFFERENT,different,fly-a,3.433333333333333,0.0
B_DIFFERENT,different,fly-b,3.433333333333333,0.0
B_DIFFERENT,different,fly-a,3.4416666666666664,0.0
B_DIFFERENT,different,fly-b,3.4416666666666664,0.0
B_DIFFERENT,different,fly-a,3.4499999999999997,0.0
B_DIFFERENT,different,fly-b,3.4499999999999997,0.0
B_DIFFERENT,different,fly-a,3.4583333333333335,0.0
B_DIFFERENT,different,fly-b,3.4583333333333335,0.0
B_DIFFERENT,different,fly-a,3.466666666666667,0.0
B_DIFFERENT,different,fly-b,3.466666666666667,0.0
B_DIFFERENT,different,fly-a,3.475,0.0
B_DIFFERENT,different,fly-b,3.475,0.0
B_DIFFERENT,different,fly-a,3.4833333333333334,0.0
B_DIFFERENT,different,fly-b,3.4833333333333334,0.0
B_DIFFERENT,different,fly-a,3.4916666666666667,0.0
B_DIFFERENT,different,fly-b,3.4916666666666667,0.0
B_DIFFERENT,different,fly-a,3.5,0.0
B_DIFFERENT,different,fly-b,3.5,0.0
B_DIFFERENT,different,fly-a,3.5083333333333333,0.0
B_DIFFERENT,different,fly-b,3.5083333333333333,0.0
B_DIFFERENT,different,fly-a,3.5166666666666666,0.0
B_DIFFERENT,different,fly-b,3.5166666666666666,0.0
B_DIFFERENT,different,fly-a,3.525,0.0
B_DIFFERENT,different,fly-b,3.525,0.0
B_DIFFERENT,different,fly-a,3.533333333333333,0.0
B_DIFFERENT,different,fly-b,3.533333333333333,0.0
B_DIFFERENT,different,fly-a,3.5416666666666665,0.0
B_DIFFERENT,different,fly-b,3.5416666666666665,0.0
B_DIFFERENT,different,fly-a,3.55,0.0
B_DIFFERENT,different,fly-b,3.55,0.0
B_DIFFERENT,different,fly-a,3.558333333333333,0.0
B_DIFFERENT,different,fly-b,3.558333333333333,0.0
B_DIFFERENT,different,fly-a,3.5666666666666664,0.0
B_DIFFERENT,different,fly-b,3.5666666666666664,0.0
B_DIFFERENT,different,fly-a,3.5749999999999997,0.0
B_DIFFERENT,different,fly-b,3.5749999999999997,0.0
B_DIFFERENT,different,fly-a,3.5833333333333335,0.0
B_DIFFERENT,different,fly-b,3.5833333333333335,0.0
B_DIFFERENT,different,fly-a,3.591666666666667,0.0
B_DIFFERENT,different,fly-b,3.591666666666667,0.0
B_DIFFERENT,different,fly-a,3.6,0.0
B_DIFFERENT,different,fly-b,3.6,0.0
B_DIFFERENT,different,fly-a,3.6083333333333334,0.0
B_DIFFERENT,different,fly-b,3.6083333333333334,0.0
B_DIFFERENT,different,fly-a,3.6166666666666667,0.0
B_DIFFERENT,different,fly-b,3.6166666666666667,0.0
B_DIFFERENT,different,fly-a,3.625,0.0
B_DIFFERENT,different,fly-b,3.625,0.0
B_DIFFERENT,different,fly-a,3.6333333333333333,0.0
B_DIFFERENT,different,fly-b,3.6333333333333333,0.0
B_DIFFERENT,different,fly-a,3.6416666666666666,0.0
B_DIFFERENT,different,fly-b,3.6416666666666666,0.0
B_DIFFERENT,different,fly-a,3.65,0.0
B_DIFFERENT,different,fly-b,3.65,0.0
B_DIFFERENT,different,fly-a,3.658333333333333,0.0
B_DIFFERENT,different,fly-b,3.658333333333333,0.0
B_DIFFERENT,different,fly-a,3.6666666666666665,0.0
B_DIFFERENT,different,fly-b,3.6666666666666665,0.0
B_DIFFERENT,different,fly-a,3.675,0.0
B_DIFFERENT,different,fly-b,3.675,0.0
B_DIFFERENT,different,fly-a,3.683333333333333,0.0
B_DIFFERENT,different,fly-b,3.683333333333333,0.0
B_DIFFERENT,different,fly-a,3.6916666666666664,0.0
B_DIFFERENT,different,fly-b,3.6916666666666664,0.0
B_DIFFERENT,different,fly-a,3.6999999999999997,0.0
B_DIFFERENT,different,fly-b,3.6999999999999997,0.0
B_DIFFERENT,different,fly-a,3.7083333333333335,0.0
B_DIFFERENT,different,fly-b,3.7083333333333335,0.0
B_DIFFERENT,different,fly-a,3.716666666666667,0.0
B_DIFFERENT,different,fly-b,3.716666666666667,0.0
B_DIFFERENT,different,fly-a,3.725,0.0
B_DIFFERENT,different,fly-b,3.725,0.0
B_DIFFERENT,different,fly-a,3.7333333333333334,0.0
B_DIFFERENT,different,fly-b,3.7333333333333334,0.0
B_DIFFERENT,different,fly-a,3.7416666666666667,0.0
B_DIFFERENT,different,fly-b,3.7416666666666667,0.0
B_DIFFERENT,different,fly-a,3.75,0.0
B_DIFFERENT,different,fly-b,3.75,0.0
B_DIFFERENT,different,fly-a,3.7583333333333333,0.0
B_DIFFERENT,different,fly-b,3.7583333333333333,0.0
B_DIFFERENT,different,fly-a,3.7666666666666666,0.0
B_DIFFERENT,different,fly-b,3.7666666666666666,0.0
B_DIFFERENT,different,fly-a,3.775,0.0
B_DIFFERENT,different,fly-b,3.775,0.0
B_DIFFERENT,different,fly-a,3.783333333333333,0.0
B_DIFFERENT,different,fly-b,3.783333333333333,0.0
B_DIFFERENT,different,fly-a,3.7916666666666665,0.0
B_DIFFERENT,different,fly-b,3.7916666666666665,0.0
B_DIFFERENT,different,fly-a,3.8,0.0
B_DIFFERENT,different,fly-b,3.8,0.0
B_DIFFERENT,different,fly-a,3.808333333333333,0.0
B_DIFFERENT,different,fly-b,3.808333333333333,0.0
B_DIFFERENT,different,fly-a,3.8166666666666664,0.0
B_DIFFERENT,different,fly-b,3.8166666666666664,0.0
B_DIFFERENT,different,fly-a,3.8249999999999997,0.0
B_DIFFERENT,different,fly-b,3.8249999999999997,0.0
B_DIFFERENT,different,fly-a,3.8333333333333335,0.0
B_DIFFERENT,different,fly-b,3.8333333333333335,0.0
B_DIFFERENT,different,fly-a,3.841666666666667,0.0
B_DIFFERENT,different,fly-b,3.841666666666667,0.0
B_DIFFERENT,different,fly-a,3.85,0.0
B_DIFFERENT,different,fly-b,3.85,0.0
B_DIFFERENT,different,fly-a,3.8583333333333334,0.0
B_DIFFERENT,different,fly-b,3.8583333333333334,0.0
B_DIFFERENT,different,fly-a,3.8666666666666667,0.0
B_DIFFERENT,different,fly-b,3.8666666666666667,0.0
B_DIFFERENT,different,fly-a,3.875,0.0
B_DIFFERENT,different,fly-b,3.875,0.0
B_DIFFERENT,different,fly-a,3.8833333333333333,0.0
B_DIFFERENT,different,fly-b,3.8833333333333333,0.0
B_DIFFERENT,different,fly-a,3.8916666666666666,0.0
B_DIFFERENT,different,fly-b,3.8916666666666666,0.0
B_DIFFERENT,different,fly-a,3.9,0.0
B_DIFFERENT,different,fly-b,3.9,0.0
B_DIFFERENT,different,fly-a,3.908333333333333,0.0
B_DIFFERENT,different,fly-b,3.908333333333333,0.0
B_DIFFERENT,different,fly-a,3.9166666666666665,0.0
B_DIFFERENT,different,fly-b,3.9166666666666665,0.0
B_DIFFERENT,different,fly-a,3.925,0.0
B_DIFFERENT,different,fly-b,3.925,0.0
B_DIFFERENT,different,fly-a,3.933333333333333,0.0
B_DIFFERENT,different,fly-b,3.933333333333333,0.0
B_DIFFERENT,different,fly-a,3.9416666666666664,0.0
B_DIFFERENT,different,fly-b,3.9416666666666664,0.0
B_DIFFERENT,different,fly-a,3.9499999999999997,0.0
B_DIFFERENT,different,fly-b,3.9499999999999997,0.0
B_DIFFERENT,different,fly-a,3.9583333333333335,0.0
B_DIFFERENT,different,fly-b,3.9583333333333335,0.0
B_DIFFERENT,different,fly-a,3.966666666666667,0.0
B_DIFFERENT,different,fly-b,3.966666666666667,0.0
B_DIFFERENT,different,fly-a,3.975,0.0
B_DIFFERENT,different,fly-b,3.975,0.0
B_DIFFERENT,different,fly-a,3.9833333333333334,0.0
B_DIFFERENT,different,fly-b,3.9833333333333334,0.0
B_DIFFERENT,different,fly-a,3.9916666666666667,0.0
B_DIFFERENT,different,fly-b,3.9916666666666667,0.0
B_DIFFERENT,different,fly-a,4.0,0.0
B_DIFFERENT,different,fly-b,4.0,0.0
B_DIFFERENT,different,fly-a,4.008333333333333,0.0
B_DIFFERENT,different,fly-b,4.008333333333333,0.0
B_DIFFERENT,different,fly-a,4.016666666666667,0.0
B_DIFFERENT,different,fly-b,4.016666666666667,0.0
B_DIFFERENT,different,fly-a,4.025,0.0
B_DIFFERENT,different,fly-b,4.025,0.0
B_DIFFERENT,different,fly-a,4.033333333333333,0.0
B_DIFFERENT,different,fly-b,4.033333333333333,0.0
B_DIFFERENT,different,fly-a,4.041666666666667,0.0
B_DIFFERENT,different,fly-b,4.041666666666667,0.0
B_DIFFERENT,different,fly-a,4.05,0.0
B_DIFFERENT,different,fly-b,4.05,0.0
B_DIFFERENT,different,fly-a,4.058333333333334,0.0
B_DIFFERENT,different,fly-b,4.058333333333334,0.0
B_DIFFERENT,different,fly-a,4.066666666666666,0.0
B_DIFFERENT,different,fly-b,4.066666666666666,0.0
B_DIFFERENT,different,fly-a,4.075,0.0
B_DIFFERENT,different,fly-b,4.075,0.0
B_DIFFERENT,different,fly-a,4.083333333333333,0.0
B_DIFFERENT,different,fly-b,4.083333333333333,0.0
B_DIFFERENT,different,fly-a,4.091666666666667,0.0
B_DIFFERENT,different,fly-b,4.091666666666667,0.0
B_DIFFERENT,different,fly-a,4.1,0.0
B_DIFFERENT,different,fly-b,4.1,0.0
B_DIFFERENT,different,fly-a,4.108333333333333,0.0
B_DIFFERENT,different,fly-b,4.108333333333333,0.0
B_DIFFERENT,different,fly-a,4.116666666666666,0.0
B_DIFFERENT,different,fly-b,4.116666666666666,0.0
B_DIFFERENT,different,fly-a,4.125,0.0
B_DIFFERENT,different,fly-b,4.125,0.0
B_DIFFERENT,different,fly-a,4.133333333333333,0.0
B_DIFFERENT,different,fly-b,4.133333333333333,0.0
B_DIFFERENT,different,fly-a,4.141666666666667,0.0
B_DIFFERENT,different,fly-b,4.141666666666667,0.0
B_DIFFERENT,different,fly-a,4.15,0.0
B_DIFFERENT,different,fly-b,4.15,0.0
B_DIFFERENT,different,fly-a,4.158333333333333,0.0
B_DIFFERENT,different,fly-b,4.158333333333333,0.0
B_DIFFERENT,different,fly-a,4.166666666666667,0.0
B_DIFFERENT,different,fly-b,4.166666666666667,0.0
B_DIFFERENT,different,fly-a,4.175,0.0
B_DIFFERENT,different,fly-b,4.175,0.0
B_DIFFERENT,different,fly-a,4.183333333333334,0.0
B_DIFFERENT,different,fly-b,4.183333333333334,0.0
B_DIFFERENT,different,fly-a,4.191666666666666,0.0
B_DIFFERENT,different,fly-b,4.191666666666666,0.0
B_DIFFERENT,different,fly-a,4.2,0.0
B_DIFFERENT,different,fly-b,4.2,0.0
B_DIFFERENT,different,fly-a,4.208333333333333,0.0
B_DIFFERENT,different,fly-b,4.208333333333333,0.0
B_DIFFERENT,different,fly-a,4.216666666666667,0.0
B_DIFFERENT,different,fly-b,4.216666666666667,0.0
B_DIFFERENT,different,fly-a,4.225,0.0
B_DIFFERENT,different,fly-b,4.225,0.0
B_DIFFERENT,different,fly-a,4.233333333333333,0.0
B_DIFFERENT,different,fly-b,4.233333333333333,0.0
B_DIFFERENT,different,fly-a,4.241666666666666,0.0
B_DIFFERENT,different,fly-b,4.241666666666666,0.0
B_DIFFERENT,different,fly-a,4.25,0.0
B_DIFFERENT,different,fly-b,4.25,0.0
B_DIFFERENT,different,fly-a,4.258333333333333,0.0
B_DIFFERENT,different,fly-b,4.258333333333333,0.0
B_DIFFERENT,different,fly-a,4.266666666666667,0.0
B_DIFFERENT,different,fly-b,4.266666666666667,0.0
B_DIFFERENT,different,fly-a,4.275,0.0
B_DIFFERENT,different,fly-b,4.275,0.0
B_DIFFERENT,different,fly-a,4.283333333333333,0.0
B_DIFFERENT,different,fly-b,4.283333333333333,0.0
B_DIFFERENT,different,fly-a,4.291666666666667,0.0
B_DIFFERENT,different,fly-b,4.291666666666667,0.0
B_DIFFERENT,different,fly-a,4.3,0.0
B_DIFFERENT,different,fly-b,4.3,0.0
B_DIFFERENT,different,fly-a,4.308333333333334,0.0
B_DIFFERENT,different,fly-b,4.308333333333334,0.0
B_DIFFERENT,different,fly-a,4.316666666666666,0.0
B_DIFFERENT,different,fly-b,4.316666666666666,0.0
B_DIFFERENT,different,fly-a,4.325,0.0
B_DIFFERENT,different,fly-b,4.325,0.0
B_DIFFERENT,different,fly-a,4.333333333333333,0.0
B_DIFFERENT,different,fly-b,4.333333333333333,0.0
B_DIFFERENT,different,fly-a,4.341666666666667,0.0
B_DIFFERENT,different,fly-b,4.341666666666667,0.0
B_DIFFERENT,different,fly-a,4.35,0.0
B_DIFFERENT,different,fly-b,4.35,0.0
B_DIFFERENT,different,fly-a,4.358333333333333,0.0
B_DIFFERENT,different,fly-b,4.358333333333333,0.0
B_DIFFERENT,different,fly-a,4.366666666666666,0.0
B_DIFFERENT,different,fly-b,4.366666666666666,0.0
B_DIFFERENT,different,fly-a,4.375,0.0
B_DIFFERENT,different,fly-b,4.375,0.0
B_DIFFERENT,different,fly-a,4.383333333333333,0.0
B_DIFFERENT,different,fly-b,4.383333333333333,0.0
B_DIFFERENT,different,fly-a,4.391666666666667,0.0
B_DIFFERENT,different,fly-b,4.391666666666667,0.0
B_DIFFERENT,different,fly-a,4.4,0.0
B_DIFFERENT,different,fly-b,4.4,0.0
B_DIFFERENT,different,fly-a,4.408333333333333,0.0
B_DIFFERENT,different,fly-b,4.408333333333333,0.0
B_DIFFERENT,different,fly-a,4.416666666666667,0.0
B_DIFFERENT,different,fly-b,4.416666666666667,0.0
B_DIFFERENT,different,fly-a,4.425,0.0
B_DIFFERENT,different,fly-b,4.425,0.0
B_DIFFERENT,different,fly-a,4.433333333333334,0.0
B_DIFFERENT,different,fly-b,4.433333333333334,0.0
B_DIFFERENT,different,fly-a,4.441666666666666,0.0
B_DIFFERENT,different,fly-b,4.441666666666666,0.0
B_DIFFERENT,different,fly-a,4.45,0.0
B_DIFFERENT,different,fly-b,4.45,0.0
B_DIFFERENT,different,fly-a,4.458333333333333,0.0
B_DIFFERENT,different,fly-b,4.458333333333333,0.0
B_DIFFERENT,different,fly-a,4.466666666666667,0.0
B_DIFFERENT,different,fly-b,4.466666666666667,0.0
B_DIFFERENT,different,fly-a,4.475,0.0
B_DIFFERENT,different,fly-b,4.475,0.0
B_DIFFERENT,different,fly-a,4.483333333333333,0.0
B_DIFFERENT,different,fly-b,4.483333333333333,0.0
B_DIFFERENT,different,fly-a,4.491666666666666,0.0
B_DIFFERENT,different,fly-b,4.491666666666666,0.0
B_DIFFERENT,different,fly-a,4.5,0.0
B_DIFFERENT,different,fly-b,4.5,0.0
B_DIFFERENT,different,fly-a,4.508333333333333,0.0
B_DIFFERENT,different,fly-b,4.508333333333333,0.0
B_DIFFERENT,different,fly-a,4.516666666666667,0.0
B_DIFFERENT,different,fly-b,4.516666666666667,0.0
B_DIFFERENT,different,fly-a,4.525,0.0
B_DIFFERENT,different,fly-b,4.525,0.0
B_DIFFERENT,different,fly-a,4.533333333333333,0.0
B_DIFFERENT,different,fly-b,4.533333333333333,0.0
B_DIFFERENT,different,fly-a,4.541666666666667,0.0
B_DIFFERENT,different,fly-b,4.541666666666667,0.0
B_DIFFERENT,different,fly-a,4.55,0.0
B_DIFFERENT,different,fly-b,4.55,0.0
B_DIFFERENT,different,fly-a,4.558333333333334,0.0
B_DIFFERENT,different,fly-b,4.558333333333334,0.0
B_DIFFERENT,different,fly-a,4.566666666666666,0.0
B_DIFFERENT,different,fly-b,4.566666666666666,0.0
B_DIFFERENT,different,fly-a,4.575,0.0
B_DIFFERENT,different,fly-b,4.575,0.0
B_DIFFERENT,different,fly-a,4.583333333333333,0.0
B_DIFFERENT,different,fly-b,4.583333333333333,0.0
B_DIFFERENT,different,fly-a,4.591666666666667,0.0
B_DIFFERENT,different,fly-b,4.591666666666667,0.0
B_DIFFERENT,different,fly-a,4.6,0.0
B_DIFFERENT,different,fly-b,4.6,0.0
B_DIFFERENT,different,fly-a,4.608333333333333,0.0
B_DIFFERENT,different,fly-b,4.608333333333333,0.0
B_DIFFERENT,different,fly-a,4.616666666666666,0.0
B_DIFFERENT,different,fly-b,4.616666666666666,0.0
B_DIFFERENT,different,fly-a,4.625,0.0
B_DIFFERENT,different,fly-b,4.625,0.0
B_DIFFERENT,different,fly-a,4.633333333333333,0.0
B_DIFFERENT,different,fly-b,4.633333333333333,0.0
B_DIFFERENT,different,fly-a,4.641666666666667,0.0
B_DIFFERENT,different,fly-b,4.641666666666667,0.0
B_DIFFERENT,different,fly-a,4.65,0.0
B_DIFFERENT,different,fly-b,4.65,0.0
B_DIFFERENT,different,fly-a,4.658333333333333,0.0
B_DIFFERENT,different,fly-b,4.658333333333333,0.0
B_DIFFERENT,different,fly-a,4.666666666666667,0.0
B_DIFFERENT,different,fly-b,4.666666666666667,0.0
B_DIFFERENT,different,fly-a,4.675,0.0
B_DIFFERENT,different,fly-b,4.675,0.0
B_DIFFERENT,different,fly-a,4.683333333333334,0.0
B_DIFFERENT,different,fly-b,4.683333333333334,0.0
B_DIFFERENT,different,fly-a,4.691666666666666,0.0
B_DIFFERENT,different,fly-b,4.691666666666666,0.0
B_DIFFERENT,different,fly-a,4.7,0.0
B_DIFFERENT,different,fly-b,4.7,0.0
B_DIFFERENT,different,fly-a,4.708333333333333,0.0
B_DIFFERENT,different,fly-b,4.708333333333333,0.0
B_DIFFERENT,different,fly-a,4.716666666666667,0.0
B_DIFFERENT,different,fly-b,4.716666666666667,0.0
B_DIFFERENT,different,fly-a,4.725,0.0
B_DIFFERENT,different,fly-b,4.725,0.0
B_DIFFERENT,different,fly-a,4.733333333333333,0.0
B_DIFFERENT,different,fly-b,4.733333333333333,0.0
B_DIFFERENT,different,fly-a,4.741666666666666,0.0
B_DIFFERENT,different,fly-b,4.741666666666666,0.0
B_DIFFERENT,different,fly-a,4.75,0.0
B_DIFFERENT,different,fly-b,4.75,0.0
B_DIFFERENT,different,fly-a,4.758333333333333,0.0
B_DIFFERENT,different,fly-b,4.758333333333333,0.0
B_DIFFERENT,different,fly-a,4.766666666666667,0.0
B_DIFFERENT,different,fly-b,4.766666666666667,0.0
B_DIFFERENT,different,fly-a,4.775,0.0
B_DIFFERENT,different,fly-b,4.775,0.0
B_DIFFERENT,different,fly-a,4.783333333333333,0.0
B_DIFFERENT,different,fly-b,4.783333333333333,0.0
B_DIFFERENT,different,fly-a,4.791666666666667,0.0
B_DIFFERENT,different,fly-b,4.791666666666667,0.0
B_DIFFERENT,different,fly-a,4.8,0.0
B_DIFFERENT,different,fly-b,4.8,0.0
B_DIFFERENT,different,fly-a,4.808333333333334,0.0
B_DIFFERENT,different,fly-b,4.808333333333334,0.0
B_DIFFERENT,different,fly-a,4.816666666666666,0.0
B_DIFFERENT,different,fly-b,4.816666666666666,0.0
B_DIFFERENT,different,fly-a,4.825,0.0
B_DIFFERENT,different,fly-b,4.825,0.0
B_DIFFERENT,different,fly-a,4.833333333333333,0.0
B_DIFFERENT,different,fly-b,4.833333333333333,0.0
B_DIFFERENT,different,fly-a,4.841666666666667,0.0
B_DIFFERENT,different,fly-b,4.841666666666667,0.0
B_DIFFERENT,different,fly-a,4.85,0.0
B_DIFFERENT,different,fly-b,4.85,0.0
B_DIFFERENT,different,fly-a,4.858333333333333,0.0
B_DIFFERENT,different,fly-b,4.858333333333333,0.0
B_DIFFERENT,different,fly-a,4.866666666666666,0.0
B_DIFFERENT,different,fly-b,4.866666666666666,0.0
B_DIFFERENT,different,fly-a,4.875,0.0
B_DIFFERENT,different,fly-b,4.875,0.0
B_DIFFERENT,different,fly-a,4.883333333333333,0.0
B_DIFFERENT,different,fly-b,4.883333333333333,0.0
B_DIFFERENT,different,fly-a,4.891666666666667,0.0
B_DIFFERENT,different,fly-b,4.891666666666667,0.0
B_DIFFERENT,different,fly-a,4.9,0.0
B_DIFFERENT,different,fly-b,4.9,0.0
B_DIFFERENT,different,fly-a,4.908333333333333,0.0
B_DIFFERENT,different,fly-b,4.908333333333333,0.0
B_DIFFERENT,different,fly-a,4.916666666666667,0.0
B_DIFFERENT,different,fly-b,4.916666666666667,0.0
B_DIFFERENT,different,fly-a,4.925,0.0
B_DIFFERENT,different,fly-b,4.925,0.0
B_DIFFERENT,different,fly-a,4.933333333333334,0.0
B_DIFFERENT,different,fly-b,4.933333333333334,0.0
B_DIFFERENT,different,fly-a,4.941666666666666,0.0
B_DIFFERENT,different,fly-b,4.941666666666666,0.0
B_DIFFERENT,different,fly-a,4.95,0.0
B_DIFFERENT,different,fly-b,4.95,0.0
B_DIFFERENT,different,fly-a,4.958333333333333,0.0
B_DIFFERENT,different,fly-b,4.958333333333333,0.0
B_DIFFERENT,different,fly-a,4.966666666666667,0.0
B_DIFFERENT,different,fly-b,4.966666666666667,0.0
B_DIFFERENT,different,fly-a,4.975,0.0
B_DIFFERENT,different,fly-b,4.975,0.0
B_DIFFERENT,different,fly-a,4.983333333333333,0.0
B_DIFFERENT,different,fly-b,4.983333333333333,0.0
B_DIFFERENT,different,fly-a,4.991666666666666,0.0
B_DIFFERENT,different,fly-b,4.991666666666666,0.0
B_DIFFERENT,different,fly-a,5.0,0.0
B_DIFFERENT,different,fly-b,5.0,0.0
B_DIFFERENT,different,fly-a,5.008333333333333,0.0
B_DIFFERENT,different,fly-b,5.008333333333333,0.0
B_DIFFERENT,different,fly-a,5.016666666666667,0.0
B_DIFFERENT,different,fly-b,5.016666666666667,0.0
B_DIFFERENT,different,fly-a,5.025,0.0
B_DIFFERENT,different,fly-b,5.025,0.0
B_DIFFERENT,different,fly-a,5.033333333333333,0.0
B_DIFFERENT,different,fly-b,5.033333333333333,0.0
B_DIFFERENT,different,fly-a,5.041666666666667,0.0
B_DIFFERENT,different,fly-b,5.041666666666667,0.0
B_DIFFERENT,different,fly-a,5.05,0.0
B_DIFFERENT,different,fly-b,5.05,0.0
B_DIFFERENT,different,fly-a,5.058333333333334,0.0
B_DIFFERENT,different,fly-b,5.058333333333334,0.0
B_DIFFERENT,different,fly-a,5.066666666666666,0.0
B_DIFFERENT,different,fly-b,5.066666666666666,0.0
B_DIFFERENT,different,fly-a,5.075,0.0
B_DIFFERENT,different,fly-b,5.075,0.0
B_DIFFERENT,different,fly-a,5.083333333333333,0.0
B_DIFFERENT,different,fly-b,5.083333333333333,0.0
B_DIFFERENT,different,fly-a,5.091666666666667,0.0
B_DIFFERENT,different,fly-b,5.091666666666667,0.0
B_DIFFERENT,different,fly-a,5.1,0.0
B_DIFFERENT,different,fly-b,5.1,0.0
B_DIFFERENT,different,fly-a,5.108333333333333,0.0
B_DIFFERENT,different,fly-b,5.108333333333333,0.0
B_DIFFERENT,different,fly-a,5.116666666666666,0.0
B_DIFFERENT,different,fly-b,5.116666666666666,0.0
B_DIFFERENT,different,fly-a,5.125,0.0
B_DIFFERENT,different,fly-b,5.125,0.0
B_DIFFERENT,different,fly-a,5.133333333333333,0.0
B_DIFFERENT,different,fly-b,5.133333333333333,0.0
B_DIFFERENT,different,fly-a,5.141666666666667,0.0
B_DIFFERENT,different,fly-b,5.141666666666667,0.0
B_DIFFERENT,different,fly-a,5.15,0.0
B_DIFFERENT,different,fly-b,5.15,0.0
B_DIFFERENT,different,fly-a,5.158333333333333,0.0
B_DIFFERENT,different,fly-b,5.158333333333333,0.0
B_DIFFERENT,different,fly-a,5.166666666666667,0.0
B_DIFFERENT,different,fly-b,5.166666666666667,0.0
B_DIFFERENT,different,fly-a,5.175,0.0
B_DIFFERENT,different,fly-b,5.175,0.0
B_DIFFERENT,different,fly-a,5.183333333333334,0.0
B_DIFFERENT,different,fly-b,5.183333333333334,0.0
B_DIFFERENT,different,fly-a,5.191666666666666,0.0
B_DIFFERENT,different,fly-b,5.191666666666666,0.0
B_DIFFERENT,different,fly-a,5.2,0.0
B_DIFFERENT,different,fly-b,5.2,0.0
B_DIFFERENT,different,fly-a,5.208333333333333,0.0
B_DIFFERENT,different,fly-b,5.208333333333333,0.0
B_DIFFERENT,different,fly-a,5.216666666666667,0.0
B_DIFFERENT,different,fly-b,5.216666666666667,0.0
B_DIFFERENT,different,fly-a,5.225,0.0
B_DIFFERENT,different,fly-b,5.225,0.0
B_DIFFERENT,different,fly-a,5.233333333333333,0.0
B_DIFFERENT,different,fly-b,5.233333333333333,0.0
B_DIFFERENT,different,fly-a,5.241666666666666,0.0
B_DIFFERENT,different,fly-b,5.241666666666666,0.0
B_DIFFERENT,different,fly-a,5.25,0.0
B_DIFFERENT,different,fly-b,5.25,0.0
B_DIFFERENT,different,fly-a,5.258333333333333,0.0
B_DIFFERENT,different,fly-b,5.258333333333333,0.0
B_DIFFERENT,different,fly-a,5.266666666666667,0.0
B_DIFFERENT,different,fly-b,5.266666666666667,0.0
B_DIFFERENT,different,fly-a,5.275,0.0
B_DIFFERENT,different,fly-b,5.275,0.0
B_DIFFERENT,different,fly-a,5.283333333333333,0.0
B_DIFFERENT,different,fly-b,5.283333333333333,0.0
B_DIFFERENT,different,fly-a,5.291666666666667,0.0
B_DIFFERENT,different,fly-b,5.291666666666667,0.0
B_DIFFERENT,different,fly-a,5.3,0.0
B_DIFFERENT,different,fly-b,5.3,0.0
B_DIFFERENT,different,fly-a,5.308333333333334,0.0
B_DIFFERENT,different,fly-b,5.308333333333334,0.0
B_DIFFERENT,different,fly-a,5.316666666666666,0.0
B_DIFFERENT,different,fly-b,5.316666666666666,0.0
B_DIFFERENT,different,fly-a,5.325,0.0
B_DIFFERENT,different,fly-b,5.325,0.0
B_DIFFERENT,different,fly-a,5.333333333333333,0.0
B_DIFFERENT,different,fly-b,5.333333333333333,0.0
B_DIFFERENT,different,fly-a,5.341666666666667,0.0
B_DIFFERENT,different,fly-b,5.341666666666667,0.0
B_DIFFERENT,different,fly-a,5.35,0.0
B_DIFFERENT,different,fly-b,5.35,0.0
B_DIFFERENT,different,fly-a,5.358333333333333,0.0
B_DIFFERENT,different,fly-b,5.358333333333333,0.0
B_DIFFERENT,different,fly-a,5.366666666666666,0.0
B_DIFFERENT,different,fly-b,5.366666666666666,0.0
B_DIFFERENT,different,fly-a,5.375,0.0
B_DIFFERENT,different,fly-b,5.375,0.0
B_DIFFERENT,different,fly-a,5.383333333333333,0.0
B_DIFFERENT,different,fly-b,5.383333333333333,0.0
B_DIFFERENT,different,fly-a,5.391666666666667,0.0
B_DIFFERENT,different,fly-b,5.391666666666667,0.0
B_DIFFERENT,different,fly-a,5.4,0.0
B_DIFFERENT,different,fly-b,5.4,0.0
B_DIFFERENT,different,fly-a,5.408333333333333,0.0
B_DIFFERENT,different,fly-b,5.408333333333333,0.0
B_DIFFERENT,different,fly-a,5.416666666666667,0.0
B_DIFFERENT,different,fly-b,5.416666666666667,0.0
B_DIFFERENT,different,fly-a,5.425,0.0
B_DIFFERENT,different,fly-b,5.425,0.0
B_DIFFERENT,different,fly-a,5.433333333333334,0.0
B_DIFFERENT,different,fly-b,5.433333333333334,0.0
B_DIFFERENT,different,fly-a,5.441666666666666,0.0
B_DIFFERENT,different,fly-b,5.441666666666666,0.0
B_DIFFERENT,different,fly-a,5.45,0.0
B_DIFFERENT,different,fly-b,5.45,0.0
B_DIFFERENT,different,fly-a,5.458333333333333,0.0
B_DIFFERENT,different,fly-b,5.458333333333333,0.0
B_DIFFERENT,different,fly-a,5.466666666666667,0.0
B_DIFFERENT,different,fly-b,5.466666666666667,0.0
B_DIFFERENT,different,fly-a,5.475,0.0
B_DIFFERENT,different,fly-b,5.475,0.0
B_DIFFERENT,different,fly-a,5.483333333333333,0.0
B_DIFFERENT,different,fly-b,5.483333333333333,0.0
B_DIFFERENT,different,fly-a,5.491666666666666,0.0
B_DIFFERENT,different,fly-b,5.491666666666666,0.0
B_DIFFERENT,different,fly-a,5.5,0.0
B_DIFFERENT,different,fly-b,5.5,0.0
B_DIFFERENT,different,fly-a,5.508333333333333,0.0
B_DIFFERENT,different,fly-b,5.508333333333333,0.0
B_DIFFERENT,different,fly-a,5.516666666666667,0.0
B_DIFFERENT,different,fly-b,5.516666666666667,0.0
B_DIFFERENT,different,fly-a,5.525,0.0
B_DIFFERENT,different,fly-b,5.525,0.0
B_DIFFERENT,different,fly-a,5.533333333333333,0.0
B_DIFFERENT,different,fly-b,5.533333333333333,0.0
B_DIFFERENT,different,fly-a,5.541666666666667,0.0
B_DIFFERENT,different,fly-b,5.541666666666667,0.0
B_DIFFERENT,different,fly-a,5.55,0.0
B_DIFFERENT,different,fly-b,5.55,0.0
B_DIFFERENT,different,fly-a,5.558333333333334,0.0
B_DIFFERENT,different,fly-b,5.558333333333334,0.0
B_DIFFERENT,different,fly-a,5.566666666666666,0.0
B_DIFFERENT,different,fly-b,5.566666666666666,0.0
B_DIFFERENT,different,fly-a,5.575,0.0
B_DIFFERENT,different,fly-b,5.575,0.0
B_DIFFERENT,different,fly-a,5.583333333333333,0.0
B_DIFFERENT,different,fly-b,5.583333333333333,0.0
B_DIFFERENT,different,fly-a,5.591666666666667,0.0
B_DIFFERENT,different,fly-b,5.591666666666667,0.0
B_DIFFERENT,different,fly-a,5.6,0.0
B_DIFFERENT,different,fly-b,5.6,0.0
B_DIFFERENT,different,fly-a,5.608333333333333,0.0
B_DIFFERENT,different,fly-b,5.608333333333333,0.0
B_DIFFERENT,different,fly-a,5.616666666666666,0.0
B_DIFFERENT,different,fly-b,5.616666666666666,0.0
B_DIFFERENT,different,fly-a,5.625,0.0
B_DIFFERENT,different,fly-b,5.625,0.0
B_DIFFERENT,different,fly-a,5.633333333333333,0.0
B_DIFFERENT,different,fly-b,5.633333333333333,0.0
B_DIFFERENT,different,fly-a,5.641666666666667,0.0
B_DIFFERENT,different,fly-b,5.641666666666667,0.0
B_DIFFERENT,different,fly-a,5.65,0.0
B_DIFFERENT,different,fly-b,5.65,0.0
B_DIFFERENT,different,fly-a,5.658333333333333,0.0
B_DIFFERENT,different,fly-b,5.658333333333333,0.0
B_DIFFERENT,different,fly-a,5.666666666666667,0.0
B_DIFFERENT,different,fly-b,5.666666666666667,0.0
B_DIFFERENT,different,fly-a,5.675,0.0
B_DIFFERENT,different,fly-b,5.675,0.0
B_DIFFERENT,different,fly-a,5.683333333333334,0.0
B_DIFFERENT,different,fly-b,5.683333333333334,0.0
B_DIFFERENT,different,fly-a,5.691666666666666,0.0
B_DIFFERENT,different,fly-b,5.691666666666666,0.0
B_DIFFERENT,different,fly-a,5.7,0.0
B_DIFFERENT,different,fly-b,5.7,0.0
B_DIFFERENT,different,fly-a,5.708333333333333,0.0
B_DIFFERENT,different,fly-b,5.708333333333333,0.0
B_DIFFERENT,different,fly-a,5.716666666666667,0.0
B_DIFFERENT,different,fly-b,5.716666666666667,0.0
B_DIFFERENT,different,fly-a,5.725,0.0
B_DIFFERENT,different,fly-b,5.725,0.0
B_DIFFERENT,different,fly-a,5.733333333333333,0.0
B_DIFFERENT,different,fly-b,5.733333333333333,0.0
B_DIFFERENT,different,fly-a,5.741666666666666,0.0
B_DIFFERENT,different,fly-b,5.741666666666666,0.0
B_DIFFERENT,different,fly-a,5.75,0.0
B_DIFFERENT,different,fly-b,5.75,0.0
B_DIFFERENT,different,fly-a,5.758333333333333,0.0
B_DIFFERENT,different,fly-b,5.758333333333333,0.0
B_DIFFERENT,different,fly-a,5.766666666666667,0.0
B_DIFFERENT,different,fly-b,5.766666666666667,0.0
B_DIFFERENT,different,fly-a,5.775,0.0
B_DIFFERENT,different,fly-b,5.775,0.0
B_DIFFERENT,different,fly-a,5.783333333333333,0.0
B_DIFFERENT,different,fly-b,5.783333333333333,0.0
B_DIFFERENT,different,fly-a,5.791666666666667,0.0
B_DIFFERENT,different,fly-b,5.791666666666667,0.0
B_DIFFERENT,different,fly-a,5.8,0.0
B_DIFFERENT,different,fly-b,5.8,0.0
B_DIFFERENT,different,fly-a,5.808333333333334,0.0
B_DIFFERENT,different,fly-b,5.808333333333334,0.0
B_DIFFERENT,different,fly-a,5.816666666666666,0.0
B_DIFFERENT,different,fly-b,5.816666666666666,0.0
B_DIFFERENT,different,fly-a,5.825,0.0
B_DIFFERENT,different,fly-b,5.825,0.0
B_DIFFERENT,different,fly-a,5.833333333333333,0.0
B_DIFFERENT,different,fly-b,5.833333333333333,0.0
B_DIFFERENT,different,fly-a,5.841666666666667,0.0
B_DIFFERENT,different,fly-b,5.841666666666667,0.0
B_DIFFERENT,different,fly-a,5.85,0.0
B_DIFFERENT,different,fly-b,5.85,0.0
B_DIFFERENT,different,fly-a,5.858333333333333,0.0
B_DIFFERENT,different,fly-b,5.858333333333333,0.0
B_DIFFERENT,different,fly-a,5.866666666666666,0.0
B_DIFFERENT,different,fly-b,5.866666666666666,0.0
B_DIFFERENT,different,fly-a,5.875,0.0
B_DIFFERENT,different,fly-b,5.875,0.0
B_DIFFERENT,different,fly-a,5.883333333333333,0.0
B_DIFFERENT,different,fly-b,5.883333333333333,0.0
B_DIFFERENT,different,fly-a,5.891666666666667,0.0
B_DIFFERENT,different,fly-b,5.891666666666667,0.0
B_DIFFERENT,different,fly-a,5.9,0.0
B_DIFFERENT,different,fly-b,5.9,0.0
B_DIFFERENT,different,fly-a,5.908333333333333,0.0
B_DIFFERENT,different,fly-b,5.908333333333333,0.0
B_DIFFERENT,different,fly-a,5.916666666666667,0.0
B_DIFFERENT,different,fly-b,5.916666666666667,0.0
B_DIFFERENT,different,fly-a,5.925,0.0
B_DIFFERENT,different,fly-b,5.925,0.0
B_DIFFERENT,different,fly-a,5.933333333333334,0.0
B_DIFFERENT,different,fly-b,5.933333333333334,0.0
B_DIFFERENT,different,fly-a,5.941666666666666,0.0
B_DIFFERENT,different,fly-b,5.941666666666666,0.0
B_DIFFERENT,different,fly-a,5.95,0.0
B_DIFFERENT,different,fly-b,5.95,0.0
B_DIFFERENT,different,fly-a,5.958333333333333,0.0
B_DIFFERENT,different,fly-b,5.958333333333333,0.0
B_DIFFERENT,different,fly-a,5.966666666666667,0.0
B_DIFFERENT,different,fly-b,5.966666666666667,0.0
B_DIFFERENT,different,fly-a,5.975,0.0
B_DIFFERENT,different,fly-b,5.975,0.0
B_DIFFERENT,different,fly-a,5.983333333333333,0.0
B_DIFFERENT,different,fly-b,5.983333333333333,0.0
B_DIFFERENT,different,fly-a,5.991666666666666,0.0
B_DIFFERENT,different,fly-b,5.991666666666666,0.0
B_DIFFERENT,different,fly-a,6.0,0.0
B_DIFFERENT,different,fly-b,6.0,0.0
B_DIFFERENT,different,fly-a,6.008333333333333,0.0
B_DIFFERENT,different,fly-b,6.008333333333333,0.0
B_DIFFERENT,different,fly-a,6.016666666666667,0.0
B_DIFFERENT,different,fly-b,6.016666666666667,0.0
B_DIFFERENT,different,fly-a,6.025,0.0
B_DIFFERENT,different,fly-b,6.025,0.0
B_DIFFERENT,different,fly-a,6.033333333333333,0.0
B_DIFFERENT,different,fly-b,6.033333333333333,0.0
B_DIFFERENT,different,fly-a,6.041666666666667,0.0
B_DIFFERENT,different,fly-b,6.041666666666667,0.0
B_DIFFERENT,different,fly-a,6.05,0.0
B_DIFFERENT,different,fly-b,6.05,0.0
B_DIFFERENT,different,fly-a,6.058333333333334,0.0
B_DIFFERENT,different,fly-b,6.058333333333334,0.0
B_DIFFERENT,different,fly-a,6.066666666666666,0.0
B_DIFFERENT,different,fly-b,6.066666666666666,0.0
B_DIFFERENT,different,fly-a,6.075,0.0
B_DIFFERENT,different,fly-b,6.075,0.0
B_DIFFERENT,different,fly-a,6.083333333333333,0.0
B_DIFFERENT,different,fly-b,6.083333333333333,0.0
B_DIFFERENT,different,fly-a,6.091666666666667,0.0
B_DIFFERENT,different,fly-b,6.091666666666667,0.0
B_DIFFERENT,different,fly-a,6.1,0.0
B_DIFFERENT,different,fly-b,6.1,0.0
B_DIFFERENT,different,fly-a,6.108333333333333,0.0
B_DIFFERENT,different,fly-b,6.108333333333333,0.0
B_DIFFERENT,different,fly-a,6.116666666666666,0.0
B_DIFFERENT,different,fly-b,6.116666666666666,0.0
B_DIFFERENT,different,fly-a,6.125,0.0
B_DIFFERENT,different,fly-b,6.125,0.0
B_DIFFERENT,different,fly-a,6.133333333333333,0.0
B_DIFFERENT,different,fly-b,6.133333333333333,0.0
B_DIFFERENT,different,fly-a,6.141666666666667,0.0
B_DIFFERENT,different,fly-b,6.141666666666667,0.0
B_DIFFERENT,different,fly-a,6.15,0.0
B_DIFFERENT,different,fly-b,6.15,0.0
B_DIFFERENT,different,fly-a,6.158333333333333,0.0
B_DIFFERENT,different,fly-b,6.158333333333333,0.0
B_DIFFERENT,different,fly-a,6.166666666666667,0.0
B_DIFFERENT,different,fly-b,6.166666666666667,0.0
B_DIFFERENT,different,fly-a,6.175,0.0
B_DIFFERENT,different,fly-b,6.175,0.0
B_DIFFERENT,different,fly-a,6.183333333333334,0.0
B_DIFFERENT,different,fly-b,6.183333333333334,0.0
B_DIFFERENT,different,fly-a,6.191666666666666,0.0
B_DIFFERENT,different,fly-b,6.191666666666666,0.0
B_DIFFERENT,different,fly-a,6.2,0.0
B_DIFFERENT,different,fly-b,6.2,0.0
B_DIFFERENT,different,fly-a,6.208333333333333,0.0
B_DIFFERENT,different,fly-b,6.208333333333333,0.0
B_DIFFERENT,different,fly-a,6.216666666666667,0.0
B_DIFFERENT,different,fly-b,6.216666666666667,0.0
B_DIFFERENT,different,fly-a,6.225,0.0
B_DIFFERENT,different,fly-b,6.225,0.0
B_DIFFERENT,different,fly-a,6.233333333333333,0.0
B_DIFFERENT,different,fly-b,6.233333333333333,0.0
B_DIFFERENT,different,fly-a,6.241666666666666,0.0
B_DIFFERENT,different,fly-b,6.241666666666666,0.0
B_DIFFERENT,different,fly-a,6.25,0.0
B_DIFFERENT,different,fly-b,6.25,0.0
B_DIFFERENT,different,fly-a,6.258333333333333,0.0
B_DIFFERENT,different,fly-b,6.258333333333333,0.0
B_DIFFERENT,different,fly-a,6.266666666666667,0.0
B_DIFFERENT,different,fly-b,6.266666666666667,0.0
B_DIFFERENT,different,fly-a,6.275,0.0
B_DIFFERENT,different,fly-b,6.275,0.0
B_DIFFERENT,different,fly-a,6.283333333333333,0.0
B_DIFFERENT,different,fly-b,6.283333333333333,0.0
B_DIFFERENT,different,fly-a,6.291666666666667,0.0
B_DIFFERENT,different,fly-b,6.291666666666667,0.0
B_DIFFERENT,different,fly-a,6.3,0.0
B_DIFFERENT,different,fly-b,6.3,0.0
B_DIFFERENT,different,fly-a,6.308333333333334,0.0
B_DIFFERENT,different,fly-b,6.308333333333334,0.0
B_DIFFERENT,different,fly-a,6.316666666666666,0.0
B_DIFFERENT,different,fly-b,6.316666666666666,0.0
B_DIFFERENT,different,fly-a,6.325,0.0
B_DIFFERENT,different,fly-b,6.325,0.0
B_DIFFERENT,different,fly-a,6.333333333333333,0.0
B_DIFFERENT,different,fly-b,6.333333333333333,0.0
B_DIFFERENT,different,fly-a,6.341666666666667,0.0
B_DIFFERENT,different,fly-b,6.341666666666667,0.0
B_DIFFERENT,different,fly-a,6.35,0.0
B_DIFFERENT,different,fly-b,6.35,0.0
B_DIFFERENT,different,fly-a,6.358333333333333,0.0
B_DIFFERENT,different,fly-b,6.358333333333333,0.0
B_DIFFERENT,different,fly-a,6.366666666666666,0.0
B_DIFFERENT,different,fly-b,6.366666666666666,0.0
B_DIFFERENT,different,fly-a,6.375,0.0
B_DIFFERENT,different,fly-b,6.375,0.0
B_DIFFERENT,different,fly-a,6.383333333333333,0.0
B_DIFFERENT,different,fly-b,6.383333333333333,0.0
B_DIFFERENT,different,fly-a,6.391666666666667,0.0
B_DIFFERENT,different,fly-b,6.391666666666667,0.0
B_DIFFERENT,different,fly-a,6.4,0.0
B_DIFFERENT,different,fly-b,6.4,0.0
B_DIFFERENT,different,fly-a,6.408333333333333,0.0
B_DIFFERENT,different,fly-b,6.408333333333333,0.0
B_DIFFERENT,different,fly-a,6.416666666666667,0.0
B_DIFFERENT,different,fly-b,6.416666666666667,0.0
B_DIFFERENT,different,fly-a,6.425,0.0
B_DIFFERENT,different,fly-b,6.425,0.0
B_DIFFERENT,different,fly-a,6.433333333333334,0.0
B_DIFFERENT,different,fly-b,6.433333333333334,0.0
B_DIFFERENT,different,fly-a,6.441666666666666,0.0
B_DIFFERENT,different,fly-b,6.441666666666666,0.0
B_DIFFERENT,different,fly-a,6.45,0.0
B_DIFFERENT,different,fly-b,6.45,0.0
B_DIFFERENT,different,fly-a,6.458333333333333,0.0
B_DIFFERENT,different,fly-b,6.458333333333333,0.0
B_DIFFERENT,different,fly-a,6.466666666666667,0.0
B_DIFFERENT,different,fly-b,6.466666666666667,0.0
B_DIFFERENT,different,fly-a,6.475,0.0
B_DIFFERENT,different,fly-b,6.475,0.0
B_DIFFERENT,different,fly-a,6.483333333333333,0.0
B_DIFFERENT,different,fly-b,6.483333333333333,0.0
B_DIFFERENT,different,fly-a,6.491666666666666,0.0
B_DIFFERENT,different,fly-b,6.491666666666666,0.0
B_DIFFERENT,different,fly-a,6.5,0.0
B_DIFFERENT,different,fly-b,6.5,0.0
B_DIFFERENT,different,fly-a,6.508333333333333,0.0
B_DIFFERENT,different,fly-b,6.508333333333333,0.0
B_DIFFERENT,different,fly-a,6.516666666666667,0.0
B_DIFFERENT,different,fly-b,6.516666666666667,0.0
B_DIFFERENT,different,fly-a,6.5249999999999995,0.0
B_DIFFERENT,different,fly-b,6.5249999999999995,0.0
B_DIFFERENT,different,fly-a,6.533333333333333,0.0
B_DIFFERENT,different,fly-b,6.533333333333333,0.0
B_DIFFERENT,different,fly-a,6.541666666666667,0.0
B_DIFFERENT,different,fly-b,6.541666666666667,0.0
B_DIFFERENT,different,fly-a,6.55,0.0
B_DIFFERENT,different,fly-b,6.55,0.0
B_DIFFERENT,different,fly-a,6.558333333333334,0.0
B_DIFFERENT,different,fly-b,6.558333333333334,0.0
B_DIFFERENT,different,fly-a,6.566666666666666,0.0
B_DIFFERENT,different,fly-b,6.566666666666666,0.0
B_DIFFERENT,different,fly-a,6.575,0.0
B_DIFFERENT,different,fly-b,6.575,0.0
B_DIFFERENT,different,fly-a,6.583333333333333,0.0
B_DIFFERENT,different,fly-b,6.583333333333333,0.0
B_DIFFERENT,different,fly-a,6.591666666666667,0.0
B_DIFFERENT,different,fly-b,6.591666666666667,0.0
B_DIFFERENT,different,fly-a,6.6,0.0
B_DIFFERENT,different,fly-b,6.6,0.0
B_DIFFERENT,different,fly-a,6.608333333333333,0.0
B_DIFFERENT,different,fly-b,6.608333333333333,0.0
B_DIFFERENT,different,fly-a,6.616666666666666,0.0
B_DIFFERENT,different,fly-b,6.616666666666666,0.0
B_DIFFERENT,different,fly-a,6.625,0.0
B_DIFFERENT,different,fly-b,6.625,0.0
B_DIFFERENT,different,fly-a,6.633333333333333,0.0
B_DIFFERENT,different,fly-b,6.633333333333333,0.0
B_DIFFERENT,different,fly-a,6.641666666666667,0.0
B_DIFFERENT,different,fly-b,6.641666666666667,0.0
B_DIFFERENT,different,fly-a,6.6499999999999995,0.0
B_DIFFERENT,different,fly-b,6.6499999999999995,0.0
B_DIFFERENT,different,fly-a,6.658333333333333,0.0
B_DIFFERENT,different,fly-b,6.658333333333333,0.0
B_DIFFERENT,different,fly-a,6.666666666666667,0.0
B_DIFFERENT,different,fly-b,6.666666666666667,0.0
B_DIFFERENT,different,fly-a,6.675,0.0
B_DIFFERENT,different,fly-b,6.675,0.0
B_DIFFERENT,different,fly-a,6.683333333333334,0.0
B_DIFFERENT,different,fly-b,6.683333333333334,0.0
B_DIFFERENT,different,fly-a,6.691666666666666,0.0
B_DIFFERENT,different,fly-b,6.691666666666666,0.0
B_DIFFERENT,different,fly-a,6.7,0.0
B_DIFFERENT,different,fly-b,6.7,0.0
B_DIFFERENT,different,fly-a,6.708333333333333,0.0
B_DIFFERENT,different,fly-b,6.708333333333333,0.0
B_DIFFERENT,different,fly-a,6.716666666666667,0.0
B_DIFFERENT,different,fly-b,6.716666666666667,0.0
B_DIFFERENT,different,fly-a,6.725,0.0
B_DIFFERENT,different,fly-b,6.725,0.0
B_DIFFERENT,different,fly-a,6.733333333333333,0.0
B_DIFFERENT,different,fly-b,6.733333333333333,0.0
B_DIFFERENT,different,fly-a,6.741666666666666,0.0
B_DIFFERENT,different,fly-b,6.741666666666666,0.0
B_DIFFERENT,different,fly-a,6.75,0.0
B_DIFFERENT,different,fly-b,6.75,0.0
B_DIFFERENT,different,fly-a,6.758333333333333,0.0
B_DIFFERENT,different,fly-b,6.758333333333333,0.0
B_DIFFERENT,different,fly-a,6.766666666666667,0.0
B_DIFFERENT,different,fly-b,6.766666666666667,0.0
B_DIFFERENT,different,fly-a,6.7749999999999995,0.0
B_DIFFERENT,different,fly-b,6.7749999999999995,0.0
B_DIFFERENT,different,fly-a,6.783333333333333,0.0
B_DIFFERENT,different,fly-b,6.783333333333333,0.0
B_DIFFERENT,different,fly-a,6.791666666666667,0.0
B_DIFFERENT,different,fly-b,6.791666666666667,0.0
B_DIFFERENT,different,fly-a,6.8,0.0
B_DIFFERENT,different,fly-b,6.8,0.0
B_DIFFERENT,different,fly-a,6.808333333333334,0.0
B_DIFFERENT,different,fly-b,6.808333333333334,0.0
B_DIFFERENT,different,fly-a,6.816666666666666,0.0
B_DIFFERENT,different,fly-b,6.816666666666666,0.0
B_DIFFERENT,different,fly-a,6.825,0.0
B_DIFFERENT,different,fly-b,6.825,0.0
B_DIFFERENT,different,fly-a,6.833333333333333,0.0
B_DIFFERENT,different,fly-b,6.833333333333333,0.0
B_DIFFERENT,different,fly-a,6.841666666666667,0.0
B_DIFFERENT,different,fly-b,6.841666666666667,0.0
B_DIFFERENT,different,fly-a,6.85,0.0
B_DIFFERENT,different,fly-b,6.85,0.0
B_DIFFERENT,different,fly-a,6.858333333333333,0.0
B_DIFFERENT,different,fly-b,6.858333333333333,0.0
B_DIFFERENT,different,fly-a,6.866666666666666,0.0
B_DIFFERENT,different,fly-b,6.866666666666666,0.0
B_DIFFERENT,different,fly-a,6.875,0.0
B_DIFFERENT,different,fly-b,6.875,0.0
B_DIFFERENT,different,fly-a,6.883333333333333,0.0
B_DIFFERENT,different,fly-b,6.883333333333333,0.0
B_DIFFERENT,different,fly-a,6.891666666666667,0.0
B_DIFFERENT,different,fly-b,6.891666666666667,0.0
B_DIFFERENT,different,fly-a,6.8999999999999995,0.0
B_DIFFERENT,different,fly-b,6.8999999999999995,0.0
B_DIFFERENT,different,fly-a,6.908333333333333,0.0
B_DIFFERENT,different,fly-b,6.908333333333333,0.0
B_DIFFERENT,different,fly-a,6.916666666666667,0.0
B_DIFFERENT,different,fly-b,6.916666666666667,0.0
B_DIFFERENT,different,fly-a,6.925,0.0
B_DIFFERENT,different,fly-b,6.925,0.0
B_DIFFERENT,different,fly-a,6.933333333333334,0.0
B_DIFFERENT,different,fly-b,6.933333333333334,0.0
B_DIFFERENT,different,fly-a,6.941666666666666,0.0
B_DIFFERENT,different,fly-b,6.941666666666666,0.0
B_DIFFERENT,different,fly-a,6.95,0.0
B_DIFFERENT,different,fly-b,6.95,0.0
B_DIFFERENT,different,fly-a,6.958333333333333,0.0
B_DIFFERENT,different,fly-b,6.958333333333333,0.0
B_DIFFERENT,different,fly-a,6.966666666666667,0.0
B_DIFFERENT,different,fly-b,6.966666666666667,0.0
B_DIFFERENT,different,fly-a,6.975,0.0
B_DIFFERENT,different,fly-b,6.975,0.0
B_DIFFERENT,different,fly-a,6.983333333333333,0.0
B_DIFFERENT,different,fly-b,6.983333333333333,0.0
B_DIFFERENT,different,fly-a,6.991666666666666,0.0
B_DIFFERENT,different,fly-b,6.991666666666666,0.0
B_DIFFERENT,different,fly-a,7.0,0.0
B_DIFFERENT,different,fly-b,7.0,0.0
B_DIFFERENT,different,fly-a,7.008333333333333,0.0
B_DIFFERENT,different,fly-b,7.008333333333333,0.0
B_DIFFERENT,different,fly-a,7.016666666666667,0.0
B_DIFFERENT,different,fly-b,7.016666666666667,0.0
B_DIFFERENT,different,fly-a,7.0249999999999995,0.0
B_DIFFERENT,different,fly-b,7.0249999999999995,0.0
B_DIFFERENT,different,fly-a,7.033333333333333,0.0
B_DIFFERENT,different,fly-b,7.033333333333333,0.0
B_DIFFERENT,different,fly-a,7.041666666666667,0.0
B_DIFFERENT,different,fly-b,7.041666666666667,0.0
B_DIFFERENT,different,fly-a,7.05,0.0
B_DIFFERENT,different,fly-b,7.05,0.0
B_DIFFERENT,different,fly-a,7.058333333333334,0.0
B_DIFFERENT,different,fly-b,7.058333333333334,0.0
B_DIFFERENT,different,fly-a,7.066666666666666,0.0
B_DIFFERENT,different,fly-b,7.066666666666666,0.0
B_DIFFERENT,different,fly-a,7.075,0.0
B_DIFFERENT,different,fly-b,7.075,0.0
B_DIFFERENT,different,fly-a,7.083333333333333,0.0
B_DIFFERENT,different,fly-b,7.083333333333333,0.0
B_DIFFERENT,different,fly-a,7.091666666666667,0.0
B_DIFFERENT,different,fly-b,7.091666666666667,0.0
B_DIFFERENT,different,fly-a,7.1,0.0
B_DIFFERENT,different,fly-b,7.1,0.0
B_DIFFERENT,different,fly-a,7.108333333333333,0.0
B_DIFFERENT,different,fly-b,7.108333333333333,0.0
B_DIFFERENT,different,fly-a,7.116666666666666,0.0
B_DIFFERENT,different,fly-b,7.116666666666666,0.0
B_DIFFERENT,different,fly-a,7.125,0.0
B_DIFFERENT,different,fly-b,7.125,0.0
B_DIFFERENT,different,fly-a,7.133333333333333,0.0
B_DIFFERENT,different,fly-b,7.133333333333333,0.0
B_DIFFERENT,different,fly-a,7.141666666666667,0.0
B_DIFFERENT,different,fly-b,7.141666666666667,0.0
B_DIFFERENT,different,fly-a,7.1499999999999995,0.0
B_DIFFERENT,different,fly-b,7.1499999999999995,0.0
B_DIFFERENT,different,fly-a,7.158333333333333,0.0
B_DIFFERENT,different,fly-b,7.158333333333333,0.0
B_DIFFERENT,different,fly-a,7.166666666666667,0.0
B_DIFFERENT,different,fly-b,7.166666666666667,0.0
B_DIFFERENT,different,fly-a,7.175,0.0
B_DIFFERENT,different,fly-b,7.175,0.0
B_DIFFERENT,different,fly-a,7.183333333333334,0.0
B_DIFFERENT,different,fly-b,7.183333333333334,0.0
B_DIFFERENT,different,fly-a,7.191666666666666,0.0
B_DIFFERENT,different,fly-b,7.191666666666666,0.0
B_DIFFERENT,different,fly-a,7.2,0.0
B_DIFFERENT,different,fly-b,7.2,0.0
B_DIFFERENT,different,fly-a,7.208333333333333,0.0
B_DIFFERENT,different,fly-b,7.208333333333333,0.0
B_DIFFERENT,different,fly-a,7.216666666666667,0.0
B_DIFFERENT,different,fly-b,7.216666666666667,0.0
B_DIFFERENT,different,fly-a,7.225,0.0
B_DIFFERENT,different,fly-b,7.225,0.0
B_DIFFERENT,different,fly-a,7.233333333333333,0.0
B_DIFFERENT,different,fly-b,7.233333333333333,0.0
B_DIFFERENT,different,fly-a,7.241666666666666,0.0
B_DIFFERENT,different,fly-b,7.241666666666666,0.0
B_DIFFERENT,different,fly-a,7.25,0.0
B_DIFFERENT,different,fly-b,7.25,0.0
B_DIFFERENT,different,fly-a,7.258333333333333,0.0
B_DIFFERENT,different,fly-b,7.258333333333333,0.0
B_DIFFERENT,different,fly-a,7.266666666666667,0.0
B_DIFFERENT,different,fly-b,7.266666666666667,0.0
B_DIFFERENT,different,fly-a,7.2749999999999995,0.0
B_DIFFERENT,different,fly-b,7.2749999999999995,0.0
B_DIFFERENT,different,fly-a,7.283333333333333,0.0
B_DIFFERENT,different,fly-b,7.283333333333333,0.0
B_DIFFERENT,different,fly-a,7.291666666666667,0.0
B_DIFFERENT,different,fly-b,7.291666666666667,0.0
B_DIFFERENT,different,fly-a,7.3,0.0
B_DIFFERENT,different,fly-b,7.3,0.0
B_DIFFERENT,different,fly-a,7.308333333333334,0.0
B_DIFFERENT,different,fly-b,7.308333333333334,0.0
B_DIFFERENT,different,fly-a,7.316666666666666,0.0
B_DIFFERENT,different,fly-b,7.316666666666666,0.0
B_DIFFERENT,different,fly-a,7.325,0.0
B_DIFFERENT,different,fly-b,7.325,0.0
B_DIFFERENT,different,fly-a,7.333333333333333,0.0
B_DIFFERENT,different,fly-b,7.333333333333333,0.0
B_DIFFERENT,different,fly-a,7.341666666666667,0.0
B_DIFFERENT,different,fly-b,7.341666666666667,0.0
B_DIFFERENT,different,fly-a,7.35,0.0
B_DIFFERENT,different,fly-b,7.35,0.0
B_DIFFERENT,different,fly-a,7.358333333333333,0.0
B_DIFFERENT,different,fly-b,7.358333333333333,0.0
B_DIFFERENT,different,fly-a,7.366666666666666,0.0
B_DIFFERENT,different,fly-b,7.366666666666666,0.0
B_DIFFERENT,different,fly-a,7.375,0.0
B_DIFFERENT,different,fly-b,7.375,0.0
B_DIFFERENT,different,fly-a,7.383333333333333,0.0
B_DIFFERENT,different,fly-b,7.383333333333333,0.0
B_DIFFERENT,different,fly-a,7.391666666666667,0.0
B_DIFFERENT,different,fly-b,7.391666666666667,0.0
B_DIFFERENT,different,fly-a,7.3999999999999995,0.0
B_DIFFERENT,different,fly-b,7.3999999999999995,0.0
B_DIFFERENT,different,fly-a,7.408333333333333,0.0
B_DIFFERENT,different,fly-b,7.408333333333333,0.0
B_DIFFERENT,different,fly-a,7.416666666666667,0.0
B_DIFFERENT,different,fly-b,7.416666666666667,0.0
B_DIFFERENT,different,fly-a,7.425,0.0
B_DIFFERENT,different,fly-b,7.425,0.0
B_DIFFERENT,different,fly-a,7.433333333333334,0.0
B_DIFFERENT,different,fly-b,7.433333333333334,0.0
B_DIFFERENT,different,fly-a,7.441666666666666,0.0
B_DIFFERENT,different,fly-b,7.441666666666666,0.0
B_DIFFERENT,different,fly-a,7.45,0.0
B_DIFFERENT,different,fly-b,7.45,0.0
B_DIFFERENT,different,fly-a,7.458333333333333,0.0
B_DIFFERENT,different,fly-b,7.458333333333333,0.0
B_DIFFERENT,different,fly-a,7.466666666666667,0.0
B_DIFFERENT,different,fly-b,7.466666666666667,0.0
B_DIFFERENT,different,fly-a,7.475,0.0
B_DIFFERENT,different,fly-b,7.475,0.0
B_DIFFERENT,different,fly-a,7.483333333333333,0.0
B_DIFFERENT,different,fly-b,7.483333333333333,0.0
B_DIFFERENT,different,fly-a,7.491666666666666,0.0
B_DIFFERENT,different,fly-b,7.491666666666666,0.0
B_DIFFERENT,different,fly-a,7.5,0.0
B_DIFFERENT,different,fly-b,7.5,0.0
B_DIFFERENT,different,fly-a,7.508333333333333,0.0
B_DIFFERENT,different,fly-b,7.508333333333333,0.0
B_DIFFERENT,different,fly-a,7.516666666666667,0.0
B_DIFFERENT,different,fly-b,7.516666666666667,0.0
B_DIFFERENT,different,fly-a,7.5249999999999995,0.0
B_DIFFERENT,different,fly-b,7.5249999999999995,0.0
B_DIFFERENT,different,fly-a,7.533333333333333,0.0
B_DIFFERENT,different,fly-b,7.533333333333333,0.0
B_DIFFERENT,different,fly-a,7.541666666666667,0.0
B_DIFFERENT,different,fly-b,7.541666666666667,0.0
B_DIFFERENT,different,fly-a,7.55,0.0
B_DIFFERENT,different,fly-b,7.55,0.0
B_DIFFERENT,different,fly-a,7.558333333333334,0.0
B_DIFFERENT,different,fly-b,7.558333333333334,0.0
B_DIFFERENT,different,fly-a,7.566666666666666,0.0
B_DIFFERENT,different,fly-b,7.566666666666666,0.0
B_DIFFERENT,different,fly-a,7.575,0.0
B_DIFFERENT,different,fly-b,7.575,0.0
B_DIFFERENT,different,fly-a,7.583333333333333,0.0
B_DIFFERENT,different,fly-b,7.583333333333333,0.0
B_DIFFERENT,different,fly-a,7.591666666666667,0.0
B_DIFFERENT,different,fly-b,7.591666666666667,0.0
B_DIFFERENT,different,fly-a,7.6,0.0
B_DIFFERENT,different,fly-b,7.6,0.0
B_DIFFERENT,different,fly-a,7.608333333333333,0.0
B_DIFFERENT,different,fly-b,7.608333333333333,0.0
B_DIFFERENT,different,fly-a,7.616666666666666,0.0
B_DIFFERENT,different,fly-b,7.616666666666666,0.0
B_DIFFERENT,different,fly-a,7.625,0.0
B_DIFFERENT,different,fly-b,7.625,0.0
B_DIFFERENT,different,fly-a,7.633333333333333,0.0
B_DIFFERENT,different,fly-b,7.633333333333333,0.0
B_DIFFERENT,different,fly-a,7.641666666666667,0.0
B_DIFFERENT,different,fly-b,7.641666666666667,0.0
B_DIFFERENT,different,fly-a,7.6499999999999995,0.0
B_DIFFERENT,different,fly-b,7.6499999999999995,0.0
B_DIFFERENT,different,fly-a,7.658333333333333,0.0
B_DIFFERENT,different,fly-b,7.658333333333333,0.0
B_DIFFERENT,different,fly-a,7.666666666666667,0.0
B_DIFFERENT,different,fly-b,7.666666666666667,0.0
B_DIFFERENT,different,fly-a,7.675,0.0
B_DIFFERENT,different,fly-b,7.675,0.0
B_DIFFERENT,different,fly-a,7.683333333333334,0.0
B_DIFFERENT,different,fly-b,7.683333333333334,0.0
B_DIFFERENT,different,fly-a,7.691666666666666,0.0
B_DIFFERENT,different,fly-b,7.691666666666666,0.0
B_DIFFERENT,different,fly-a,7.7,0.0
B_DIFFERENT,different,fly-b,7.7,0.0
B_DIFFERENT,different,fly-a,7.708333333333333,0.0
B_DIFFERENT,different,fly-b,7.708333333333333,0.0
B_DIFFERENT,different,fly-a,7.716666666666667,0.0
B_DIFFERENT,different,fly-b,7.716666666666667,0.0
B_DIFFERENT,different,fly-a,7.725,0.0
B_DIFFERENT,different,fly-b,7.725,0.0
B_DIFFERENT,different,fly-a,7.733333333333333,0.0
B_DIFFERENT,different,fly-b,7.733333333333333,0.0
B_DIFFERENT,different,fly-a,7.741666666666666,0.0
B_DIFFERENT,different,fly-b,7.741666666666666,0.0
B_DIFFERENT,different,fly-a,7.75,0.0
B_DIFFERENT,different,fly-b,7.75,0.0
B_DIFFERENT,different,fly-a,7.758333333333333,0.0
B_DIFFERENT,different,fly-b,7.758333333333333,0.0
B_DIFFERENT,different,fly-a,7.766666666666667,0.0
B_DIFFERENT,different,fly-b,7.766666666666667,0.0
B_DIFFERENT,different,fly-a,7.7749999999999995,0.0
B_DIFFERENT,different,fly-b,7.7749999999999995,0.0
B_DIFFERENT,different,fly-a,7.783333333333333,0.0
B_DIFFERENT,different,fly-b,7.783333333333333,0.0
B_DIFFERENT,different,fly-a,7.791666666666667,0.0
B_DIFFERENT,different,fly-b,7.791666666666667,0.0
B_DIFFERENT,different,fly-a,7.8,0.0
B_DIFFERENT,different,fly-b,7.8,0.0
B_DIFFERENT,different,fly-a,7.808333333333334,0.0
B_DIFFERENT,different,fly-b,7.808333333333334,0.0
B_DIFFERENT,different,fly-a,7.816666666666666,0.0
B_DIFFERENT,different,fly-b,7.816666666666666,0.0
B_DIFFERENT,different,fly-a,7.825,0.0
B_DIFFERENT,different,fly-b,7.825,0.0
B_DIFFERENT,different,fly-a,7.833333333333333,0.0
B_DIFFERENT,different,fly-b,7.833333333333333,0.0
B_DIFFERENT,different,fly-a,7.841666666666667,0.0
B_DIFFERENT,different,fly-b,7.841666666666667,0.0
B_DIFFERENT,different,fly-a,7.85,0.0
B_DIFFERENT,different,fly-b,7.85,0.0
B_DIFFERENT,different,fly-a,7.858333333333333,0.0
B_DIFFERENT,different,fly-b,7.858333333333333,0.0
B_DIFFERENT,different,fly-a,7.866666666666666,0.0
B_DIFFERENT,different,fly-b,7.866666666666666,0.0
B_DIFFERENT,different,fly-a,7.875,0.0
B_DIFFERENT,different,fly-b,7.875,0.0
B_DIFFERENT,different,fly-a,7.883333333333333,0.0
B_DIFFERENT,different,fly-b,7.883333333333333,0.0
B_DIFFERENT,different,fly-a,7.891666666666667,0.0
B_DIFFERENT,different,fly-b,7.891666666666667,0.0
B_DIFFERENT,different,fly-a,7.8999999999999995,0.0
B_DIFFERENT,different,fly-b,7.8999999999999995,0.0
B_DIFFERENT,different,fly-a,7.908333333333333,0.0
B_DIFFERENT,different,fly-b,7.908333333333333,0.0
B_DIFFERENT,different,fly-a,7.916666666666667,0.0
B_DIFFERENT,different,fly-b,7.916666666666667,0.0
B_DIFFERENT,different,fly-a,7.925,0.0
B_DIFFERENT,different,fly-b,7.925,0.0
B_DIFFERENT,different,fly-a,7.933333333333334,0.0
B_DIFFERENT,different,fly-b,7.933333333333334,0.0
B_DIFFERENT,different,fly-a,7.941666666666666,0.0
B_DIFFERENT,different,fly-b,7.941666666666666,0.0
B_DIFFERENT,different,fly-a,7.95,0.0
B_DIFFERENT,different,fly-b,7.95,0.0
B_DIFFERENT,different,fly-a,7.958333333333333,0.0
B_DIFFERENT,different,fly-b,7.958333333333333,0.0
B_DIFFERENT,different,fly-a,7.966666666666667,0.0
B_DIFFERENT,different,fly-b,7.966666666666667,0.0
B_DIFFERENT,different,fly-a,7.975,0.0
B_DIFFERENT,different,fly-b,7.975,0.0
B_DIFFERENT,different,fly-a,7.983333333333333,0.0
B_DIFFERENT,different,fly-b,7.983333333333333,0.0
B_DIFFERENT,different,fly-a,7.991666666666666,0.0
B_DIFFERENT,different,fly-b,7.991666666666666,0.0
B_DIFFERENT,different,fly-a,8.0,0.0
B_DIFFERENT,different,fly-b,8.0,0.0
B_DIFFERENT,different,fly-a,8.008333333333333,0.0
B_DIFFERENT,different,fly-b,8.008333333333333,0.0
B_DIFFERENT,different,fly-a,8.016666666666666,0.0
B_DIFFERENT,different,fly-b,8.016666666666666,0.0
B_DIFFERENT,different,fly-a,8.025,0.0
B_DIFFERENT,different,fly-b,8.025,0.0
B_DIFFERENT,different,fly-a,8.033333333333333,0.0
B_DIFFERENT,different,fly-b,8.033333333333333,0.0
B_DIFFERENT,different,fly-a,8.041666666666666,0.0
B_DIFFERENT,different,fly-b,8.041666666666666,0.0
B_DIFFERENT,different,fly-a,8.05,0.0
B_DIFFERENT,different,fly-b,8.05,0.0
B_DIFFERENT,different,fly-a,8.058333333333334,0.0
B_DIFFERENT,different,fly-b,8.058333333333334,0.0
B_DIFFERENT,different,fly-a,8.066666666666666,0.0
B_DIFFERENT,different,fly-b,8.066666666666666,0.0
B_DIFFERENT,different,fly-a,8.075,0.0
B_DIFFERENT,different,fly-b,8.075,0.0
B_DIFFERENT,different,fly-a,8.083333333333334,0.0
B_DIFFERENT,different,fly-b,8.083333333333334,0.0
B_DIFFERENT,different,fly-a,8.091666666666667,0.0
B_DIFFERENT,different,fly-b,8.091666666666667,0.0
B_DIFFERENT,different,fly-a,8.1,0.0
B_DIFFERENT,different,fly-b,8.1,0.0
B_DIFFERENT,different,fly-a,8.108333333333333,0.0
B_DIFFERENT,different,fly-b,8.108333333333333,0.0
B_DIFFERENT,different,fly-a,8.116666666666667,0.0
B_DIFFERENT,different,fly-b,8.116666666666667,0.0
B_DIFFERENT,different,fly-a,8.125,0.0
B_DIFFERENT,different,fly-b,8.125,0.0
B_DIFFERENT,different,fly-a,8.133333333333333,0.0
B_DIFFERENT,different,fly-b,8.133333333333333,0.0
B_DIFFERENT,different,fly-a,8.141666666666666,0.0
B_DIFFERENT,different,fly-b,8.141666666666666,0.0
B_DIFFERENT,different,fly-a,8.15,0.0
B_DIFFERENT,different,fly-b,8.15,0.0
B_DIFFERENT,different,fly-a,8.158333333333333,0.0
B_DIFFERENT,different,fly-b,8.158333333333333,0.0
B_DIFFERENT,different,fly-a,8.166666666666666,0.0
B_DIFFERENT,different,fly-b,8.166666666666666,0.0
B_DIFFERENT,different,fly-a,8.175,0.0
B_DIFFERENT,different,fly-b,8.175,0.0
B_DIFFERENT,different,fly-a,8.183333333333334,0.0
B_DIFFERENT,different,fly-b,8.183333333333334,0.0
B_DIFFERENT,different,fly-a,8.191666666666666,0.0
B_DIFFERENT,different,fly-b,8.191666666666666,0.0
B_DIFFERENT,different,fly-a,8.2,0.0
B_DIFFERENT,different,fly-b,8.2,0.0
B_DIFFERENT,different,fly-a,8.208333333333334,0.0
B_DIFFERENT,different,fly-b,8.208333333333334,0.0
B_DIFFERENT,different,fly-a,8.216666666666667,0.0
B_DIFFERENT,different,fly-b,8.216666666666667,0.0
B_DIFFERENT,different,fly-a,8.225,0.0
B_DIFFERENT,different,fly-b,8.225,0.0
B_DIFFERENT,different,fly-a,8.233333333333333,0.0
B_DIFFERENT,different,fly-b,8.233333333333333,0.0
B_DIFFERENT,different,fly-a,8.241666666666667,0.0
B_DIFFERENT,different,fly-b,8.241666666666667,0.0
B_DIFFERENT,different,fly-a,8.25,0.0
B_DIFFERENT,different,fly-b,8.25,0.0
B_DIFFERENT,different,fly-a,8.258333333333333,0.0
B_DIFFERENT,different,fly-b,8.258333333333333,0.0
B_DIFFERENT,different,fly-a,8.266666666666666,0.0
B_DIFFERENT,different,fly-b,8.266666666666666,0.0
B_DIFFERENT,different,fly-a,8.275,0.0
B_DIFFERENT,different,fly-b,8.275,0.0
B_DIFFERENT,different,fly-a,8.283333333333333,0.0
B_DIFFERENT,different,fly-b,8.283333333333333,0.0
B_DIFFERENT,different,fly-a,8.291666666666666,0.0
B_DIFFERENT,different,fly-b,8.291666666666666,0.0
B_DIFFERENT,different,fly-a,8.3,0.0
B_DIFFERENT,different,fly-b,8.3,0.0
B_DIFFERENT,different,fly-a,8.308333333333334,0.0
B_DIFFERENT,different,fly-b,8.308333333333334,0.0
B_DIFFERENT,different,fly-a,8.316666666666666,0.0
B_DIFFERENT,different,fly-b,8.316666666666666,0.0
B_DIFFERENT,different,fly-a,8.325,0.0
B_DIFFERENT,different,fly-b,8.325,0.0
B_DIFFERENT,different,fly-a,8.333333333333334,0.0
B_DIFFERENT,different,fly-b,8.333333333333334,0.0
B_DIFFERENT,different,fly-a,8.341666666666667,0.0
B_DIFFERENT,different,fly-b,8.341666666666667,0.0
B_DIFFERENT,different,fly-a,8.35,0.0
B_DIFFERENT,different,fly-b,8.35,0.0
B_DIFFERENT,different,fly-a,8.358333333333333,0.0
B_DIFFERENT,different,fly-b,8.358333333333333,0.0
B_DIFFERENT,different,fly-a,8.366666666666667,0.0
B_DIFFERENT,different,fly-b,8.366666666666667,0.0
B_DIFFERENT,different,fly-a,8.375,0.0
B_DIFFERENT,different,fly-b,8.375,0.0
B_DIFFERENT,different,fly-a,8.383333333333333,0.0
B_DIFFERENT,different,fly-b,8.383333333333333,0.0
B_DIFFERENT,different,fly-a,8.391666666666666,0.0
B_DIFFERENT,different,fly-b,8.391666666666666,0.0
B_DIFFERENT,different,fly-a,8.4,0.0
B_DIFFERENT,different,fly-b,8.4,0.0
B_DIFFERENT,different,fly-a,8.408333333333333,0.0
B_DIFFERENT,different,fly-b,8.408333333333333,0.0
B_DIFFERENT,different,fly-a,8.416666666666666,0.0
B_DIFFERENT,different,fly-b,8.416666666666666,0.0
B_DIFFERENT,different,fly-a,8.425,0.0
B_DIFFERENT,different,fly-b,8.425,0.0
B_DIFFERENT,different,fly-a,8.433333333333334,0.0
B_DIFFERENT,different,fly-b,8.433333333333334,0.0
B_DIFFERENT,different,fly-a,8.441666666666666,0.0
B_DIFFERENT,different,fly-b,8.441666666666666,0.0
B_DIFFERENT,different,fly-a,8.45,0.0
B_DIFFERENT,different,fly-b,8.45,0.0
B_DIFFERENT,different,fly-a,8.458333333333334,0.0
B_DIFFERENT,different,fly-b,8.458333333333334,0.0
B_DIFFERENT,different,fly-a,8.466666666666667,0.0
B_DIFFERENT,different,fly-b,8.466666666666667,0.0
B_DIFFERENT,different,fly-a,8.475,0.0
B_DIFFERENT,different,fly-b,8.475,0.0
B_DIFFERENT,different,fly-a,8.483333333333333,0.0
B_DIFFERENT,different,fly-b,8.483333333333333,0.0
B_DIFFERENT,different,fly-a,8.491666666666667,0.0
B_DIFFERENT,different,fly-b,8.491666666666667,0.0
B_DIFFERENT,different,fly-a,8.5,0.0
B_DIFFERENT,different,fly-b,8.5,0.0
B_DIFFERENT,different,fly-a,8.508333333333333,0.0
B_DIFFERENT,different,fly-b,8.508333333333333,0.0
B_DIFFERENT,different,fly-a,8.516666666666666,0.0
B_DIFFERENT,different,fly-b,8.516666666666666,0.0
B_DIFFERENT,different,fly-a,8.525,0.0
B_DIFFERENT,different,fly-b,8.525,0.0
B_DIFFERENT,different,fly-a,8.533333333333333,0.0
B_DIFFERENT,different,fly-b,8.533333333333333,0.0
B_DIFFERENT,different,fly-a,8.541666666666666,0.0
B_DIFFERENT,different,fly-b,8.541666666666666,0.0
B_DIFFERENT,different,fly-a,8.55,0.0
B_DIFFERENT,different,fly-b,8.55,0.0
B_DIFFERENT,different,fly-a,8.558333333333334,0.0
B_DIFFERENT,different,fly-b,8.558333333333334,0.0
B_DIFFERENT,different,fly-a,8.566666666666666,0.0
B_DIFFERENT,different,fly-b,8.566666666666666,0.0
B_DIFFERENT,different,fly-a,8.575,0.0
B_DIFFERENT,different,fly-b,8.575,0.0
B_DIFFERENT,different,fly-a,8.583333333333334,0.0
B_DIFFERENT,different,fly-b,8.583333333333334,0.0
B_DIFFERENT,different,fly-a,8.591666666666667,0.0
B_DIFFERENT,different,fly-b,8.591666666666667,0.0
B_DIFFERENT,different,fly-a,8.6,0.0
B_DIFFERENT,different,fly-b,8.6,0.0
B_DIFFERENT,different,fly-a,8.608333333333333,0.0
B_DIFFERENT,different,fly-b,8.608333333333333,0.0
B_DIFFERENT,different,fly-a,8.616666666666667,0.0
B_DIFFERENT,different,fly-b,8.616666666666667,0.0
B_DIFFERENT,different,fly-a,8.625,0.0
B_DIFFERENT,different,fly-b,8.625,0.0
B_DIFFERENT,different,fly-a,8.633333333333333,0.0
B_DIFFERENT,different,fly-b,8.633333333333333,0.0
B_DIFFERENT,different,fly-a,8.641666666666666,0.0
B_DIFFERENT,different,fly-b,8.641666666666666,0.0
B_DIFFERENT,different,fly-a,8.65,0.0
B_DIFFERENT,different,fly-b,8.65,0.0
B_DIFFERENT,different,fly-a,8.658333333333333,0.0
B_DIFFERENT,different,fly-b,8.658333333333333,0.0
B_DIFFERENT,different,fly-a,8.666666666666666,0.0
B_DIFFERENT,different,fly-b,8.666666666666666,0.0
B_DIFFERENT,different,fly-a,8.675,0.0
B_DIFFERENT,different,fly-b,8.675,0.0
B_DIFFERENT,different,fly-a,8.683333333333334,0.0
B_DIFFERENT,different,fly-b,8.683333333333334,0.0
B_DIFFERENT,different,fly-a,8.691666666666666,0.0
B_DIFFERENT,different,fly-b,8.691666666666666,0.0
B_DIFFERENT,different,fly-a,8.7,0.0
B_DIFFERENT,different,fly-b,8.7,0.0
B_DIFFERENT,different,fly-a,8.708333333333334,0.0
B_DIFFERENT,different,fly-b,8.708333333333334,0.0
B_DIFFERENT,different,fly-a,8.716666666666667,0.0
B_DIFFERENT,different,fly-b,8.716666666666667,0.0
B_DIFFERENT,different,fly-a,8.725,0.0
B_DIFFERENT,different,fly-b,8.725,0.0
B_DIFFERENT,different,fly-a,8.733333333333333,0.0
B_DIFFERENT,different,fly-b,8.733333333333333,0.0
B_DIFFERENT,different,fly-a,8.741666666666667,0.0
B_DIFFERENT,different,fly-b,8.741666666666667,0.0
B_DIFFERENT,different,fly-a,8.75,0.0
B_DIFFERENT,different,fly-b,8.75,0.0
B_DIFFERENT,different,fly-a,8.758333333333333,0.0
B_DIFFERENT,different,fly-b,8.758333333333333,0.0
B_DIFFERENT,different,fly-a,8.766666666666666,0.0
B_DIFFERENT,different,fly-b,8.766666666666666,0.0
B_DIFFERENT,different,fly-a,8.775,0.0
B_DIFFERENT,different,fly-b,8.775,0.0
B_DIFFERENT,different,fly-a,8.783333333333333,0.0
B_DIFFERENT,different,fly-b,8.783333333333333,0.0
B_DIFFERENT,different,fly-a,8.791666666666666,0.0
B_DIFFERENT,different,fly-b,8.791666666666666,0.0
B_DIFFERENT,different,fly-a,8.8,0.0
B_DIFFERENT,different,fly-b,8.8,0.0
B_DIFFERENT,different,fly-a,8.808333333333334,0.0
B_DIFFERENT,different,fly-b,8.808333333333334,0.0
B_DIFFERENT,different,fly-a,8.816666666666666,0.0
B_DIFFERENT,different,fly-b,8.816666666666666,0.0
B_DIFFERENT,different,fly-a,8.825,0.0
B_DIFFERENT,different,fly-b,8.825,0.0
B_DIFFERENT,different,fly-a,8.833333333333334,0.0
B_DIFFERENT,different,fly-b,8.833333333333334,0.0
B_DIFFERENT,different,fly-a,8.841666666666667,0.0
B_DIFFERENT,different,fly-b,8.841666666666667,0.0
B_DIFFERENT,different,fly-a,8.85,0.0
B_DIFFERENT,different,fly-b,8.85,0.0
B_DIFFERENT,different,fly-a,8.858333333333333,0.0
B_DIFFERENT,different,fly-b,8.858333333333333,0.0
B_DIFFERENT,different,fly-a,8.866666666666667,0.0
B_DIFFERENT,different,fly-b,8.866666666666667,0.0
B_DIFFERENT,different,fly-a,8.875,0.0
B_DIFFERENT,different,fly-b,8.875,0.0
B_DIFFERENT,different,fly-a,8.883333333333333,0.0
B_DIFFERENT,different,fly-b,8.883333333333333,0.0
B_DIFFERENT,different,fly-a,8.891666666666666,0.0
B_DIFFERENT,different,fly-b,8.891666666666666,0.0
B_DIFFERENT,different,fly-a,8.9,0.0
B_DIFFERENT,different,fly-b,8.9,0.0
B_DIFFERENT,different,fly-a,8.908333333333333,0.0
B_DIFFERENT,different,fly-b,8.908333333333333,0.0
B_DIFFERENT,different,fly-a,8.916666666666666,0.0
B_DIFFERENT,different,fly-b,8.916666666666666,0.0
B_DIFFERENT,different,fly-a,8.925,0.0
B_DIFFERENT,different,fly-b,8.925,0.0
B_DIFFERENT,different,fly-a,8.933333333333334,0.0
B_DIFFERENT,different,fly-b,8.933333333333334,0.0
B_DIFFERENT,different,fly-a,8.941666666666666,0.0
B_DIFFERENT,different,fly-b,8.941666666666666,0.0
B_DIFFERENT,different,fly-a,8.95,0.0
B_DIFFERENT,different,fly-b,8.95,0.0
B_DIFFERENT,different,fly-a,8.958333333333334,0.0
B_DIFFERENT,different,fly-b,8.958333333333334,0.0
B_DIFFERENT,different,fly-a,8.966666666666667,0.0
B_DIFFERENT,different,fly-b,8.966666666666667,0.0
B_DIFFERENT,different,fly-a,8.975,0.0
B_DIFFERENT,different,fly-b,8.975,0.0
B_DIFFERENT,different,fly-a,8.983333333333333,0.0
B_DIFFERENT,different,fly-b,8.983333333333333,0.0
B_DIFFERENT,different,fly-a,8.991666666666667,0.0
B_DIFFERENT,different,fly-b,8.991666666666667,0.0
B_DIFFERENT,different,fly-a,9.0,0.0
B_DIFFERENT,different,fly-b,9.0,0.0
B_DIFFERENT,different,fly-a,9.008333333333333,0.0
B_DIFFERENT,different,fly-b,9.008333333333333,0.0
B_DIFFERENT,different,fly-a,9.016666666666666,0.0
B_DIFFERENT,different,fly-b,9.016666666666666,0.0
B_DIFFERENT,different,fly-a,9.025,0.0
B_DIFFERENT,different,fly-b,9.025,0.0
B_DIFFERENT,different,fly-a,9.033333333333333,0.0
B_DIFFERENT,different,fly-b,9.033333333333333,0.0
B_DIFFERENT,different,fly-a,9.041666666666666,0.0
B_DIFFERENT,different,fly-b,9.041666666666666,0.0
B_DIFFERENT,different,fly-a,9.05,0.0
B_DIFFERENT,different,fly-b,9.05,0.0
B_DIFFERENT,different,fly-a,9.058333333333334,0.0
B_DIFFERENT,different,fly-b,9.058333333333334,0.0
B_DIFFERENT,different,fly-a,9.066666666666666,0.0
B_DIFFERENT,different,fly-b,9.066666666666666,0.0
B_DIFFERENT,different,fly-a,9.075,0.0
B_DIFFERENT,different,fly-b,9.075,0.0
B_DIFFERENT,different,fly-a,9.083333333333334,0.0
B_DIFFERENT,different,fly-b,9.083333333333334,0.0
B_DIFFERENT,different,fly-a,9.091666666666667,0.0
B_DIFFERENT,different,fly-b,9.091666666666667,0.0
B_DIFFERENT,different,fly-a,9.1,0.0
B_DIFFERENT,different,fly-b,9.1,0.0
B_DIFFERENT,different,fly-a,9.108333333333333,0.0
B_DIFFERENT,different,fly-b,9.108333333333333,0.0
B_DIFFERENT,different,fly-a,9.116666666666667,0.0
B_DIFFERENT,different,fly-b,9.116666666666667,0.0
B_DIFFERENT,different,fly-a,9.125,0.0
B_DIFFERENT,different,fly-b,9.125,0.0
B_DIFFERENT,different,fly-a,9.133333333333333,0.0
B_DIFFERENT,different,fly-b,9.133333333333333,0.0
B_DIFFERENT,different,fly-a,9.141666666666666,0.0
B_DIFFERENT,different,fly-b,9.141666666666666,0.0
B_DIFFERENT,different,fly-a,9.15,0.0
B_DIFFERENT,different,fly-b,9.15,0.0
B_DIFFERENT,different,fly-a,9.158333333333333,0.0
B_DIFFERENT,different,fly-b,9.158333333333333,0.0
B_DIFFERENT,different,fly-a,9.166666666666666,0.0
B_DIFFERENT,different,fly-b,9.166666666666666,0.0
B_DIFFERENT,different,fly-a,9.175,0.0
B_DIFFERENT,different,fly-b,9.175,0.0
B_DIFFERENT,different,fly-a,9.183333333333334,0.0
B_DIFFERENT,different,fly-b,9.183333333333334,0.0
B_DIFFERENT,different,fly-a,9.191666666666666,0.0
B_DIFFERENT,different,fly-b,9.191666666666666,0.0
B_DIFFERENT,different,fly-a,9.2,0.0
B_DIFFERENT,different,fly-b,9.2,0.0
B_DIFFERENT,different,fly-a,9.208333333333334,0.0
B_DIFFERENT,different,fly-b,9.208333333333334,0.0
B_DIFFERENT,different,fly-a,9.216666666666667,0.0
B_DIFFERENT,different,fly-b,9.216666666666667,0.0
B_DIFFERENT,different,fly-a,9.225,0.0
B_DIFFERENT,different,fly-b,9.225,0.0
B_DIFFERENT,different,fly-a,9.233333333333333,0.0
B_DIFFERENT,different,fly-b,9.233333333333333,0.0
B_DIFFERENT,different,fly-a,9.241666666666667,0.0
B_DIFFERENT,different,fly-b,9.241666666666667,0.0
B_DIFFERENT,different,fly-a,9.25,0.0
B_DIFFERENT,different,fly-b,9.25,0.0
B_DIFFERENT,different,fly-a,9.258333333333333,0.0
B_DIFFERENT,different,fly-b,9.258333333333333,0.0
B_DIFFERENT,different,fly-a,9.266666666666666,0.0
B_DIFFERENT,different,fly-b,9.266666666666666,0.0
B_DIFFERENT,different,fly-a,9.275,0.0
B_DIFFERENT,different,fly-b,9.275,0.0
B_DIFFERENT,different,fly-a,9.283333333333333,0.0
B_DIFFERENT,different,fly-b,9.283333333333333,0.0
B_DIFFERENT,different,fly-a,9.291666666666666,0.0
B_DIFFERENT,different,fly-b,9.291666666666666,0.0
B_DIFFERENT,different,fly-a,9.3,0.0
B_DIFFERENT,different,fly-b,9.3,0.0
B_DIFFERENT,different,fly-a,9.308333333333334,0.0
B_DIFFERENT,different,fly-b,9.308333333333334,0.0
B_DIFFERENT,different,fly-a,9.316666666666666,0.0
B_DIFFERENT,different,fly-b,9.316666666666666,0.0
B_DIFFERENT,different,fly-a,9.325,0.0
B_DIFFERENT,different,fly-b,9.325,0.0
B_DIFFERENT,different,fly-a,9.333333333333334,0.0
B_DIFFERENT,different,fly-b,9.333333333333334,0.0
B_DIFFERENT,different,fly-a,9.341666666666667,0.0
B_DIFFERENT,different,fly-b,9.341666666666667,0.0
B_DIFFERENT,different,fly-a,9.35,0.0
B_DIFFERENT,different,fly-b,9.35,0.0
B_DIFFERENT,different,fly-a,9.358333333333333,0.0
B_DIFFERENT,different,fly-b,9.358333333333333,0.0
B_DIFFERENT,different,fly-a,9.366666666666667,0.0
B_DIFFERENT,different,fly-b,9.366666666666667,0.0
B_DIFFERENT,different,fly-a,9.375,0.0
B_DIFFERENT,different,fly-b,9.375,0.0
B_DIFFERENT,different,fly-a,9.383333333333333,0.0
B_DIFFERENT,different,fly-b,9.383333333333333,0.0
B_DIFFERENT,different,fly-a,9.391666666666666,0.0
B_DIFFERENT,different,fly-b,9.391666666666666,0.0
B_DIFFERENT,different,fly-a,9.4,0.0
B_DIFFERENT,different,fly-b,9.4,0.0
B_DIFFERENT,different,fly-a,9.408333333333333,0.0
B_DIFFERENT,different,fly-b,9.408333333333333,0.0
B_DIFFERENT,different,fly-a,9.416666666666666,0.0
B_DIFFERENT,different,fly-b,9.416666666666666,0.0
B_DIFFERENT,different,fly-a,9.425,0.0
B_DIFFERENT,different,fly-b,9.425,0.0
B_DIFFERENT,different,fly-a,9.433333333333334,0.0
B_DIFFERENT,different,fly-b,9.433333333333334,0.0
B_DIFFERENT,different,fly-a,9.441666666666666,0.0
B_DIFFERENT,different,fly-b,9.441666666666666,0.0
B_DIFFERENT,different,fly-a,9.45,0.0
B_DIFFERENT,different,fly-b,9.45,0.0
B_DIFFERENT,different,fly-a,9.458333333333334,0.0
B_DIFFERENT,different,fly-b,9.458333333333334,0.0
B_DIFFERENT,different,fly-a,9.466666666666667,0.0
B_DIFFERENT,different,fly-b,9.466666666666667,0.0
B_DIFFERENT,different,fly-a,9.475,0.0
B_DIFFERENT,different,fly-b,9.475,0.0
B_DIFFERENT,different,fly-a,9.483333333333333,0.0
B_DIFFERENT,different,fly-b,9.483333333333333,0.0
B_DIFFERENT,different,fly-a,9.491666666666667,0.0
B_DIFFERENT,different,fly-b,9.491666666666667,0.0
B_DIFFERENT,different,fly-a,9.5,0.0
B_DIFFERENT,different,fly-b,9.5,0.0
B_DIFFERENT,different,fly-a,9.508333333333333,0.0
B_DIFFERENT,different,fly-b,9.508333333333333,0.0
B_DIFFERENT,different,fly-a,9.516666666666666,0.0
B_DIFFERENT,different,fly-b,9.516666666666666,0.0
B_DIFFERENT,different,fly-a,9.525,0.0
B_DIFFERENT,different,fly-b,9.525,0.0
B_DIFFERENT,different,fly-a,9.533333333333333,0.0
B_DIFFERENT,different,fly-b,9.533333333333333,0.0
B_DIFFERENT,different,fly-a,9.541666666666666,0.0
B_DIFFERENT,different,fly-b,9.541666666666666,0.0
B_DIFFERENT,different,fly-a,9.55,0.0
B_DIFFERENT,different,fly-b,9.55,0.0
B_DIFFERENT,different,fly-a,9.558333333333334,0.0
B_DIFFERENT,different,fly-b,9.558333333333334,0.0
B_DIFFERENT,different,fly-a,9.566666666666666,0.0
B_DIFFERENT,different,fly-b,9.566666666666666,0.0
B_DIFFERENT,different,fly-a,9.575,0.0
B_DIFFERENT,different,fly-b,9.575,0.0
B_DIFFERENT,different,fly-a,9.583333333333334,0.0
B_DIFFERENT,different,fly-b,9.583333333333334,0.0
B_DIFFERENT,different,fly-a,9.591666666666667,0.0
B_DIFFERENT,different,fly-b,9.591666666666667,0.0
B_DIFFERENT,different,fly-a,9.6,0.0
B_DIFFERENT,different,fly-b,9.6,0.0
B_DIFFERENT,different,fly-a,9.608333333333333,0.0
B_DIFFERENT,different,fly-b,9.608333333333333,0.0
B_DIFFERENT,different,fly-a,9.616666666666667,0.0
B_DIFFERENT,different,fly-b,9.616666666666667,0.0
B_DIFFERENT,different,fly-a,9.625,0.0
B_DIFFERENT,different,fly-b,9.625,0.0
B_DIFFERENT,different,fly-a,9.633333333333333,0.0
B_DIFFERENT,different,fly-b,9.633333333333333,0.0
B_DIFFERENT,different,fly-a,9.641666666666666,0.0
B_DIFFERENT,different,fly-b,9.641666666666666,0.0
B_DIFFERENT,different,fly-a,9.65,0.0
B_DIFFERENT,different,fly-b,9.65,0.0
B_DIFFERENT,different,fly-a,9.658333333333333,0.0
B_DIFFERENT,different,fly-b,9.658333333333333,0.0
B_DIFFERENT,different,fly-a,9.666666666666666,0.0
B_DIFFERENT,different,fly-b,9.666666666666666,0.0
B_DIFFERENT,different,fly-a,9.675,0.0
B_DIFFERENT,different,fly-b,9.675,0.0
B_DIFFERENT,different,fly-a,9.683333333333334,0.0
B_DIFFERENT,different,fly-b,9.683333333333334,0.0
B_DIFFERENT,different,fly-a,9.691666666666666,0.0
B_DIFFERENT,different,fly-b,9.691666666666666,0.0
B_DIFFERENT,different,fly-a,9.7,0.0
B_DIFFERENT,different,fly-b,9.7,0.0
B_DIFFERENT,different,fly-a,9.708333333333334,0.0
B_DIFFERENT,different,fly-b,9.708333333333334,0.0
B_DIFFERENT,different,fly-a,9.716666666666667,0.0
B_DIFFERENT,different,fly-b,9.716666666666667,0.0
B_DIFFERENT,different,fly-a,9.725,0.0
B_DIFFERENT,different,fly-b,9.725,0.0
B_DIFFERENT,different,fly-a,9.733333333333333,0.0
B_DIFFERENT,different,fly-b,9.733333333333333,0.0
B_DIFFERENT,different,fly-a,9.741666666666667,0.0
B_DIFFERENT,different,fly-b,9.741666666666667,0.0
B_DIFFERENT,different,fly-a,9.75,0.0
B_DIFFERENT,different,fly-b,9.75,0.0
B_DIFFERENT,different,fly-a,9.758333333333333,0.0
B_DIFFERENT,different,fly-b,9.758333333333333,0.0
B_DIFFERENT,different,fly-a,9.766666666666666,0.0
B_DIFFERENT,different,fly-b,9.766666666666666,0.0
B_DIFFERENT,different,fly-a,9.775,0.0
B_DIFFERENT,different,fly-b,9.775,0.0
B_DIFFERENT,different,fly-a,9.783333333333333,0.0
B_DIFFERENT,different,fly-b,9.783333333333333,0.0
B_DIFFERENT,different,fly-a,9.791666666666666,0.0
B_DIFFERENT,different,fly-b,9.791666666666666,0.0
B_DIFFERENT,different,fly-a,9.8,0.0
B_DIFFERENT,different,fly-b,9.8,0.0
B_DIFFERENT,different,fly-a,9.808333333333334,0.0
B_DIFFERENT,different,fly-b,9.808333333333334,0.0
B_DIFFERENT,different,fly-a,9.816666666666666,0.0
B_DIFFERENT,different,fly-b,9.816666666666666,0.0
B_DIFFERENT,different,fly-a,9.825,0.0
B_DIFFERENT,different,fly-b,9.825,0.0
B_DIFFERENT,different,fly-a,9.833333333333334,0.0
B_DIFFERENT,different,fly-b,9.833333333333334,0.0
B_DIFFERENT,different,fly-a,9.841666666666667,0.0
B_DIFFERENT,different,fly-b,9.841666666666667,0.0
B_DIFFERENT,different,fly-a,9.85,0.0
B_DIFFERENT,different,fly-b,9.85,0.0
B_DIFFERENT,different,fly-a,9.858333333333333,0.0
B_DIFFERENT,different,fly-b,9.858333333333333,0.0
B_DIFFERENT,different,fly-a,9.866666666666667,0.0
B_DIFFERENT,different,fly-b,9.866666666666667,0.0
B_DIFFERENT,different,fly-a,9.875,0.0
B_DIFFERENT,different,fly-b,9.875,0.0
B_DIFFERENT,different,fly-a,9.883333333333333,0.0
B_DIFFERENT,different,fly-b,9.883333333333333,0.0
B_DIFFERENT,different,fly-a,9.891666666666666,0.0
B_DIFFERENT,different,fly-b,9.891666666666666,0.0
B_DIFFERENT,different,fly-a,9.9,0.0
B_DIFFERENT,different,fly-b,9.9,0.0
B_DIFFERENT,different,fly-a,9.908333333333333,0.0
B_DIFFERENT,different,fly-b,9.908333333333333,0.0
B_DIFFERENT,different,fly-a,9.916666666666666,0.0
B_DIFFERENT,different,fly-b,9.916666666666666,0.0
B_DIFFERENT,different,fly-a,9.925,0.0
B_DIFFERENT,different,fly-b,9.925,0.0
B_DIFFERENT,different,fly-a,9.933333333333334,0.0
B_DIFFERENT,different,fly-b,9.933333333333334,0.0
B_DIFFERENT,different,fly-a,9.941666666666666,0.0
B_DIFFERENT,different,fly-b,9.941666666666666,0.0
B_DIFFERENT,different,fly-a,9.95,0.0
B_DIFFERENT,different,fly-b,9.95,0.0
B_DIFFERENT,different,fly-a,9.958333333333334,0.0
B_DIFFERENT,different,fly-b,9.958333333333334,0.0
B_DIFFERENT,different,fly-a,9.966666666666667,0.0
B_DIFFERENT,different,fly-b,9.966666666666667,0.0
B_DIFFERENT,different,fly-a,9.975,0.0
B_DIFFERENT,different,fly-b,9.975,0.0
B_DIFFERENT,different,fly-a,9.983333333333333,0.0
B_DIFFERENT,different,fly-b,9.983333333333333,0.0
B_DIFFERENT,different,fly-a,9.991666666666667,0.0
B_DIFFERENT,different,fly-b,9.991666666666667,0.0
C_SWAPPED,swapped,fly-a,0.0,0.0
C_SWAPPED,swapped,fly-b,0.0,0.0
C_SWAPPED,swapped,fly-a,0.008333333333333333,0.0
C_SWAPPED,swapped,fly-b,0.008333333333333333,0.0
C_SWAPPED,swapped,fly-a,0.016666666666666666,0.0
C_SWAPPED,swapped,fly-b,0.016666666666666666,0.0
C_SWAPPED,swapped,fly-a,0.025,0.0
C_SWAPPED,swapped,fly-b,0.025,0.0
C_SWAPPED,swapped,fly-a,0.03333333333333333,0.0
C_SWAPPED,swapped,fly-b,0.03333333333333333,0.0
C_SWAPPED,swapped,fly-a,0.041666666666666664,0.0
C_SWAPPED,swapped,fly-b,0.041666666666666664,0.0
C_SWAPPED,swapped,fly-a,0.05,0.0
C_SWAPPED,swapped,fly-b,0.05,0.0
C_SWAPPED,swapped,fly-a,0.058333333333333334,0.0
C_SWAPPED,swapped,fly-b,0.058333333333333334,0.0
C_SWAPPED,swapped,fly-a,0.06666666666666667,0.0
C_SWAPPED,swapped,fly-b,0.06666666666666667,0.0
C_SWAPPED,swapped,fly-a,0.075,0.0
C_SWAPPED,swapped,fly-b,0.075,0.0
C_SWAPPED,swapped,fly-a,0.08333333333333333,0.0
C_SWAPPED,swapped,fly-b,0.08333333333333333,0.0
C_SWAPPED,swapped,fly-a,0.09166666666666666,0.0
C_SWAPPED,swapped,fly-b,0.09166666666666666,0.0
C_SWAPPED,swapped,fly-a,0.1,0.0
C_SWAPPED,swapped,fly-b,0.1,0.0
C_SWAPPED,swapped,fly-a,0.10833333333333334,0.0
C_SWAPPED,swapped,fly-b,0.10833333333333334,0.0
C_SWAPPED,swapped,fly-a,0.11666666666666667,0.0
C_SWAPPED,swapped,fly-b,0.11666666666666667,0.0
C_SWAPPED,swapped,fly-a,0.125,0.0
C_SWAPPED,swapped,fly-b,0.125,0.0
C_SWAPPED,swapped,fly-a,0.13333333333333333,0.0
C_SWAPPED,swapped,fly-b,0.13333333333333333,0.0
C_SWAPPED,swapped,fly-a,0.14166666666666666,0.0
C_SWAPPED,swapped,fly-b,0.14166666666666666,0.0
C_SWAPPED,swapped,fly-a,0.15,0.0
C_SWAPPED,swapped,fly-b,0.15,0.0
C_SWAPPED,swapped,fly-a,0.15833333333333333,0.0
C_SWAPPED,swapped,fly-b,0.15833333333333333,0.0
C_SWAPPED,swapped,fly-a,0.16666666666666666,0.0
C_SWAPPED,swapped,fly-b,0.16666666666666666,0.0
C_SWAPPED,swapped,fly-a,0.175,0.0
C_SWAPPED,swapped,fly-b,0.175,0.0
C_SWAPPED,swapped,fly-a,0.18333333333333332,0.0
C_SWAPPED,swapped,fly-b,0.18333333333333332,0.0
C_SWAPPED,swapped,fly-a,0.19166666666666665,0.0
C_SWAPPED,swapped,fly-b,0.19166666666666665,0.0
C_SWAPPED,swapped,fly-a,0.2,0.0
C_SWAPPED,swapped,fly-b,0.2,0.0
C_SWAPPED,swapped,fly-a,0.20833333333333334,0.0
C_SWAPPED,swapped,fly-b,0.20833333333333334,0.0
C_SWAPPED,swapped,fly-a,0.21666666666666667,0.0
C_SWAPPED,swapped,fly-b,0.21666666666666667,0.0
C_SWAPPED,swapped,fly-a,0.225,0.0
C_SWAPPED,swapped,fly-b,0.225,0.0
C_SWAPPED,swapped,fly-a,0.23333333333333334,0.0
C_SWAPPED,swapped,fly-b,0.23333333333333334,0.0
C_SWAPPED,swapped,fly-a,0.24166666666666667,0.0
C_SWAPPED,swapped,fly-b,0.24166666666666667,0.0
C_SWAPPED,swapped,fly-a,0.25,0.0
C_SWAPPED,swapped,fly-b,0.25,0.0
C_SWAPPED,swapped,fly-a,0.2583333333333333,0.0
C_SWAPPED,swapped,fly-b,0.2583333333333333,0.0
C_SWAPPED,swapped,fly-a,0.26666666666666666,0.0
C_SWAPPED,swapped,fly-b,0.26666666666666666,0.0
C_SWAPPED,swapped,fly-a,0.275,0.0
C_SWAPPED,swapped,fly-b,0.275,0.0
C_SWAPPED,swapped,fly-a,0.2833333333333333,0.0
C_SWAPPED,swapped,fly-b,0.2833333333333333,0.0
C_SWAPPED,swapped,fly-a,0.2916666666666667,0.0
C_SWAPPED,swapped,fly-b,0.2916666666666667,0.0
C_SWAPPED,swapped,fly-a,0.3,0.0
C_SWAPPED,swapped,fly-b,0.3,0.0
C_SWAPPED,swapped,fly-a,0.30833333333333335,0.0
C_SWAPPED,swapped,fly-b,0.30833333333333335,0.0
C_SWAPPED,swapped,fly-a,0.31666666666666665,0.0
C_SWAPPED,swapped,fly-b,0.31666666666666665,0.0
C_SWAPPED,swapped,fly-a,0.325,0.0
C_SWAPPED,swapped,fly-b,0.325,0.0
C_SWAPPED,swapped,fly-a,0.3333333333333333,0.0
C_SWAPPED,swapped,fly-b,0.3333333333333333,0.0
C_SWAPPED,swapped,fly-a,0.3416666666666667,0.0
C_SWAPPED,swapped,fly-b,0.3416666666666667,0.0
C_SWAPPED,swapped,fly-a,0.35,0.0
C_SWAPPED,swapped,fly-b,0.35,0.0
C_SWAPPED,swapped,fly-a,0.35833333333333334,0.0
C_SWAPPED,swapped,fly-b,0.35833333333333334,0.0
C_SWAPPED,swapped,fly-a,0.36666666666666664,0.0
C_SWAPPED,swapped,fly-b,0.36666666666666664,0.0
C_SWAPPED,swapped,fly-a,0.375,0.0
C_SWAPPED,swapped,fly-b,0.375,0.0
C_SWAPPED,swapped,fly-a,0.3833333333333333,0.0
C_SWAPPED,swapped,fly-b,0.3833333333333333,0.0
C_SWAPPED,swapped,fly-a,0.39166666666666666,0.0
C_SWAPPED,swapped,fly-b,0.39166666666666666,0.0
C_SWAPPED,swapped,fly-a,0.4,0.0
C_SWAPPED,swapped,fly-b,0.4,0.0
C_SWAPPED,swapped,fly-a,0.4083333333333333,0.0
C_SWAPPED,swapped,fly-b,0.4083333333333333,0.0
C_SWAPPED,swapped,fly-a,0.4166666666666667,0.0
C_SWAPPED,swapped,fly-b,0.4166666666666667,0.0
C_SWAPPED,swapped,fly-a,0.425,0.0
C_SWAPPED,swapped,fly-b,0.425,0.0
C_SWAPPED,swapped,fly-a,0.43333333333333335,0.0
C_SWAPPED,swapped,fly-b,0.43333333333333335,0.0
C_SWAPPED,swapped,fly-a,0.44166666666666665,0.0
C_SWAPPED,swapped,fly-b,0.44166666666666665,0.0
C_SWAPPED,swapped,fly-a,0.45,0.0
C_SWAPPED,swapped,fly-b,0.45,0.0
C_SWAPPED,swapped,fly-a,0.4583333333333333,0.0
C_SWAPPED,swapped,fly-b,0.4583333333333333,0.0
C_SWAPPED,swapped,fly-a,0.4666666666666667,0.0
C_SWAPPED,swapped,fly-b,0.4666666666666667,0.0
C_SWAPPED,swapped,fly-a,0.475,0.0
C_SWAPPED,swapped,fly-b,0.475,0.0
C_SWAPPED,swapped,fly-a,0.48333333333333334,0.0
C_SWAPPED,swapped,fly-b,0.48333333333333334,0.0
C_SWAPPED,swapped,fly-a,0.49166666666666664,0.0
C_SWAPPED,swapped,fly-b,0.49166666666666664,0.0
C_SWAPPED,swapped,fly-a,0.5,0.0
C_SWAPPED,swapped,fly-b,0.5,0.0
C_SWAPPED,swapped,fly-a,0.5083333333333333,0.0
C_SWAPPED,swapped,fly-b,0.5083333333333333,0.0
C_SWAPPED,swapped,fly-a,0.5166666666666666,0.0
C_SWAPPED,swapped,fly-b,0.5166666666666666,0.0
C_SWAPPED,swapped,fly-a,0.525,0.0
C_SWAPPED,swapped,fly-b,0.525,0.0
C_SWAPPED,swapped,fly-a,0.5333333333333333,0.0
C_SWAPPED,swapped,fly-b,0.5333333333333333,0.0
C_SWAPPED,swapped,fly-a,0.5416666666666666,0.0
C_SWAPPED,swapped,fly-b,0.5416666666666666,0.0
C_SWAPPED,swapped,fly-a,0.55,0.0
C_SWAPPED,swapped,fly-b,0.55,0.0
C_SWAPPED,swapped,fly-a,0.5583333333333333,0.0
C_SWAPPED,swapped,fly-b,0.5583333333333333,0.0
C_SWAPPED,swapped,fly-a,0.5666666666666667,0.0
C_SWAPPED,swapped,fly-b,0.5666666666666667,0.0
C_SWAPPED,swapped,fly-a,0.575,0.0
C_SWAPPED,swapped,fly-b,0.575,0.0
C_SWAPPED,swapped,fly-a,0.5833333333333334,0.0
C_SWAPPED,swapped,fly-b,0.5833333333333334,0.0
C_SWAPPED,swapped,fly-a,0.5916666666666667,0.0
C_SWAPPED,swapped,fly-b,0.5916666666666667,0.0
C_SWAPPED,swapped,fly-a,0.6,0.0
C_SWAPPED,swapped,fly-b,0.6,0.0
C_SWAPPED,swapped,fly-a,0.6083333333333333,0.0
C_SWAPPED,swapped,fly-b,0.6083333333333333,0.0
C_SWAPPED,swapped,fly-a,0.6166666666666667,0.0
C_SWAPPED,swapped,fly-b,0.6166666666666667,0.0
C_SWAPPED,swapped,fly-a,0.625,0.0
C_SWAPPED,swapped,fly-b,0.625,0.0
C_SWAPPED,swapped,fly-a,0.6333333333333333,0.0
C_SWAPPED,swapped,fly-b,0.6333333333333333,0.0
C_SWAPPED,swapped,fly-a,0.6416666666666666,0.0
C_SWAPPED,swapped,fly-b,0.6416666666666666,0.0
C_SWAPPED,swapped,fly-a,0.65,0.0
C_SWAPPED,swapped,fly-b,0.65,0.0
C_SWAPPED,swapped,fly-a,0.6583333333333333,0.0
C_SWAPPED,swapped,fly-b,0.6583333333333333,0.0
C_SWAPPED,swapped,fly-a,0.6666666666666666,0.0
C_SWAPPED,swapped,fly-b,0.6666666666666666,0.0
C_SWAPPED,swapped,fly-a,0.675,0.0
C_SWAPPED,swapped,fly-b,0.675,0.0
C_SWAPPED,swapped,fly-a,0.6833333333333333,0.0
C_SWAPPED,swapped,fly-b,0.6833333333333333,0.0
C_SWAPPED,swapped,fly-a,0.6916666666666667,0.0
C_SWAPPED,swapped,fly-b,0.6916666666666667,0.0
C_SWAPPED,swapped,fly-a,0.7,0.0
C_SWAPPED,swapped,fly-b,0.7,0.0
C_SWAPPED,swapped,fly-a,0.7083333333333334,0.0
C_SWAPPED,swapped,fly-b,0.7083333333333334,0.0
C_SWAPPED,swapped,fly-a,0.7166666666666667,0.0
C_SWAPPED,swapped,fly-b,0.7166666666666667,0.0
C_SWAPPED,swapped,fly-a,0.725,0.0
C_SWAPPED,swapped,fly-b,0.725,0.0
C_SWAPPED,swapped,fly-a,0.7333333333333333,0.0
C_SWAPPED,swapped,fly-b,0.7333333333333333,0.0
C_SWAPPED,swapped,fly-a,0.7416666666666667,0.0
C_SWAPPED,swapped,fly-b,0.7416666666666667,0.0
C_SWAPPED,swapped,fly-a,0.75,0.0
C_SWAPPED,swapped,fly-b,0.75,0.0
C_SWAPPED,swapped,fly-a,0.7583333333333333,0.0
C_SWAPPED,swapped,fly-b,0.7583333333333333,0.0
C_SWAPPED,swapped,fly-a,0.7666666666666666,0.0
C_SWAPPED,swapped,fly-b,0.7666666666666666,0.0
C_SWAPPED,swapped,fly-a,0.775,0.0
C_SWAPPED,swapped,fly-b,0.775,0.0
C_SWAPPED,swapped,fly-a,0.7833333333333333,0.0
C_SWAPPED,swapped,fly-b,0.7833333333333333,0.0
C_SWAPPED,swapped,fly-a,0.7916666666666666,0.0
C_SWAPPED,swapped,fly-b,0.7916666666666666,0.0
C_SWAPPED,swapped,fly-a,0.8,0.0
C_SWAPPED,swapped,fly-b,0.8,0.0
C_SWAPPED,swapped,fly-a,0.8083333333333333,0.0
C_SWAPPED,swapped,fly-b,0.8083333333333333,0.0
C_SWAPPED,swapped,fly-a,0.8166666666666667,0.0
C_SWAPPED,swapped,fly-b,0.8166666666666667,0.0
C_SWAPPED,swapped,fly-a,0.825,0.0
C_SWAPPED,swapped,fly-b,0.825,0.0
C_SWAPPED,swapped,fly-a,0.8333333333333334,0.0
C_SWAPPED,swapped,fly-b,0.8333333333333334,0.0
C_SWAPPED,swapped,fly-a,0.8416666666666667,0.0
C_SWAPPED,swapped,fly-b,0.8416666666666667,0.0
C_SWAPPED,swapped,fly-a,0.85,0.0
C_SWAPPED,swapped,fly-b,0.85,0.0
C_SWAPPED,swapped,fly-a,0.8583333333333333,0.0
C_SWAPPED,swapped,fly-b,0.8583333333333333,0.0
C_SWAPPED,swapped,fly-a,0.8666666666666667,0.0
C_SWAPPED,swapped,fly-b,0.8666666666666667,0.0
C_SWAPPED,swapped,fly-a,0.875,0.0
C_SWAPPED,swapped,fly-b,0.875,0.0
C_SWAPPED,swapped,fly-a,0.8833333333333333,0.0
C_SWAPPED,swapped,fly-b,0.8833333333333333,0.0
C_SWAPPED,swapped,fly-a,0.8916666666666666,0.0
C_SWAPPED,swapped,fly-b,0.8916666666666666,0.0
C_SWAPPED,swapped,fly-a,0.9,0.0
C_SWAPPED,swapped,fly-b,0.9,0.0
C_SWAPPED,swapped,fly-a,0.9083333333333333,0.0
C_SWAPPED,swapped,fly-b,0.9083333333333333,0.0
C_SWAPPED,swapped,fly-a,0.9166666666666666,0.0
C_SWAPPED,swapped,fly-b,0.9166666666666666,0.0
C_SWAPPED,swapped,fly-a,0.9249999999999999,0.0
C_SWAPPED,swapped,fly-b,0.9249999999999999,0.0
C_SWAPPED,swapped,fly-a,0.9333333333333333,0.0
C_SWAPPED,swapped,fly-b,0.9333333333333333,0.0
C_SWAPPED,swapped,fly-a,0.9416666666666667,0.0
C_SWAPPED,swapped,fly-b,0.9416666666666667,0.0
C_SWAPPED,swapped,fly-a,0.95,0.0
C_SWAPPED,swapped,fly-b,0.95,0.0
C_SWAPPED,swapped,fly-a,0.9583333333333334,0.0
C_SWAPPED,swapped,fly-b,0.9583333333333334,0.0
C_SWAPPED,swapped,fly-a,0.9666666666666667,0.0
C_SWAPPED,swapped,fly-b,0.9666666666666667,0.0
C_SWAPPED,swapped,fly-a,0.975,0.0
C_SWAPPED,swapped,fly-b,0.975,0.0
C_SWAPPED,swapped,fly-a,0.9833333333333333,0.0
C_SWAPPED,swapped,fly-b,0.9833333333333333,0.0
C_SWAPPED,swapped,fly-a,0.9916666666666667,0.0
C_SWAPPED,swapped,fly-b,0.9916666666666667,0.0
C_SWAPPED,swapped,fly-a,1.0,0.0
C_SWAPPED,swapped,fly-b,1.0,0.0
C_SWAPPED,swapped,fly-a,1.0083333333333333,0.0
C_SWAPPED,swapped,fly-b,1.0083333333333333,0.0
C_SWAPPED,swapped,fly-a,1.0166666666666666,0.0
C_SWAPPED,swapped,fly-b,1.0166666666666666,0.0
C_SWAPPED,swapped,fly-a,1.025,0.0
C_SWAPPED,swapped,fly-b,1.025,0.0
C_SWAPPED,swapped,fly-a,1.0333333333333332,0.0
C_SWAPPED,swapped,fly-b,1.0333333333333332,0.0
C_SWAPPED,swapped,fly-a,1.0416666666666667,0.0
C_SWAPPED,swapped,fly-b,1.0416666666666667,0.0
C_SWAPPED,swapped,fly-a,1.05,0.0
C_SWAPPED,swapped,fly-b,1.05,0.0
C_SWAPPED,swapped,fly-a,1.0583333333333333,0.0
C_SWAPPED,swapped,fly-b,1.0583333333333333,0.0
C_SWAPPED,swapped,fly-a,1.0666666666666667,0.0
C_SWAPPED,swapped,fly-b,1.0666666666666667,0.0
C_SWAPPED,swapped,fly-a,1.075,0.0
C_SWAPPED,swapped,fly-b,1.075,0.0
C_SWAPPED,swapped,fly-a,1.0833333333333333,0.0
C_SWAPPED,swapped,fly-b,1.0833333333333333,0.0
C_SWAPPED,swapped,fly-a,1.0916666666666666,0.0
C_SWAPPED,swapped,fly-b,1.0916666666666666,0.0
C_SWAPPED,swapped,fly-a,1.1,0.0
C_SWAPPED,swapped,fly-b,1.1,0.0
C_SWAPPED,swapped,fly-a,1.1083333333333334,0.0
C_SWAPPED,swapped,fly-b,1.1083333333333334,0.0
C_SWAPPED,swapped,fly-a,1.1166666666666667,0.0
C_SWAPPED,swapped,fly-b,1.1166666666666667,0.0
C_SWAPPED,swapped,fly-a,1.125,0.0
C_SWAPPED,swapped,fly-b,1.125,0.0
C_SWAPPED,swapped,fly-a,1.1333333333333333,0.0
C_SWAPPED,swapped,fly-b,1.1333333333333333,0.0
C_SWAPPED,swapped,fly-a,1.1416666666666666,0.0
C_SWAPPED,swapped,fly-b,1.1416666666666666,0.0
C_SWAPPED,swapped,fly-a,1.15,0.0
C_SWAPPED,swapped,fly-b,1.15,0.0
C_SWAPPED,swapped,fly-a,1.1583333333333332,0.0
C_SWAPPED,swapped,fly-b,1.1583333333333332,0.0
C_SWAPPED,swapped,fly-a,1.1666666666666667,0.0
C_SWAPPED,swapped,fly-b,1.1666666666666667,0.0
C_SWAPPED,swapped,fly-a,1.175,0.0
C_SWAPPED,swapped,fly-b,1.175,0.0
C_SWAPPED,swapped,fly-a,1.1833333333333333,0.0
C_SWAPPED,swapped,fly-b,1.1833333333333333,0.0
C_SWAPPED,swapped,fly-a,1.1916666666666667,0.0
C_SWAPPED,swapped,fly-b,1.1916666666666667,0.0
C_SWAPPED,swapped,fly-a,1.2,0.0
C_SWAPPED,swapped,fly-b,1.2,0.0
C_SWAPPED,swapped,fly-a,1.2083333333333333,0.0
C_SWAPPED,swapped,fly-b,1.2083333333333333,0.0
C_SWAPPED,swapped,fly-a,1.2166666666666666,0.0
C_SWAPPED,swapped,fly-b,1.2166666666666666,0.0
C_SWAPPED,swapped,fly-a,1.225,0.0
C_SWAPPED,swapped,fly-b,1.225,0.0
C_SWAPPED,swapped,fly-a,1.2333333333333334,0.0
C_SWAPPED,swapped,fly-b,1.2333333333333334,0.0
C_SWAPPED,swapped,fly-a,1.2416666666666667,0.0
C_SWAPPED,swapped,fly-b,1.2416666666666667,0.0
C_SWAPPED,swapped,fly-a,1.25,0.0
C_SWAPPED,swapped,fly-b,1.25,0.0
C_SWAPPED,swapped,fly-a,1.2583333333333333,0.0
C_SWAPPED,swapped,fly-b,1.2583333333333333,0.0
C_SWAPPED,swapped,fly-a,1.2666666666666666,0.0
C_SWAPPED,swapped,fly-b,1.2666666666666666,0.0
C_SWAPPED,swapped,fly-a,1.275,0.0
C_SWAPPED,swapped,fly-b,1.275,0.0
C_SWAPPED,swapped,fly-a,1.2833333333333332,0.0
C_SWAPPED,swapped,fly-b,1.2833333333333332,0.0
C_SWAPPED,swapped,fly-a,1.2916666666666667,0.0
C_SWAPPED,swapped,fly-b,1.2916666666666667,0.0
C_SWAPPED,swapped,fly-a,1.3,0.0
C_SWAPPED,swapped,fly-b,1.3,0.0
C_SWAPPED,swapped,fly-a,1.3083333333333333,0.0
C_SWAPPED,swapped,fly-b,1.3083333333333333,0.0
C_SWAPPED,swapped,fly-a,1.3166666666666667,0.0
C_SWAPPED,swapped,fly-b,1.3166666666666667,0.0
C_SWAPPED,swapped,fly-a,1.325,0.0
C_SWAPPED,swapped,fly-b,1.325,0.0
C_SWAPPED,swapped,fly-a,1.3333333333333333,0.0
C_SWAPPED,swapped,fly-b,1.3333333333333333,0.0
C_SWAPPED,swapped,fly-a,1.3416666666666666,0.0
C_SWAPPED,swapped,fly-b,1.3416666666666666,0.0
C_SWAPPED,swapped,fly-a,1.35,0.0
C_SWAPPED,swapped,fly-b,1.35,0.0
C_SWAPPED,swapped,fly-a,1.3583333333333334,0.0
C_SWAPPED,swapped,fly-b,1.3583333333333334,0.0
C_SWAPPED,swapped,fly-a,1.3666666666666667,0.0
C_SWAPPED,swapped,fly-b,1.3666666666666667,0.0
C_SWAPPED,swapped,fly-a,1.375,0.0
C_SWAPPED,swapped,fly-b,1.375,0.0
C_SWAPPED,swapped,fly-a,1.3833333333333333,0.0
C_SWAPPED,swapped,fly-b,1.3833333333333333,0.0
C_SWAPPED,swapped,fly-a,1.3916666666666666,0.0
C_SWAPPED,swapped,fly-b,1.3916666666666666,0.0
C_SWAPPED,swapped,fly-a,1.4,0.0
C_SWAPPED,swapped,fly-b,1.4,0.0
C_SWAPPED,swapped,fly-a,1.4083333333333332,0.0
C_SWAPPED,swapped,fly-b,1.4083333333333332,0.0
C_SWAPPED,swapped,fly-a,1.4166666666666667,0.0
C_SWAPPED,swapped,fly-b,1.4166666666666667,0.0
C_SWAPPED,swapped,fly-a,1.425,0.0
C_SWAPPED,swapped,fly-b,1.425,0.0
C_SWAPPED,swapped,fly-a,1.4333333333333333,0.0
C_SWAPPED,swapped,fly-b,1.4333333333333333,0.0
C_SWAPPED,swapped,fly-a,1.4416666666666667,0.0
C_SWAPPED,swapped,fly-b,1.4416666666666667,0.0
C_SWAPPED,swapped,fly-a,1.45,0.0
C_SWAPPED,swapped,fly-b,1.45,0.0
C_SWAPPED,swapped,fly-a,1.4583333333333333,0.0
C_SWAPPED,swapped,fly-b,1.4583333333333333,0.0
C_SWAPPED,swapped,fly-a,1.4666666666666666,0.0
C_SWAPPED,swapped,fly-b,1.4666666666666666,0.0
C_SWAPPED,swapped,fly-a,1.475,0.0
C_SWAPPED,swapped,fly-b,1.475,0.0
C_SWAPPED,swapped,fly-a,1.4833333333333334,0.0
C_SWAPPED,swapped,fly-b,1.4833333333333334,0.0
C_SWAPPED,swapped,fly-a,1.4916666666666667,0.0
C_SWAPPED,swapped,fly-b,1.4916666666666667,0.0
C_SWAPPED,swapped,fly-a,1.5,0.0
C_SWAPPED,swapped,fly-b,1.5,0.0
C_SWAPPED,swapped,fly-a,1.5083333333333333,0.0
C_SWAPPED,swapped,fly-b,1.5083333333333333,0.0
C_SWAPPED,swapped,fly-a,1.5166666666666666,0.0
C_SWAPPED,swapped,fly-b,1.5166666666666666,0.0
C_SWAPPED,swapped,fly-a,1.525,0.0
C_SWAPPED,swapped,fly-b,1.525,0.0
C_SWAPPED,swapped,fly-a,1.5333333333333332,0.0
C_SWAPPED,swapped,fly-b,1.5333333333333332,0.0
C_SWAPPED,swapped,fly-a,1.5416666666666667,0.0
C_SWAPPED,swapped,fly-b,1.5416666666666667,0.0
C_SWAPPED,swapped,fly-a,1.55,0.0
C_SWAPPED,swapped,fly-b,1.55,0.0
C_SWAPPED,swapped,fly-a,1.5583333333333333,0.0
C_SWAPPED,swapped,fly-b,1.5583333333333333,0.0
C_SWAPPED,swapped,fly-a,1.5666666666666667,0.0
C_SWAPPED,swapped,fly-b,1.5666666666666667,0.0
C_SWAPPED,swapped,fly-a,1.575,0.0
C_SWAPPED,swapped,fly-b,1.575,0.0
C_SWAPPED,swapped,fly-a,1.5833333333333333,0.0
C_SWAPPED,swapped,fly-b,1.5833333333333333,0.0
C_SWAPPED,swapped,fly-a,1.5916666666666666,0.0
C_SWAPPED,swapped,fly-b,1.5916666666666666,0.0
C_SWAPPED,swapped,fly-a,1.6,0.0
C_SWAPPED,swapped,fly-b,1.6,0.0
C_SWAPPED,swapped,fly-a,1.6083333333333334,0.0
C_SWAPPED,swapped,fly-b,1.6083333333333334,0.0
C_SWAPPED,swapped,fly-a,1.6166666666666667,0.0
C_SWAPPED,swapped,fly-b,1.6166666666666667,0.0
C_SWAPPED,swapped,fly-a,1.625,0.0
C_SWAPPED,swapped,fly-b,1.625,0.0
C_SWAPPED,swapped,fly-a,1.6333333333333333,0.0
C_SWAPPED,swapped,fly-b,1.6333333333333333,0.0
C_SWAPPED,swapped,fly-a,1.6416666666666666,0.0
C_SWAPPED,swapped,fly-b,1.6416666666666666,0.0
C_SWAPPED,swapped,fly-a,1.65,0.0
C_SWAPPED,swapped,fly-b,1.65,0.0
C_SWAPPED,swapped,fly-a,1.6583333333333332,0.0
C_SWAPPED,swapped,fly-b,1.6583333333333332,0.0
C_SWAPPED,swapped,fly-a,1.6666666666666667,0.0
C_SWAPPED,swapped,fly-b,1.6666666666666667,0.0
C_SWAPPED,swapped,fly-a,1.675,0.0
C_SWAPPED,swapped,fly-b,1.675,0.0
C_SWAPPED,swapped,fly-a,1.6833333333333333,0.0
C_SWAPPED,swapped,fly-b,1.6833333333333333,0.0
C_SWAPPED,swapped,fly-a,1.6916666666666667,0.0
C_SWAPPED,swapped,fly-b,1.6916666666666667,0.0
C_SWAPPED,swapped,fly-a,1.7,0.0
C_SWAPPED,swapped,fly-b,1.7,0.0
C_SWAPPED,swapped,fly-a,1.7083333333333333,0.0
C_SWAPPED,swapped,fly-b,1.7083333333333333,0.0
C_SWAPPED,swapped,fly-a,1.7166666666666666,0.0
C_SWAPPED,swapped,fly-b,1.7166666666666666,0.0
C_SWAPPED,swapped,fly-a,1.7249999999999999,0.0
C_SWAPPED,swapped,fly-b,1.7249999999999999,0.0
C_SWAPPED,swapped,fly-a,1.7333333333333334,0.0
C_SWAPPED,swapped,fly-b,1.7333333333333334,0.0
C_SWAPPED,swapped,fly-a,1.7416666666666667,0.0
C_SWAPPED,swapped,fly-b,1.7416666666666667,0.0
C_SWAPPED,swapped,fly-a,1.75,0.0
C_SWAPPED,swapped,fly-b,1.75,0.0
C_SWAPPED,swapped,fly-a,1.7583333333333333,0.0
C_SWAPPED,swapped,fly-b,1.7583333333333333,0.0
C_SWAPPED,swapped,fly-a,1.7666666666666666,0.0
C_SWAPPED,swapped,fly-b,1.7666666666666666,0.0
C_SWAPPED,swapped,fly-a,1.775,0.0
C_SWAPPED,swapped,fly-b,1.775,0.0
C_SWAPPED,swapped,fly-a,1.7833333333333332,0.0
C_SWAPPED,swapped,fly-b,1.7833333333333332,0.0
C_SWAPPED,swapped,fly-a,1.7916666666666667,0.0
C_SWAPPED,swapped,fly-b,1.7916666666666667,0.0
C_SWAPPED,swapped,fly-a,1.8,0.0
C_SWAPPED,swapped,fly-b,1.8,0.0
C_SWAPPED,swapped,fly-a,1.8083333333333333,0.0
C_SWAPPED,swapped,fly-b,1.8083333333333333,0.0
C_SWAPPED,swapped,fly-a,1.8166666666666667,0.0
C_SWAPPED,swapped,fly-b,1.8166666666666667,0.0
C_SWAPPED,swapped,fly-a,1.825,0.0
C_SWAPPED,swapped,fly-b,1.825,0.0
C_SWAPPED,swapped,fly-a,1.8333333333333333,0.0
C_SWAPPED,swapped,fly-b,1.8333333333333333,0.0
C_SWAPPED,swapped,fly-a,1.8416666666666666,0.0
C_SWAPPED,swapped,fly-b,1.8416666666666666,0.0
C_SWAPPED,swapped,fly-a,1.8499999999999999,0.0
C_SWAPPED,swapped,fly-b,1.8499999999999999,0.0
C_SWAPPED,swapped,fly-a,1.8583333333333334,0.0
C_SWAPPED,swapped,fly-b,1.8583333333333334,0.0
C_SWAPPED,swapped,fly-a,1.8666666666666667,0.0
C_SWAPPED,swapped,fly-b,1.8666666666666667,0.0
C_SWAPPED,swapped,fly-a,1.875,0.0
C_SWAPPED,swapped,fly-b,1.875,0.0
C_SWAPPED,swapped,fly-a,1.8833333333333333,0.0
C_SWAPPED,swapped,fly-b,1.8833333333333333,0.0
C_SWAPPED,swapped,fly-a,1.8916666666666666,0.0
C_SWAPPED,swapped,fly-b,1.8916666666666666,0.0
C_SWAPPED,swapped,fly-a,1.9,0.0
C_SWAPPED,swapped,fly-b,1.9,0.0
C_SWAPPED,swapped,fly-a,1.9083333333333332,0.0
C_SWAPPED,swapped,fly-b,1.9083333333333332,0.0
C_SWAPPED,swapped,fly-a,1.9166666666666667,0.0
C_SWAPPED,swapped,fly-b,1.9166666666666667,0.0
C_SWAPPED,swapped,fly-a,1.925,0.0
C_SWAPPED,swapped,fly-b,1.925,0.0
C_SWAPPED,swapped,fly-a,1.9333333333333333,0.0
C_SWAPPED,swapped,fly-b,1.9333333333333333,0.0
C_SWAPPED,swapped,fly-a,1.9416666666666667,0.0
C_SWAPPED,swapped,fly-b,1.9416666666666667,0.0
C_SWAPPED,swapped,fly-a,1.95,0.0
C_SWAPPED,swapped,fly-b,1.95,0.0
C_SWAPPED,swapped,fly-a,1.9583333333333333,0.0
C_SWAPPED,swapped,fly-b,1.9583333333333333,0.0
C_SWAPPED,swapped,fly-a,1.9666666666666666,0.0
C_SWAPPED,swapped,fly-b,1.9666666666666666,0.0
C_SWAPPED,swapped,fly-a,1.9749999999999999,0.0
C_SWAPPED,swapped,fly-b,1.9749999999999999,0.0
C_SWAPPED,swapped,fly-a,1.9833333333333334,0.0
C_SWAPPED,swapped,fly-b,1.9833333333333334,0.0
C_SWAPPED,swapped,fly-a,1.9916666666666667,0.0
C_SWAPPED,swapped,fly-b,1.9916666666666667,0.0
C_SWAPPED,swapped,fly-a,2.0,0.0
C_SWAPPED,swapped,fly-b,2.0,0.0
C_SWAPPED,swapped,fly-a,2.0083333333333333,0.0
C_SWAPPED,swapped,fly-b,2.0083333333333333,0.0
C_SWAPPED,swapped,fly-a,2.0166666666666666,0.0
C_SWAPPED,swapped,fly-b,2.0166666666666666,0.0
C_SWAPPED,swapped,fly-a,2.025,0.0
C_SWAPPED,swapped,fly-b,2.025,0.0
C_SWAPPED,swapped,fly-a,2.033333333333333,0.0
C_SWAPPED,swapped,fly-b,2.033333333333333,0.0
C_SWAPPED,swapped,fly-a,2.0416666666666665,0.0
C_SWAPPED,swapped,fly-b,2.0416666666666665,0.0
C_SWAPPED,swapped,fly-a,2.05,0.0
C_SWAPPED,swapped,fly-b,2.05,0.0
C_SWAPPED,swapped,fly-a,2.058333333333333,0.0
C_SWAPPED,swapped,fly-b,2.058333333333333,0.0
C_SWAPPED,swapped,fly-a,2.0666666666666664,0.0
C_SWAPPED,swapped,fly-b,2.0666666666666664,0.0
C_SWAPPED,swapped,fly-a,2.075,0.0
C_SWAPPED,swapped,fly-b,2.075,0.0
C_SWAPPED,swapped,fly-a,2.0833333333333335,0.0
C_SWAPPED,swapped,fly-b,2.0833333333333335,0.0
C_SWAPPED,swapped,fly-a,2.091666666666667,0.0
C_SWAPPED,swapped,fly-b,2.091666666666667,0.0
C_SWAPPED,swapped,fly-a,2.1,0.0
C_SWAPPED,swapped,fly-b,2.1,0.0
C_SWAPPED,swapped,fly-a,2.1083333333333334,0.0
C_SWAPPED,swapped,fly-b,2.1083333333333334,0.0
C_SWAPPED,swapped,fly-a,2.1166666666666667,0.0
C_SWAPPED,swapped,fly-b,2.1166666666666667,0.0
C_SWAPPED,swapped,fly-a,2.125,0.0
C_SWAPPED,swapped,fly-b,2.125,0.0
C_SWAPPED,swapped,fly-a,2.1333333333333333,0.0
C_SWAPPED,swapped,fly-b,2.1333333333333333,0.0
C_SWAPPED,swapped,fly-a,2.1416666666666666,0.0
C_SWAPPED,swapped,fly-b,2.1416666666666666,0.0
C_SWAPPED,swapped,fly-a,2.15,0.0
C_SWAPPED,swapped,fly-b,2.15,0.0
C_SWAPPED,swapped,fly-a,2.158333333333333,0.0
C_SWAPPED,swapped,fly-b,2.158333333333333,0.0
C_SWAPPED,swapped,fly-a,2.1666666666666665,0.0
C_SWAPPED,swapped,fly-b,2.1666666666666665,0.0
C_SWAPPED,swapped,fly-a,2.175,0.0
C_SWAPPED,swapped,fly-b,2.175,0.0
C_SWAPPED,swapped,fly-a,2.183333333333333,0.0
C_SWAPPED,swapped,fly-b,2.183333333333333,0.0
C_SWAPPED,swapped,fly-a,2.1916666666666664,0.0
C_SWAPPED,swapped,fly-b,2.1916666666666664,0.0
C_SWAPPED,swapped,fly-a,2.2,0.0
C_SWAPPED,swapped,fly-b,2.2,0.0
C_SWAPPED,swapped,fly-a,2.2083333333333335,0.0
C_SWAPPED,swapped,fly-b,2.2083333333333335,0.0
C_SWAPPED,swapped,fly-a,2.216666666666667,0.0
C_SWAPPED,swapped,fly-b,2.216666666666667,0.0
C_SWAPPED,swapped,fly-a,2.225,0.0
C_SWAPPED,swapped,fly-b,2.225,0.0
C_SWAPPED,swapped,fly-a,2.2333333333333334,0.0
C_SWAPPED,swapped,fly-b,2.2333333333333334,0.0
C_SWAPPED,swapped,fly-a,2.2416666666666667,0.0
C_SWAPPED,swapped,fly-b,2.2416666666666667,0.0
C_SWAPPED,swapped,fly-a,2.25,0.0
C_SWAPPED,swapped,fly-b,2.25,0.0
C_SWAPPED,swapped,fly-a,2.2583333333333333,0.0
C_SWAPPED,swapped,fly-b,2.2583333333333333,0.0
C_SWAPPED,swapped,fly-a,2.2666666666666666,0.0
C_SWAPPED,swapped,fly-b,2.2666666666666666,0.0
C_SWAPPED,swapped,fly-a,2.275,0.0
C_SWAPPED,swapped,fly-b,2.275,0.0
C_SWAPPED,swapped,fly-a,2.283333333333333,0.0
C_SWAPPED,swapped,fly-b,2.283333333333333,0.0
C_SWAPPED,swapped,fly-a,2.2916666666666665,0.0
C_SWAPPED,swapped,fly-b,2.2916666666666665,0.0
C_SWAPPED,swapped,fly-a,2.3,0.0
C_SWAPPED,swapped,fly-b,2.3,0.0
C_SWAPPED,swapped,fly-a,2.308333333333333,0.0
C_SWAPPED,swapped,fly-b,2.308333333333333,0.0
C_SWAPPED,swapped,fly-a,2.3166666666666664,0.0
C_SWAPPED,swapped,fly-b,2.3166666666666664,0.0
C_SWAPPED,swapped,fly-a,2.325,0.0
C_SWAPPED,swapped,fly-b,2.325,0.0
C_SWAPPED,swapped,fly-a,2.3333333333333335,0.0
C_SWAPPED,swapped,fly-b,2.3333333333333335,0.0
C_SWAPPED,swapped,fly-a,2.341666666666667,0.0
C_SWAPPED,swapped,fly-b,2.341666666666667,0.0
C_SWAPPED,swapped,fly-a,2.35,0.0
C_SWAPPED,swapped,fly-b,2.35,0.0
C_SWAPPED,swapped,fly-a,2.3583333333333334,0.0
C_SWAPPED,swapped,fly-b,2.3583333333333334,0.0
C_SWAPPED,swapped,fly-a,2.3666666666666667,0.0
C_SWAPPED,swapped,fly-b,2.3666666666666667,0.0
C_SWAPPED,swapped,fly-a,2.375,0.0
C_SWAPPED,swapped,fly-b,2.375,0.0
C_SWAPPED,swapped,fly-a,2.3833333333333333,0.0
C_SWAPPED,swapped,fly-b,2.3833333333333333,0.0
C_SWAPPED,swapped,fly-a,2.3916666666666666,0.0
C_SWAPPED,swapped,fly-b,2.3916666666666666,0.0
C_SWAPPED,swapped,fly-a,2.4,0.0
C_SWAPPED,swapped,fly-b,2.4,0.0
C_SWAPPED,swapped,fly-a,2.408333333333333,0.0
C_SWAPPED,swapped,fly-b,2.408333333333333,0.0
C_SWAPPED,swapped,fly-a,2.4166666666666665,0.0
C_SWAPPED,swapped,fly-b,2.4166666666666665,0.0
C_SWAPPED,swapped,fly-a,2.425,0.0
C_SWAPPED,swapped,fly-b,2.425,0.0
C_SWAPPED,swapped,fly-a,2.433333333333333,0.0
C_SWAPPED,swapped,fly-b,2.433333333333333,0.0
C_SWAPPED,swapped,fly-a,2.4416666666666664,0.0
C_SWAPPED,swapped,fly-b,2.4416666666666664,0.0
C_SWAPPED,swapped,fly-a,2.45,0.0
C_SWAPPED,swapped,fly-b,2.45,0.0
C_SWAPPED,swapped,fly-a,2.4583333333333335,0.0
C_SWAPPED,swapped,fly-b,2.4583333333333335,0.0
C_SWAPPED,swapped,fly-a,2.466666666666667,0.0
C_SWAPPED,swapped,fly-b,2.466666666666667,0.0
C_SWAPPED,swapped,fly-a,2.475,0.0
C_SWAPPED,swapped,fly-b,2.475,0.0
C_SWAPPED,swapped,fly-a,2.4833333333333334,0.0
C_SWAPPED,swapped,fly-b,2.4833333333333334,0.0
C_SWAPPED,swapped,fly-a,2.4916666666666667,0.0
C_SWAPPED,swapped,fly-b,2.4916666666666667,0.0
C_SWAPPED,swapped,fly-a,2.5,0.0
C_SWAPPED,swapped,fly-b,2.5,0.0
C_SWAPPED,swapped,fly-a,2.5083333333333333,0.0
C_SWAPPED,swapped,fly-b,2.5083333333333333,0.0
C_SWAPPED,swapped,fly-a,2.5166666666666666,0.0
C_SWAPPED,swapped,fly-b,2.5166666666666666,0.0
C_SWAPPED,swapped,fly-a,2.525,0.0
C_SWAPPED,swapped,fly-b,2.525,0.0
C_SWAPPED,swapped,fly-a,2.533333333333333,0.0
C_SWAPPED,swapped,fly-b,2.533333333333333,0.0
C_SWAPPED,swapped,fly-a,2.5416666666666665,0.0
C_SWAPPED,swapped,fly-b,2.5416666666666665,0.0
C_SWAPPED,swapped,fly-a,2.55,0.0
C_SWAPPED,swapped,fly-b,2.55,0.0
C_SWAPPED,swapped,fly-a,2.558333333333333,0.0
C_SWAPPED,swapped,fly-b,2.558333333333333,0.0
C_SWAPPED,swapped,fly-a,2.5666666666666664,0.0
C_SWAPPED,swapped,fly-b,2.5666666666666664,0.0
C_SWAPPED,swapped,fly-a,2.575,0.0
C_SWAPPED,swapped,fly-b,2.575,0.0
C_SWAPPED,swapped,fly-a,2.5833333333333335,0.0
C_SWAPPED,swapped,fly-b,2.5833333333333335,0.0
C_SWAPPED,swapped,fly-a,2.591666666666667,0.0
C_SWAPPED,swapped,fly-b,2.591666666666667,0.0
C_SWAPPED,swapped,fly-a,2.6,0.0
C_SWAPPED,swapped,fly-b,2.6,0.0
C_SWAPPED,swapped,fly-a,2.6083333333333334,0.0
C_SWAPPED,swapped,fly-b,2.6083333333333334,0.0
C_SWAPPED,swapped,fly-a,2.6166666666666667,0.0
C_SWAPPED,swapped,fly-b,2.6166666666666667,0.0
C_SWAPPED,swapped,fly-a,2.625,0.0
C_SWAPPED,swapped,fly-b,2.625,0.0
C_SWAPPED,swapped,fly-a,2.6333333333333333,0.0
C_SWAPPED,swapped,fly-b,2.6333333333333333,0.0
C_SWAPPED,swapped,fly-a,2.6416666666666666,0.0
C_SWAPPED,swapped,fly-b,2.6416666666666666,0.0
C_SWAPPED,swapped,fly-a,2.65,0.0
C_SWAPPED,swapped,fly-b,2.65,0.0
C_SWAPPED,swapped,fly-a,2.658333333333333,0.0
C_SWAPPED,swapped,fly-b,2.658333333333333,0.0
C_SWAPPED,swapped,fly-a,2.6666666666666665,0.0
C_SWAPPED,swapped,fly-b,2.6666666666666665,0.0
C_SWAPPED,swapped,fly-a,2.675,0.0
C_SWAPPED,swapped,fly-b,2.675,0.0
C_SWAPPED,swapped,fly-a,2.683333333333333,0.0
C_SWAPPED,swapped,fly-b,2.683333333333333,0.0
C_SWAPPED,swapped,fly-a,2.6916666666666664,0.0
C_SWAPPED,swapped,fly-b,2.6916666666666664,0.0
C_SWAPPED,swapped,fly-a,2.7,0.0
C_SWAPPED,swapped,fly-b,2.7,0.0
C_SWAPPED,swapped,fly-a,2.7083333333333335,0.0
C_SWAPPED,swapped,fly-b,2.7083333333333335,0.0
C_SWAPPED,swapped,fly-a,2.716666666666667,0.0
C_SWAPPED,swapped,fly-b,2.716666666666667,0.0
C_SWAPPED,swapped,fly-a,2.725,0.0
C_SWAPPED,swapped,fly-b,2.725,0.0
C_SWAPPED,swapped,fly-a,2.7333333333333334,0.0
C_SWAPPED,swapped,fly-b,2.7333333333333334,0.0
C_SWAPPED,swapped,fly-a,2.7416666666666667,0.0
C_SWAPPED,swapped,fly-b,2.7416666666666667,0.0
C_SWAPPED,swapped,fly-a,2.75,0.0
C_SWAPPED,swapped,fly-b,2.75,0.0
C_SWAPPED,swapped,fly-a,2.7583333333333333,0.0
C_SWAPPED,swapped,fly-b,2.7583333333333333,0.0
C_SWAPPED,swapped,fly-a,2.7666666666666666,0.0
C_SWAPPED,swapped,fly-b,2.7666666666666666,0.0
C_SWAPPED,swapped,fly-a,2.775,0.0
C_SWAPPED,swapped,fly-b,2.775,0.0
C_SWAPPED,swapped,fly-a,2.783333333333333,0.0
C_SWAPPED,swapped,fly-b,2.783333333333333,0.0
C_SWAPPED,swapped,fly-a,2.7916666666666665,0.0
C_SWAPPED,swapped,fly-b,2.7916666666666665,0.0
C_SWAPPED,swapped,fly-a,2.8,0.0
C_SWAPPED,swapped,fly-b,2.8,0.0
C_SWAPPED,swapped,fly-a,2.808333333333333,0.0
C_SWAPPED,swapped,fly-b,2.808333333333333,0.0
C_SWAPPED,swapped,fly-a,2.8166666666666664,0.0
C_SWAPPED,swapped,fly-b,2.8166666666666664,0.0
C_SWAPPED,swapped,fly-a,2.825,0.0
C_SWAPPED,swapped,fly-b,2.825,0.0
C_SWAPPED,swapped,fly-a,2.8333333333333335,0.0
C_SWAPPED,swapped,fly-b,2.8333333333333335,0.0
C_SWAPPED,swapped,fly-a,2.841666666666667,0.0
C_SWAPPED,swapped,fly-b,2.841666666666667,0.0
C_SWAPPED,swapped,fly-a,2.85,0.0
C_SWAPPED,swapped,fly-b,2.85,0.0
C_SWAPPED,swapped,fly-a,2.8583333333333334,0.0
C_SWAPPED,swapped,fly-b,2.8583333333333334,0.0
C_SWAPPED,swapped,fly-a,2.8666666666666667,0.0
C_SWAPPED,swapped,fly-b,2.8666666666666667,0.0
C_SWAPPED,swapped,fly-a,2.875,0.0
C_SWAPPED,swapped,fly-b,2.875,0.0
C_SWAPPED,swapped,fly-a,2.8833333333333333,0.0
C_SWAPPED,swapped,fly-b,2.8833333333333333,0.0
C_SWAPPED,swapped,fly-a,2.8916666666666666,0.0
C_SWAPPED,swapped,fly-b,2.8916666666666666,0.0
C_SWAPPED,swapped,fly-a,2.9,0.0
C_SWAPPED,swapped,fly-b,2.9,0.0
C_SWAPPED,swapped,fly-a,2.908333333333333,0.0
C_SWAPPED,swapped,fly-b,2.908333333333333,0.0
C_SWAPPED,swapped,fly-a,2.9166666666666665,0.0
C_SWAPPED,swapped,fly-b,2.9166666666666665,0.0
C_SWAPPED,swapped,fly-a,2.925,0.0
C_SWAPPED,swapped,fly-b,2.925,0.0
C_SWAPPED,swapped,fly-a,2.933333333333333,0.0
C_SWAPPED,swapped,fly-b,2.933333333333333,0.0
C_SWAPPED,swapped,fly-a,2.9416666666666664,0.0
C_SWAPPED,swapped,fly-b,2.9416666666666664,0.0
C_SWAPPED,swapped,fly-a,2.95,0.0
C_SWAPPED,swapped,fly-b,2.95,0.0
C_SWAPPED,swapped,fly-a,2.9583333333333335,0.0
C_SWAPPED,swapped,fly-b,2.9583333333333335,0.0
C_SWAPPED,swapped,fly-a,2.966666666666667,0.0
C_SWAPPED,swapped,fly-b,2.966666666666667,0.0
C_SWAPPED,swapped,fly-a,2.975,0.0
C_SWAPPED,swapped,fly-b,2.975,0.0
C_SWAPPED,swapped,fly-a,2.9833333333333334,0.0
C_SWAPPED,swapped,fly-b,2.9833333333333334,0.0
C_SWAPPED,swapped,fly-a,2.9916666666666667,0.0
C_SWAPPED,swapped,fly-b,2.9916666666666667,0.0
C_SWAPPED,swapped,fly-a,3.0,0.0
C_SWAPPED,swapped,fly-b,3.0,0.0
C_SWAPPED,swapped,fly-a,3.0083333333333333,0.0
C_SWAPPED,swapped,fly-b,3.0083333333333333,0.0
C_SWAPPED,swapped,fly-a,3.0166666666666666,0.0
C_SWAPPED,swapped,fly-b,3.0166666666666666,0.0
C_SWAPPED,swapped,fly-a,3.025,0.0
C_SWAPPED,swapped,fly-b,3.025,0.0
C_SWAPPED,swapped,fly-a,3.033333333333333,0.0
C_SWAPPED,swapped,fly-b,3.033333333333333,0.0
C_SWAPPED,swapped,fly-a,3.0416666666666665,0.0
C_SWAPPED,swapped,fly-b,3.0416666666666665,0.0
C_SWAPPED,swapped,fly-a,3.05,0.0
C_SWAPPED,swapped,fly-b,3.05,0.0
C_SWAPPED,swapped,fly-a,3.058333333333333,0.0
C_SWAPPED,swapped,fly-b,3.058333333333333,0.0
C_SWAPPED,swapped,fly-a,3.0666666666666664,0.0
C_SWAPPED,swapped,fly-b,3.0666666666666664,0.0
C_SWAPPED,swapped,fly-a,3.075,0.0
C_SWAPPED,swapped,fly-b,3.075,0.0
C_SWAPPED,swapped,fly-a,3.0833333333333335,0.0
C_SWAPPED,swapped,fly-b,3.0833333333333335,0.0
C_SWAPPED,swapped,fly-a,3.091666666666667,0.0
C_SWAPPED,swapped,fly-b,3.091666666666667,0.0
C_SWAPPED,swapped,fly-a,3.1,0.0
C_SWAPPED,swapped,fly-b,3.1,0.0
C_SWAPPED,swapped,fly-a,3.1083333333333334,0.0
C_SWAPPED,swapped,fly-b,3.1083333333333334,0.0
C_SWAPPED,swapped,fly-a,3.1166666666666667,0.0
C_SWAPPED,swapped,fly-b,3.1166666666666667,0.0
C_SWAPPED,swapped,fly-a,3.125,0.0
C_SWAPPED,swapped,fly-b,3.125,0.0
C_SWAPPED,swapped,fly-a,3.1333333333333333,0.0
C_SWAPPED,swapped,fly-b,3.1333333333333333,0.0
C_SWAPPED,swapped,fly-a,3.1416666666666666,0.0
C_SWAPPED,swapped,fly-b,3.1416666666666666,0.0
C_SWAPPED,swapped,fly-a,3.15,0.0
C_SWAPPED,swapped,fly-b,3.15,0.0
C_SWAPPED,swapped,fly-a,3.158333333333333,0.0
C_SWAPPED,swapped,fly-b,3.158333333333333,0.0
C_SWAPPED,swapped,fly-a,3.1666666666666665,0.0
C_SWAPPED,swapped,fly-b,3.1666666666666665,0.0
C_SWAPPED,swapped,fly-a,3.175,0.0
C_SWAPPED,swapped,fly-b,3.175,0.0
C_SWAPPED,swapped,fly-a,3.183333333333333,0.0
C_SWAPPED,swapped,fly-b,3.183333333333333,0.0
C_SWAPPED,swapped,fly-a,3.1916666666666664,0.0
C_SWAPPED,swapped,fly-b,3.1916666666666664,0.0
C_SWAPPED,swapped,fly-a,3.2,0.0
C_SWAPPED,swapped,fly-b,3.2,0.0
C_SWAPPED,swapped,fly-a,3.2083333333333335,0.0
C_SWAPPED,swapped,fly-b,3.2083333333333335,0.0
C_SWAPPED,swapped,fly-a,3.216666666666667,0.0
C_SWAPPED,swapped,fly-b,3.216666666666667,0.0
C_SWAPPED,swapped,fly-a,3.225,0.0
C_SWAPPED,swapped,fly-b,3.225,0.0
C_SWAPPED,swapped,fly-a,3.2333333333333334,0.0
C_SWAPPED,swapped,fly-b,3.2333333333333334,0.0
C_SWAPPED,swapped,fly-a,3.2416666666666667,0.0
C_SWAPPED,swapped,fly-b,3.2416666666666667,0.0
C_SWAPPED,swapped,fly-a,3.25,0.0
C_SWAPPED,swapped,fly-b,3.25,0.0
C_SWAPPED,swapped,fly-a,3.2583333333333333,0.0
C_SWAPPED,swapped,fly-b,3.2583333333333333,0.0
C_SWAPPED,swapped,fly-a,3.2666666666666666,0.0
C_SWAPPED,swapped,fly-b,3.2666666666666666,0.0
C_SWAPPED,swapped,fly-a,3.275,0.0
C_SWAPPED,swapped,fly-b,3.275,0.0
C_SWAPPED,swapped,fly-a,3.283333333333333,0.0
C_SWAPPED,swapped,fly-b,3.283333333333333,0.0
C_SWAPPED,swapped,fly-a,3.2916666666666665,0.0
C_SWAPPED,swapped,fly-b,3.2916666666666665,0.0
C_SWAPPED,swapped,fly-a,3.3,0.0
C_SWAPPED,swapped,fly-b,3.3,0.0
C_SWAPPED,swapped,fly-a,3.308333333333333,0.0
C_SWAPPED,swapped,fly-b,3.308333333333333,0.0
C_SWAPPED,swapped,fly-a,3.3166666666666664,0.0
C_SWAPPED,swapped,fly-b,3.3166666666666664,0.0
C_SWAPPED,swapped,fly-a,3.3249999999999997,0.0
C_SWAPPED,swapped,fly-b,3.3249999999999997,0.0
C_SWAPPED,swapped,fly-a,3.3333333333333335,0.0
C_SWAPPED,swapped,fly-b,3.3333333333333335,0.0
C_SWAPPED,swapped,fly-a,3.341666666666667,0.0
C_SWAPPED,swapped,fly-b,3.341666666666667,0.0
C_SWAPPED,swapped,fly-a,3.35,0.0
C_SWAPPED,swapped,fly-b,3.35,0.0
C_SWAPPED,swapped,fly-a,3.3583333333333334,0.0
C_SWAPPED,swapped,fly-b,3.3583333333333334,0.0
C_SWAPPED,swapped,fly-a,3.3666666666666667,0.0
C_SWAPPED,swapped,fly-b,3.3666666666666667,0.0
C_SWAPPED,swapped,fly-a,3.375,0.0
C_SWAPPED,swapped,fly-b,3.375,0.0
C_SWAPPED,swapped,fly-a,3.3833333333333333,0.0
C_SWAPPED,swapped,fly-b,3.3833333333333333,0.0
C_SWAPPED,swapped,fly-a,3.3916666666666666,0.0
C_SWAPPED,swapped,fly-b,3.3916666666666666,0.0
C_SWAPPED,swapped,fly-a,3.4,0.0
C_SWAPPED,swapped,fly-b,3.4,0.0
C_SWAPPED,swapped,fly-a,3.408333333333333,0.0
C_SWAPPED,swapped,fly-b,3.408333333333333,0.0
C_SWAPPED,swapped,fly-a,3.4166666666666665,0.0
C_SWAPPED,swapped,fly-b,3.4166666666666665,0.0
C_SWAPPED,swapped,fly-a,3.425,0.0
C_SWAPPED,swapped,fly-b,3.425,0.0
C_SWAPPED,swapped,fly-a,3.433333333333333,0.0
C_SWAPPED,swapped,fly-b,3.433333333333333,0.0
C_SWAPPED,swapped,fly-a,3.4416666666666664,0.0
C_SWAPPED,swapped,fly-b,3.4416666666666664,0.0
C_SWAPPED,swapped,fly-a,3.4499999999999997,0.0
C_SWAPPED,swapped,fly-b,3.4499999999999997,0.0
C_SWAPPED,swapped,fly-a,3.4583333333333335,0.0
C_SWAPPED,swapped,fly-b,3.4583333333333335,0.0
C_SWAPPED,swapped,fly-a,3.466666666666667,0.0
C_SWAPPED,swapped,fly-b,3.466666666666667,0.0
C_SWAPPED,swapped,fly-a,3.475,0.0
C_SWAPPED,swapped,fly-b,3.475,0.0
C_SWAPPED,swapped,fly-a,3.4833333333333334,0.0
C_SWAPPED,swapped,fly-b,3.4833333333333334,0.0
C_SWAPPED,swapped,fly-a,3.4916666666666667,0.0
C_SWAPPED,swapped,fly-b,3.4916666666666667,0.0
C_SWAPPED,swapped,fly-a,3.5,0.0
C_SWAPPED,swapped,fly-b,3.5,0.0
C_SWAPPED,swapped,fly-a,3.5083333333333333,0.0
C_SWAPPED,swapped,fly-b,3.5083333333333333,0.0
C_SWAPPED,swapped,fly-a,3.5166666666666666,0.0
C_SWAPPED,swapped,fly-b,3.5166666666666666,0.0
C_SWAPPED,swapped,fly-a,3.525,0.0
C_SWAPPED,swapped,fly-b,3.525,0.0
C_SWAPPED,swapped,fly-a,3.533333333333333,0.0
C_SWAPPED,swapped,fly-b,3.533333333333333,0.0
C_SWAPPED,swapped,fly-a,3.5416666666666665,0.0
C_SWAPPED,swapped,fly-b,3.5416666666666665,0.0
C_SWAPPED,swapped,fly-a,3.55,0.0
C_SWAPPED,swapped,fly-b,3.55,0.0
C_SWAPPED,swapped,fly-a,3.558333333333333,0.0
C_SWAPPED,swapped,fly-b,3.558333333333333,0.0
C_SWAPPED,swapped,fly-a,3.5666666666666664,0.0
C_SWAPPED,swapped,fly-b,3.5666666666666664,0.0
C_SWAPPED,swapped,fly-a,3.5749999999999997,0.0
C_SWAPPED,swapped,fly-b,3.5749999999999997,0.0
C_SWAPPED,swapped,fly-a,3.5833333333333335,0.0
C_SWAPPED,swapped,fly-b,3.5833333333333335,0.0
C_SWAPPED,swapped,fly-a,3.591666666666667,0.0
C_SWAPPED,swapped,fly-b,3.591666666666667,0.0
C_SWAPPED,swapped,fly-a,3.6,0.0
C_SWAPPED,swapped,fly-b,3.6,0.0
C_SWAPPED,swapped,fly-a,3.6083333333333334,0.0
C_SWAPPED,swapped,fly-b,3.6083333333333334,0.0
C_SWAPPED,swapped,fly-a,3.6166666666666667,0.0
C_SWAPPED,swapped,fly-b,3.6166666666666667,0.0
C_SWAPPED,swapped,fly-a,3.625,0.0
C_SWAPPED,swapped,fly-b,3.625,0.0
C_SWAPPED,swapped,fly-a,3.6333333333333333,0.0
C_SWAPPED,swapped,fly-b,3.6333333333333333,0.0
C_SWAPPED,swapped,fly-a,3.6416666666666666,0.0
C_SWAPPED,swapped,fly-b,3.6416666666666666,0.0
C_SWAPPED,swapped,fly-a,3.65,0.0
C_SWAPPED,swapped,fly-b,3.65,0.0
C_SWAPPED,swapped,fly-a,3.658333333333333,0.0
C_SWAPPED,swapped,fly-b,3.658333333333333,0.0
C_SWAPPED,swapped,fly-a,3.6666666666666665,0.0
C_SWAPPED,swapped,fly-b,3.6666666666666665,0.0
C_SWAPPED,swapped,fly-a,3.675,0.0
C_SWAPPED,swapped,fly-b,3.675,0.0
C_SWAPPED,swapped,fly-a,3.683333333333333,0.0
C_SWAPPED,swapped,fly-b,3.683333333333333,0.0
C_SWAPPED,swapped,fly-a,3.6916666666666664,0.0
C_SWAPPED,swapped,fly-b,3.6916666666666664,0.0
C_SWAPPED,swapped,fly-a,3.6999999999999997,0.0
C_SWAPPED,swapped,fly-b,3.6999999999999997,0.0
C_SWAPPED,swapped,fly-a,3.7083333333333335,0.0
C_SWAPPED,swapped,fly-b,3.7083333333333335,0.0
C_SWAPPED,swapped,fly-a,3.716666666666667,0.0
C_SWAPPED,swapped,fly-b,3.716666666666667,0.0
C_SWAPPED,swapped,fly-a,3.725,0.0
C_SWAPPED,swapped,fly-b,3.725,0.0
C_SWAPPED,swapped,fly-a,3.7333333333333334,0.0
C_SWAPPED,swapped,fly-b,3.7333333333333334,0.0
C_SWAPPED,swapped,fly-a,3.7416666666666667,0.0
C_SWAPPED,swapped,fly-b,3.7416666666666667,0.0
C_SWAPPED,swapped,fly-a,3.75,0.0
C_SWAPPED,swapped,fly-b,3.75,0.0
C_SWAPPED,swapped,fly-a,3.7583333333333333,0.0
C_SWAPPED,swapped,fly-b,3.7583333333333333,0.0
C_SWAPPED,swapped,fly-a,3.7666666666666666,0.0
C_SWAPPED,swapped,fly-b,3.7666666666666666,0.0
C_SWAPPED,swapped,fly-a,3.775,0.0
C_SWAPPED,swapped,fly-b,3.775,0.0
C_SWAPPED,swapped,fly-a,3.783333333333333,0.0
C_SWAPPED,swapped,fly-b,3.783333333333333,0.0
C_SWAPPED,swapped,fly-a,3.7916666666666665,0.0
C_SWAPPED,swapped,fly-b,3.7916666666666665,0.0
C_SWAPPED,swapped,fly-a,3.8,0.0
C_SWAPPED,swapped,fly-b,3.8,0.0
C_SWAPPED,swapped,fly-a,3.808333333333333,0.0
C_SWAPPED,swapped,fly-b,3.808333333333333,0.0
C_SWAPPED,swapped,fly-a,3.8166666666666664,0.0
C_SWAPPED,swapped,fly-b,3.8166666666666664,0.0
C_SWAPPED,swapped,fly-a,3.8249999999999997,0.0
C_SWAPPED,swapped,fly-b,3.8249999999999997,0.0
C_SWAPPED,swapped,fly-a,3.8333333333333335,0.0
C_SWAPPED,swapped,fly-b,3.8333333333333335,0.0
C_SWAPPED,swapped,fly-a,3.841666666666667,0.0
C_SWAPPED,swapped,fly-b,3.841666666666667,0.0
C_SWAPPED,swapped,fly-a,3.85,0.0
C_SWAPPED,swapped,fly-b,3.85,0.0
C_SWAPPED,swapped,fly-a,3.8583333333333334,0.0
C_SWAPPED,swapped,fly-b,3.8583333333333334,0.0
C_SWAPPED,swapped,fly-a,3.8666666666666667,0.0
C_SWAPPED,swapped,fly-b,3.8666666666666667,0.0
C_SWAPPED,swapped,fly-a,3.875,0.0
C_SWAPPED,swapped,fly-b,3.875,0.0
C_SWAPPED,swapped,fly-a,3.8833333333333333,0.0
C_SWAPPED,swapped,fly-b,3.8833333333333333,0.0
C_SWAPPED,swapped,fly-a,3.8916666666666666,0.0
C_SWAPPED,swapped,fly-b,3.8916666666666666,0.0
C_SWAPPED,swapped,fly-a,3.9,0.0
C_SWAPPED,swapped,fly-b,3.9,0.0
C_SWAPPED,swapped,fly-a,3.908333333333333,0.0
C_SWAPPED,swapped,fly-b,3.908333333333333,0.0
C_SWAPPED,swapped,fly-a,3.9166666666666665,0.0
C_SWAPPED,swapped,fly-b,3.9166666666666665,0.0
C_SWAPPED,swapped,fly-a,3.925,0.0
C_SWAPPED,swapped,fly-b,3.925,0.0
C_SWAPPED,swapped,fly-a,3.933333333333333,0.0
C_SWAPPED,swapped,fly-b,3.933333333333333,0.0
C_SWAPPED,swapped,fly-a,3.9416666666666664,0.0
C_SWAPPED,swapped,fly-b,3.9416666666666664,0.0
C_SWAPPED,swapped,fly-a,3.9499999999999997,0.0
C_SWAPPED,swapped,fly-b,3.9499999999999997,0.0
C_SWAPPED,swapped,fly-a,3.9583333333333335,0.0
C_SWAPPED,swapped,fly-b,3.9583333333333335,0.0
C_SWAPPED,swapped,fly-a,3.966666666666667,0.0
C_SWAPPED,swapped,fly-b,3.966666666666667,0.0
C_SWAPPED,swapped,fly-a,3.975,0.0
C_SWAPPED,swapped,fly-b,3.975,0.0
C_SWAPPED,swapped,fly-a,3.9833333333333334,0.0
C_SWAPPED,swapped,fly-b,3.9833333333333334,0.0
C_SWAPPED,swapped,fly-a,3.9916666666666667,0.0
C_SWAPPED,swapped,fly-b,3.9916666666666667,0.0
C_SWAPPED,swapped,fly-a,4.0,0.0
C_SWAPPED,swapped,fly-b,4.0,0.0
C_SWAPPED,swapped,fly-a,4.008333333333333,0.0
C_SWAPPED,swapped,fly-b,4.008333333333333,0.0
C_SWAPPED,swapped,fly-a,4.016666666666667,0.0
C_SWAPPED,swapped,fly-b,4.016666666666667,0.0
C_SWAPPED,swapped,fly-a,4.025,0.0
C_SWAPPED,swapped,fly-b,4.025,0.0
C_SWAPPED,swapped,fly-a,4.033333333333333,0.0
C_SWAPPED,swapped,fly-b,4.033333333333333,0.0
C_SWAPPED,swapped,fly-a,4.041666666666667,0.0
C_SWAPPED,swapped,fly-b,4.041666666666667,0.0
C_SWAPPED,swapped,fly-a,4.05,0.0
C_SWAPPED,swapped,fly-b,4.05,0.0
C_SWAPPED,swapped,fly-a,4.058333333333334,0.0
C_SWAPPED,swapped,fly-b,4.058333333333334,0.0
C_SWAPPED,swapped,fly-a,4.066666666666666,0.0
C_SWAPPED,swapped,fly-b,4.066666666666666,0.0
C_SWAPPED,swapped,fly-a,4.075,0.0
C_SWAPPED,swapped,fly-b,4.075,0.0
C_SWAPPED,swapped,fly-a,4.083333333333333,0.0
C_SWAPPED,swapped,fly-b,4.083333333333333,0.0
C_SWAPPED,swapped,fly-a,4.091666666666667,0.0
C_SWAPPED,swapped,fly-b,4.091666666666667,0.0
C_SWAPPED,swapped,fly-a,4.1,0.0
C_SWAPPED,swapped,fly-b,4.1,0.0
C_SWAPPED,swapped,fly-a,4.108333333333333,0.0
C_SWAPPED,swapped,fly-b,4.108333333333333,0.0
C_SWAPPED,swapped,fly-a,4.116666666666666,0.0
C_SWAPPED,swapped,fly-b,4.116666666666666,0.0
C_SWAPPED,swapped,fly-a,4.125,0.0
C_SWAPPED,swapped,fly-b,4.125,0.0
C_SWAPPED,swapped,fly-a,4.133333333333333,0.0
C_SWAPPED,swapped,fly-b,4.133333333333333,0.0
C_SWAPPED,swapped,fly-a,4.141666666666667,0.0
C_SWAPPED,swapped,fly-b,4.141666666666667,0.0
C_SWAPPED,swapped,fly-a,4.15,0.0
C_SWAPPED,swapped,fly-b,4.15,0.0
C_SWAPPED,swapped,fly-a,4.158333333333333,0.0
C_SWAPPED,swapped,fly-b,4.158333333333333,0.0
C_SWAPPED,swapped,fly-a,4.166666666666667,0.0
C_SWAPPED,swapped,fly-b,4.166666666666667,0.0
C_SWAPPED,swapped,fly-a,4.175,0.0
C_SWAPPED,swapped,fly-b,4.175,0.0
C_SWAPPED,swapped,fly-a,4.183333333333334,0.0
C_SWAPPED,swapped,fly-b,4.183333333333334,0.0
C_SWAPPED,swapped,fly-a,4.191666666666666,0.0
C_SWAPPED,swapped,fly-b,4.191666666666666,0.0
C_SWAPPED,swapped,fly-a,4.2,0.0
C_SWAPPED,swapped,fly-b,4.2,0.0
C_SWAPPED,swapped,fly-a,4.208333333333333,0.0
C_SWAPPED,swapped,fly-b,4.208333333333333,0.0
C_SWAPPED,swapped,fly-a,4.216666666666667,0.0
C_SWAPPED,swapped,fly-b,4.216666666666667,0.0
C_SWAPPED,swapped,fly-a,4.225,0.0
C_SWAPPED,swapped,fly-b,4.225,0.0
C_SWAPPED,swapped,fly-a,4.233333333333333,0.0
C_SWAPPED,swapped,fly-b,4.233333333333333,0.0
C_SWAPPED,swapped,fly-a,4.241666666666666,0.0
C_SWAPPED,swapped,fly-b,4.241666666666666,0.0
C_SWAPPED,swapped,fly-a,4.25,0.0
C_SWAPPED,swapped,fly-b,4.25,0.0
C_SWAPPED,swapped,fly-a,4.258333333333333,0.0
C_SWAPPED,swapped,fly-b,4.258333333333333,0.0
C_SWAPPED,swapped,fly-a,4.266666666666667,0.0
C_SWAPPED,swapped,fly-b,4.266666666666667,0.0
C_SWAPPED,swapped,fly-a,4.275,0.0
C_SWAPPED,swapped,fly-b,4.275,0.0
C_SWAPPED,swapped,fly-a,4.283333333333333,0.0
C_SWAPPED,swapped,fly-b,4.283333333333333,0.0
C_SWAPPED,swapped,fly-a,4.291666666666667,0.0
C_SWAPPED,swapped,fly-b,4.291666666666667,0.0
C_SWAPPED,swapped,fly-a,4.3,0.0
C_SWAPPED,swapped,fly-b,4.3,0.0
C_SWAPPED,swapped,fly-a,4.308333333333334,0.0
C_SWAPPED,swapped,fly-b,4.308333333333334,0.0
C_SWAPPED,swapped,fly-a,4.316666666666666,0.0
C_SWAPPED,swapped,fly-b,4.316666666666666,0.0
C_SWAPPED,swapped,fly-a,4.325,0.0
C_SWAPPED,swapped,fly-b,4.325,0.0
C_SWAPPED,swapped,fly-a,4.333333333333333,0.0
C_SWAPPED,swapped,fly-b,4.333333333333333,0.0
C_SWAPPED,swapped,fly-a,4.341666666666667,0.0
C_SWAPPED,swapped,fly-b,4.341666666666667,0.0
C_SWAPPED,swapped,fly-a,4.35,0.0
C_SWAPPED,swapped,fly-b,4.35,0.0
C_SWAPPED,swapped,fly-a,4.358333333333333,0.0
C_SWAPPED,swapped,fly-b,4.358333333333333,0.0
C_SWAPPED,swapped,fly-a,4.366666666666666,0.0
C_SWAPPED,swapped,fly-b,4.366666666666666,0.0
C_SWAPPED,swapped,fly-a,4.375,0.0
C_SWAPPED,swapped,fly-b,4.375,0.0
C_SWAPPED,swapped,fly-a,4.383333333333333,0.0
C_SWAPPED,swapped,fly-b,4.383333333333333,0.0
C_SWAPPED,swapped,fly-a,4.391666666666667,0.0
C_SWAPPED,swapped,fly-b,4.391666666666667,0.0
C_SWAPPED,swapped,fly-a,4.4,0.0
C_SWAPPED,swapped,fly-b,4.4,0.0
C_SWAPPED,swapped,fly-a,4.408333333333333,0.0
C_SWAPPED,swapped,fly-b,4.408333333333333,0.0
C_SWAPPED,swapped,fly-a,4.416666666666667,0.0
C_SWAPPED,swapped,fly-b,4.416666666666667,0.0
C_SWAPPED,swapped,fly-a,4.425,0.0
C_SWAPPED,swapped,fly-b,4.425,0.0
C_SWAPPED,swapped,fly-a,4.433333333333334,0.0
C_SWAPPED,swapped,fly-b,4.433333333333334,0.0
C_SWAPPED,swapped,fly-a,4.441666666666666,0.0
C_SWAPPED,swapped,fly-b,4.441666666666666,0.0
C_SWAPPED,swapped,fly-a,4.45,0.0
C_SWAPPED,swapped,fly-b,4.45,0.0
C_SWAPPED,swapped,fly-a,4.458333333333333,0.0
C_SWAPPED,swapped,fly-b,4.458333333333333,0.0
C_SWAPPED,swapped,fly-a,4.466666666666667,0.0
C_SWAPPED,swapped,fly-b,4.466666666666667,0.0
C_SWAPPED,swapped,fly-a,4.475,0.0
C_SWAPPED,swapped,fly-b,4.475,0.0
C_SWAPPED,swapped,fly-a,4.483333333333333,0.0
C_SWAPPED,swapped,fly-b,4.483333333333333,0.0
C_SWAPPED,swapped,fly-a,4.491666666666666,0.0
C_SWAPPED,swapped,fly-b,4.491666666666666,0.0
C_SWAPPED,swapped,fly-a,4.5,0.0
C_SWAPPED,swapped,fly-b,4.5,0.0
C_SWAPPED,swapped,fly-a,4.508333333333333,0.0
C_SWAPPED,swapped,fly-b,4.508333333333333,0.0
C_SWAPPED,swapped,fly-a,4.516666666666667,0.0
C_SWAPPED,swapped,fly-b,4.516666666666667,0.0
C_SWAPPED,swapped,fly-a,4.525,0.0
C_SWAPPED,swapped,fly-b,4.525,0.0
C_SWAPPED,swapped,fly-a,4.533333333333333,0.0
C_SWAPPED,swapped,fly-b,4.533333333333333,0.0
C_SWAPPED,swapped,fly-a,4.541666666666667,0.0
C_SWAPPED,swapped,fly-b,4.541666666666667,0.0
C_SWAPPED,swapped,fly-a,4.55,0.0
C_SWAPPED,swapped,fly-b,4.55,0.0
C_SWAPPED,swapped,fly-a,4.558333333333334,0.0
C_SWAPPED,swapped,fly-b,4.558333333333334,0.0
C_SWAPPED,swapped,fly-a,4.566666666666666,0.0
C_SWAPPED,swapped,fly-b,4.566666666666666,0.0
C_SWAPPED,swapped,fly-a,4.575,0.0
C_SWAPPED,swapped,fly-b,4.575,0.0
C_SWAPPED,swapped,fly-a,4.583333333333333,0.0
C_SWAPPED,swapped,fly-b,4.583333333333333,0.0
C_SWAPPED,swapped,fly-a,4.591666666666667,0.0
C_SWAPPED,swapped,fly-b,4.591666666666667,0.0
C_SWAPPED,swapped,fly-a,4.6,0.0
C_SWAPPED,swapped,fly-b,4.6,0.0
C_SWAPPED,swapped,fly-a,4.608333333333333,0.0
C_SWAPPED,swapped,fly-b,4.608333333333333,0.0
C_SWAPPED,swapped,fly-a,4.616666666666666,0.0
C_SWAPPED,swapped,fly-b,4.616666666666666,0.0
C_SWAPPED,swapped,fly-a,4.625,0.0
C_SWAPPED,swapped,fly-b,4.625,0.0
C_SWAPPED,swapped,fly-a,4.633333333333333,0.0
C_SWAPPED,swapped,fly-b,4.633333333333333,0.0
C_SWAPPED,swapped,fly-a,4.641666666666667,0.0
C_SWAPPED,swapped,fly-b,4.641666666666667,0.0
C_SWAPPED,swapped,fly-a,4.65,0.0
C_SWAPPED,swapped,fly-b,4.65,0.0
C_SWAPPED,swapped,fly-a,4.658333333333333,0.0
C_SWAPPED,swapped,fly-b,4.658333333333333,0.0
C_SWAPPED,swapped,fly-a,4.666666666666667,0.0
C_SWAPPED,swapped,fly-b,4.666666666666667,0.0
C_SWAPPED,swapped,fly-a,4.675,0.0
C_SWAPPED,swapped,fly-b,4.675,0.0
C_SWAPPED,swapped,fly-a,4.683333333333334,0.0
C_SWAPPED,swapped,fly-b,4.683333333333334,0.0
C_SWAPPED,swapped,fly-a,4.691666666666666,0.0
C_SWAPPED,swapped,fly-b,4.691666666666666,0.0
C_SWAPPED,swapped,fly-a,4.7,0.0
C_SWAPPED,swapped,fly-b,4.7,0.0
C_SWAPPED,swapped,fly-a,4.708333333333333,0.0
C_SWAPPED,swapped,fly-b,4.708333333333333,0.0
C_SWAPPED,swapped,fly-a,4.716666666666667,0.0
C_SWAPPED,swapped,fly-b,4.716666666666667,0.0
C_SWAPPED,swapped,fly-a,4.725,0.0
C_SWAPPED,swapped,fly-b,4.725,0.0
C_SWAPPED,swapped,fly-a,4.733333333333333,0.0
C_SWAPPED,swapped,fly-b,4.733333333333333,0.0
C_SWAPPED,swapped,fly-a,4.741666666666666,0.0
C_SWAPPED,swapped,fly-b,4.741666666666666,0.0
C_SWAPPED,swapped,fly-a,4.75,0.0
C_SWAPPED,swapped,fly-b,4.75,0.0
C_SWAPPED,swapped,fly-a,4.758333333333333,0.0
C_SWAPPED,swapped,fly-b,4.758333333333333,0.0
C_SWAPPED,swapped,fly-a,4.766666666666667,0.0
C_SWAPPED,swapped,fly-b,4.766666666666667,0.0
C_SWAPPED,swapped,fly-a,4.775,0.0
C_SWAPPED,swapped,fly-b,4.775,0.0
C_SWAPPED,swapped,fly-a,4.783333333333333,0.0
C_SWAPPED,swapped,fly-b,4.783333333333333,0.0
C_SWAPPED,swapped,fly-a,4.791666666666667,0.0
C_SWAPPED,swapped,fly-b,4.791666666666667,0.0
C_SWAPPED,swapped,fly-a,4.8,0.0
C_SWAPPED,swapped,fly-b,4.8,0.0
C_SWAPPED,swapped,fly-a,4.808333333333334,0.0
C_SWAPPED,swapped,fly-b,4.808333333333334,0.0
C_SWAPPED,swapped,fly-a,4.816666666666666,0.0
C_SWAPPED,swapped,fly-b,4.816666666666666,0.0
C_SWAPPED,swapped,fly-a,4.825,0.0
C_SWAPPED,swapped,fly-b,4.825,0.0
C_SWAPPED,swapped,fly-a,4.833333333333333,0.0
C_SWAPPED,swapped,fly-b,4.833333333333333,0.0
C_SWAPPED,swapped,fly-a,4.841666666666667,0.0
C_SWAPPED,swapped,fly-b,4.841666666666667,0.0
C_SWAPPED,swapped,fly-a,4.85,0.0
C_SWAPPED,swapped,fly-b,4.85,0.0
C_SWAPPED,swapped,fly-a,4.858333333333333,0.0
C_SWAPPED,swapped,fly-b,4.858333333333333,0.0
C_SWAPPED,swapped,fly-a,4.866666666666666,0.0
C_SWAPPED,swapped,fly-b,4.866666666666666,0.0
C_SWAPPED,swapped,fly-a,4.875,0.0
C_SWAPPED,swapped,fly-b,4.875,0.0
C_SWAPPED,swapped,fly-a,4.883333333333333,0.0
C_SWAPPED,swapped,fly-b,4.883333333333333,0.0
C_SWAPPED,swapped,fly-a,4.891666666666667,0.0
C_SWAPPED,swapped,fly-b,4.891666666666667,0.0
C_SWAPPED,swapped,fly-a,4.9,0.0
C_SWAPPED,swapped,fly-b,4.9,0.0
C_SWAPPED,swapped,fly-a,4.908333333333333,0.0
C_SWAPPED,swapped,fly-b,4.908333333333333,0.0
C_SWAPPED,swapped,fly-a,4.916666666666667,0.0
C_SWAPPED,swapped,fly-b,4.916666666666667,0.0
C_SWAPPED,swapped,fly-a,4.925,0.0
C_SWAPPED,swapped,fly-b,4.925,0.0
C_SWAPPED,swapped,fly-a,4.933333333333334,0.0
C_SWAPPED,swapped,fly-b,4.933333333333334,0.0
C_SWAPPED,swapped,fly-a,4.941666666666666,0.0
C_SWAPPED,swapped,fly-b,4.941666666666666,0.0
C_SWAPPED,swapped,fly-a,4.95,0.0
C_SWAPPED,swapped,fly-b,4.95,0.0
C_SWAPPED,swapped,fly-a,4.958333333333333,0.0
C_SWAPPED,swapped,fly-b,4.958333333333333,0.0
C_SWAPPED,swapped,fly-a,4.966666666666667,0.0
C_SWAPPED,swapped,fly-b,4.966666666666667,0.0
C_SWAPPED,swapped,fly-a,4.975,0.0
C_SWAPPED,swapped,fly-b,4.975,0.0
C_SWAPPED,swapped,fly-a,4.983333333333333,0.0
C_SWAPPED,swapped,fly-b,4.983333333333333,0.0
C_SWAPPED,swapped,fly-a,4.991666666666666,0.0
C_SWAPPED,swapped,fly-b,4.991666666666666,0.0
C_SWAPPED,swapped,fly-a,5.0,0.0
C_SWAPPED,swapped,fly-b,5.0,0.0
C_SWAPPED,swapped,fly-a,5.008333333333333,0.0
C_SWAPPED,swapped,fly-b,5.008333333333333,0.0
C_SWAPPED,swapped,fly-a,5.016666666666667,0.0
C_SWAPPED,swapped,fly-b,5.016666666666667,0.0
C_SWAPPED,swapped,fly-a,5.025,0.0
C_SWAPPED,swapped,fly-b,5.025,0.0
C_SWAPPED,swapped,fly-a,5.033333333333333,0.0
C_SWAPPED,swapped,fly-b,5.033333333333333,0.0
C_SWAPPED,swapped,fly-a,5.041666666666667,0.0
C_SWAPPED,swapped,fly-b,5.041666666666667,0.0
C_SWAPPED,swapped,fly-a,5.05,0.0
C_SWAPPED,swapped,fly-b,5.05,0.0
C_SWAPPED,swapped,fly-a,5.058333333333334,0.0
C_SWAPPED,swapped,fly-b,5.058333333333334,0.0
C_SWAPPED,swapped,fly-a,5.066666666666666,0.0
C_SWAPPED,swapped,fly-b,5.066666666666666,0.0
C_SWAPPED,swapped,fly-a,5.075,0.0
C_SWAPPED,swapped,fly-b,5.075,0.0
C_SWAPPED,swapped,fly-a,5.083333333333333,0.0
C_SWAPPED,swapped,fly-b,5.083333333333333,0.0
C_SWAPPED,swapped,fly-a,5.091666666666667,0.0
C_SWAPPED,swapped,fly-b,5.091666666666667,0.0
C_SWAPPED,swapped,fly-a,5.1,0.0
C_SWAPPED,swapped,fly-b,5.1,0.0
C_SWAPPED,swapped,fly-a,5.108333333333333,0.0
C_SWAPPED,swapped,fly-b,5.108333333333333,0.0
C_SWAPPED,swapped,fly-a,5.116666666666666,0.0
C_SWAPPED,swapped,fly-b,5.116666666666666,0.0
C_SWAPPED,swapped,fly-a,5.125,0.0
C_SWAPPED,swapped,fly-b,5.125,0.0
C_SWAPPED,swapped,fly-a,5.133333333333333,0.0
C_SWAPPED,swapped,fly-b,5.133333333333333,0.0
C_SWAPPED,swapped,fly-a,5.141666666666667,0.0
C_SWAPPED,swapped,fly-b,5.141666666666667,0.0
C_SWAPPED,swapped,fly-a,5.15,0.0
C_SWAPPED,swapped,fly-b,5.15,0.0
C_SWAPPED,swapped,fly-a,5.158333333333333,0.0
C_SWAPPED,swapped,fly-b,5.158333333333333,0.0
C_SWAPPED,swapped,fly-a,5.166666666666667,0.0
C_SWAPPED,swapped,fly-b,5.166666666666667,0.0
C_SWAPPED,swapped,fly-a,5.175,0.0
C_SWAPPED,swapped,fly-b,5.175,0.0
C_SWAPPED,swapped,fly-a,5.183333333333334,0.0
C_SWAPPED,swapped,fly-b,5.183333333333334,0.0
C_SWAPPED,swapped,fly-a,5.191666666666666,0.0
C_SWAPPED,swapped,fly-b,5.191666666666666,0.0
C_SWAPPED,swapped,fly-a,5.2,0.0
C_SWAPPED,swapped,fly-b,5.2,0.0
C_SWAPPED,swapped,fly-a,5.208333333333333,0.0
C_SWAPPED,swapped,fly-b,5.208333333333333,0.0
C_SWAPPED,swapped,fly-a,5.216666666666667,0.0
C_SWAPPED,swapped,fly-b,5.216666666666667,0.0
C_SWAPPED,swapped,fly-a,5.225,0.0
C_SWAPPED,swapped,fly-b,5.225,0.0
C_SWAPPED,swapped,fly-a,5.233333333333333,0.0
C_SWAPPED,swapped,fly-b,5.233333333333333,0.0
C_SWAPPED,swapped,fly-a,5.241666666666666,0.0
C_SWAPPED,swapped,fly-b,5.241666666666666,0.0
C_SWAPPED,swapped,fly-a,5.25,0.0
C_SWAPPED,swapped,fly-b,5.25,0.0
C_SWAPPED,swapped,fly-a,5.258333333333333,0.0
C_SWAPPED,swapped,fly-b,5.258333333333333,0.0
C_SWAPPED,swapped,fly-a,5.266666666666667,0.0
C_SWAPPED,swapped,fly-b,5.266666666666667,0.0
C_SWAPPED,swapped,fly-a,5.275,0.0
C_SWAPPED,swapped,fly-b,5.275,0.0
C_SWAPPED,swapped,fly-a,5.283333333333333,0.0
C_SWAPPED,swapped,fly-b,5.283333333333333,0.0
C_SWAPPED,swapped,fly-a,5.291666666666667,0.0
C_SWAPPED,swapped,fly-b,5.291666666666667,0.0
C_SWAPPED,swapped,fly-a,5.3,0.0
C_SWAPPED,swapped,fly-b,5.3,0.0
C_SWAPPED,swapped,fly-a,5.308333333333334,0.0
C_SWAPPED,swapped,fly-b,5.308333333333334,0.0
C_SWAPPED,swapped,fly-a,5.316666666666666,0.0
C_SWAPPED,swapped,fly-b,5.316666666666666,0.0
C_SWAPPED,swapped,fly-a,5.325,0.0
C_SWAPPED,swapped,fly-b,5.325,0.0
C_SWAPPED,swapped,fly-a,5.333333333333333,0.0
C_SWAPPED,swapped,fly-b,5.333333333333333,0.0
C_SWAPPED,swapped,fly-a,5.341666666666667,0.0
C_SWAPPED,swapped,fly-b,5.341666666666667,0.0
C_SWAPPED,swapped,fly-a,5.35,0.0
C_SWAPPED,swapped,fly-b,5.35,0.0
C_SWAPPED,swapped,fly-a,5.358333333333333,0.0
C_SWAPPED,swapped,fly-b,5.358333333333333,0.0
C_SWAPPED,swapped,fly-a,5.366666666666666,0.0
C_SWAPPED,swapped,fly-b,5.366666666666666,0.0
C_SWAPPED,swapped,fly-a,5.375,0.0
C_SWAPPED,swapped,fly-b,5.375,0.0
C_SWAPPED,swapped,fly-a,5.383333333333333,0.0
C_SWAPPED,swapped,fly-b,5.383333333333333,0.0
C_SWAPPED,swapped,fly-a,5.391666666666667,0.0
C_SWAPPED,swapped,fly-b,5.391666666666667,0.0
C_SWAPPED,swapped,fly-a,5.4,0.0
C_SWAPPED,swapped,fly-b,5.4,0.0
C_SWAPPED,swapped,fly-a,5.408333333333333,0.0
C_SWAPPED,swapped,fly-b,5.408333333333333,0.0
C_SWAPPED,swapped,fly-a,5.416666666666667,0.0
C_SWAPPED,swapped,fly-b,5.416666666666667,0.0
C_SWAPPED,swapped,fly-a,5.425,0.0
C_SWAPPED,swapped,fly-b,5.425,0.0
C_SWAPPED,swapped,fly-a,5.433333333333334,0.0
C_SWAPPED,swapped,fly-b,5.433333333333334,0.0
C_SWAPPED,swapped,fly-a,5.441666666666666,0.0
C_SWAPPED,swapped,fly-b,5.441666666666666,0.0
C_SWAPPED,swapped,fly-a,5.45,0.0
C_SWAPPED,swapped,fly-b,5.45,0.0
C_SWAPPED,swapped,fly-a,5.458333333333333,0.0
C_SWAPPED,swapped,fly-b,5.458333333333333,0.0
C_SWAPPED,swapped,fly-a,5.466666666666667,0.0
C_SWAPPED,swapped,fly-b,5.466666666666667,0.0
C_SWAPPED,swapped,fly-a,5.475,0.0
C_SWAPPED,swapped,fly-b,5.475,0.0
C_SWAPPED,swapped,fly-a,5.483333333333333,0.0
C_SWAPPED,swapped,fly-b,5.483333333333333,0.0
C_SWAPPED,swapped,fly-a,5.491666666666666,0.0
C_SWAPPED,swapped,fly-b,5.491666666666666,0.0
C_SWAPPED,swapped,fly-a,5.5,0.0
C_SWAPPED,swapped,fly-b,5.5,0.0
C_SWAPPED,swapped,fly-a,5.508333333333333,0.0
C_SWAPPED,swapped,fly-b,5.508333333333333,0.0
C_SWAPPED,swapped,fly-a,5.516666666666667,0.0
C_SWAPPED,swapped,fly-b,5.516666666666667,0.0
C_SWAPPED,swapped,fly-a,5.525,0.0
C_SWAPPED,swapped,fly-b,5.525,0.0
C_SWAPPED,swapped,fly-a,5.533333333333333,0.0
C_SWAPPED,swapped,fly-b,5.533333333333333,0.0
C_SWAPPED,swapped,fly-a,5.541666666666667,0.0
C_SWAPPED,swapped,fly-b,5.541666666666667,0.0
C_SWAPPED,swapped,fly-a,5.55,0.0
C_SWAPPED,swapped,fly-b,5.55,0.0
C_SWAPPED,swapped,fly-a,5.558333333333334,0.0
C_SWAPPED,swapped,fly-b,5.558333333333334,0.0
C_SWAPPED,swapped,fly-a,5.566666666666666,0.0
C_SWAPPED,swapped,fly-b,5.566666666666666,0.0
C_SWAPPED,swapped,fly-a,5.575,0.0
C_SWAPPED,swapped,fly-b,5.575,0.0
C_SWAPPED,swapped,fly-a,5.583333333333333,0.0
C_SWAPPED,swapped,fly-b,5.583333333333333,0.0
C_SWAPPED,swapped,fly-a,5.591666666666667,0.0
C_SWAPPED,swapped,fly-b,5.591666666666667,0.0
C_SWAPPED,swapped,fly-a,5.6,0.0
C_SWAPPED,swapped,fly-b,5.6,0.0
C_SWAPPED,swapped,fly-a,5.608333333333333,0.0
C_SWAPPED,swapped,fly-b,5.608333333333333,0.0
C_SWAPPED,swapped,fly-a,5.616666666666666,0.0
C_SWAPPED,swapped,fly-b,5.616666666666666,0.0
C_SWAPPED,swapped,fly-a,5.625,0.0
C_SWAPPED,swapped,fly-b,5.625,0.0
C_SWAPPED,swapped,fly-a,5.633333333333333,0.0
C_SWAPPED,swapped,fly-b,5.633333333333333,0.0
C_SWAPPED,swapped,fly-a,5.641666666666667,0.0
C_SWAPPED,swapped,fly-b,5.641666666666667,0.0
C_SWAPPED,swapped,fly-a,5.65,0.0
C_SWAPPED,swapped,fly-b,5.65,0.0
C_SWAPPED,swapped,fly-a,5.658333333333333,0.0
C_SWAPPED,swapped,fly-b,5.658333333333333,0.0
C_SWAPPED,swapped,fly-a,5.666666666666667,0.0
C_SWAPPED,swapped,fly-b,5.666666666666667,0.0
C_SWAPPED,swapped,fly-a,5.675,0.0
C_SWAPPED,swapped,fly-b,5.675,0.0
C_SWAPPED,swapped,fly-a,5.683333333333334,0.0
C_SWAPPED,swapped,fly-b,5.683333333333334,0.0
C_SWAPPED,swapped,fly-a,5.691666666666666,0.0
C_SWAPPED,swapped,fly-b,5.691666666666666,0.0
C_SWAPPED,swapped,fly-a,5.7,0.0
C_SWAPPED,swapped,fly-b,5.7,0.0
C_SWAPPED,swapped,fly-a,5.708333333333333,0.0
C_SWAPPED,swapped,fly-b,5.708333333333333,0.0
C_SWAPPED,swapped,fly-a,5.716666666666667,0.0
C_SWAPPED,swapped,fly-b,5.716666666666667,0.0
C_SWAPPED,swapped,fly-a,5.725,0.0
C_SWAPPED,swapped,fly-b,5.725,0.0
C_SWAPPED,swapped,fly-a,5.733333333333333,0.0
C_SWAPPED,swapped,fly-b,5.733333333333333,0.0
C_SWAPPED,swapped,fly-a,5.741666666666666,0.0
C_SWAPPED,swapped,fly-b,5.741666666666666,0.0
C_SWAPPED,swapped,fly-a,5.75,0.0
C_SWAPPED,swapped,fly-b,5.75,0.0
C_SWAPPED,swapped,fly-a,5.758333333333333,0.0
C_SWAPPED,swapped,fly-b,5.758333333333333,0.0
C_SWAPPED,swapped,fly-a,5.766666666666667,0.0
C_SWAPPED,swapped,fly-b,5.766666666666667,0.0
C_SWAPPED,swapped,fly-a,5.775,0.0
C_SWAPPED,swapped,fly-b,5.775,0.0
C_SWAPPED,swapped,fly-a,5.783333333333333,0.0
C_SWAPPED,swapped,fly-b,5.783333333333333,0.0
C_SWAPPED,swapped,fly-a,5.791666666666667,0.0
C_SWAPPED,swapped,fly-b,5.791666666666667,0.0
C_SWAPPED,swapped,fly-a,5.8,0.0
C_SWAPPED,swapped,fly-b,5.8,0.0
C_SWAPPED,swapped,fly-a,5.808333333333334,0.0
C_SWAPPED,swapped,fly-b,5.808333333333334,0.0
C_SWAPPED,swapped,fly-a,5.816666666666666,0.0
C_SWAPPED,swapped,fly-b,5.816666666666666,0.0
C_SWAPPED,swapped,fly-a,5.825,0.0
C_SWAPPED,swapped,fly-b,5.825,0.0
C_SWAPPED,swapped,fly-a,5.833333333333333,0.0
C_SWAPPED,swapped,fly-b,5.833333333333333,0.0
C_SWAPPED,swapped,fly-a,5.841666666666667,0.0
C_SWAPPED,swapped,fly-b,5.841666666666667,0.0
C_SWAPPED,swapped,fly-a,5.85,0.0
C_SWAPPED,swapped,fly-b,5.85,0.0
C_SWAPPED,swapped,fly-a,5.858333333333333,0.0
C_SWAPPED,swapped,fly-b,5.858333333333333,0.0
C_SWAPPED,swapped,fly-a,5.866666666666666,0.0
C_SWAPPED,swapped,fly-b,5.866666666666666,0.0
C_SWAPPED,swapped,fly-a,5.875,0.0
C_SWAPPED,swapped,fly-b,5.875,0.0
C_SWAPPED,swapped,fly-a,5.883333333333333,0.0
C_SWAPPED,swapped,fly-b,5.883333333333333,0.0
C_SWAPPED,swapped,fly-a,5.891666666666667,0.0
C_SWAPPED,swapped,fly-b,5.891666666666667,0.0
C_SWAPPED,swapped,fly-a,5.9,0.0
C_SWAPPED,swapped,fly-b,5.9,0.0
C_SWAPPED,swapped,fly-a,5.908333333333333,0.0
C_SWAPPED,swapped,fly-b,5.908333333333333,0.0
C_SWAPPED,swapped,fly-a,5.916666666666667,0.0
C_SWAPPED,swapped,fly-b,5.916666666666667,0.0
C_SWAPPED,swapped,fly-a,5.925,0.0
C_SWAPPED,swapped,fly-b,5.925,0.0
C_SWAPPED,swapped,fly-a,5.933333333333334,0.0
C_SWAPPED,swapped,fly-b,5.933333333333334,0.0
C_SWAPPED,swapped,fly-a,5.941666666666666,0.0
C_SWAPPED,swapped,fly-b,5.941666666666666,0.0
C_SWAPPED,swapped,fly-a,5.95,0.0
C_SWAPPED,swapped,fly-b,5.95,0.0
C_SWAPPED,swapped,fly-a,5.958333333333333,0.0
C_SWAPPED,swapped,fly-b,5.958333333333333,0.0
C_SWAPPED,swapped,fly-a,5.966666666666667,0.0
C_SWAPPED,swapped,fly-b,5.966666666666667,0.0
C_SWAPPED,swapped,fly-a,5.975,0.0
C_SWAPPED,swapped,fly-b,5.975,0.0
C_SWAPPED,swapped,fly-a,5.983333333333333,0.0
C_SWAPPED,swapped,fly-b,5.983333333333333,0.0
C_SWAPPED,swapped,fly-a,5.991666666666666,0.0
C_SWAPPED,swapped,fly-b,5.991666666666666,0.0
C_SWAPPED,swapped,fly-a,6.0,0.0
C_SWAPPED,swapped,fly-b,6.0,0.0
C_SWAPPED,swapped,fly-a,6.008333333333333,0.0
C_SWAPPED,swapped,fly-b,6.008333333333333,0.0
C_SWAPPED,swapped,fly-a,6.016666666666667,0.0
C_SWAPPED,swapped,fly-b,6.016666666666667,0.0
C_SWAPPED,swapped,fly-a,6.025,0.0
C_SWAPPED,swapped,fly-b,6.025,0.0
C_SWAPPED,swapped,fly-a,6.033333333333333,0.0
C_SWAPPED,swapped,fly-b,6.033333333333333,0.0
C_SWAPPED,swapped,fly-a,6.041666666666667,0.0
C_SWAPPED,swapped,fly-b,6.041666666666667,0.0
C_SWAPPED,swapped,fly-a,6.05,0.0
C_SWAPPED,swapped,fly-b,6.05,0.0
C_SWAPPED,swapped,fly-a,6.058333333333334,0.0
C_SWAPPED,swapped,fly-b,6.058333333333334,0.0
C_SWAPPED,swapped,fly-a,6.066666666666666,0.0
C_SWAPPED,swapped,fly-b,6.066666666666666,0.0
C_SWAPPED,swapped,fly-a,6.075,0.0
C_SWAPPED,swapped,fly-b,6.075,0.0
C_SWAPPED,swapped,fly-a,6.083333333333333,0.0
C_SWAPPED,swapped,fly-b,6.083333333333333,0.0
C_SWAPPED,swapped,fly-a,6.091666666666667,0.0
C_SWAPPED,swapped,fly-b,6.091666666666667,0.0
C_SWAPPED,swapped,fly-a,6.1,0.0
C_SWAPPED,swapped,fly-b,6.1,0.0
C_SWAPPED,swapped,fly-a,6.108333333333333,0.0
C_SWAPPED,swapped,fly-b,6.108333333333333,0.0
C_SWAPPED,swapped,fly-a,6.116666666666666,0.0
C_SWAPPED,swapped,fly-b,6.116666666666666,0.0
C_SWAPPED,swapped,fly-a,6.125,0.0
C_SWAPPED,swapped,fly-b,6.125,0.0
C_SWAPPED,swapped,fly-a,6.133333333333333,0.0
C_SWAPPED,swapped,fly-b,6.133333333333333,0.0
C_SWAPPED,swapped,fly-a,6.141666666666667,0.0
C_SWAPPED,swapped,fly-b,6.141666666666667,0.0
C_SWAPPED,swapped,fly-a,6.15,0.0
C_SWAPPED,swapped,fly-b,6.15,0.0
C_SWAPPED,swapped,fly-a,6.158333333333333,0.0
C_SWAPPED,swapped,fly-b,6.158333333333333,0.0
C_SWAPPED,swapped,fly-a,6.166666666666667,0.0
C_SWAPPED,swapped,fly-b,6.166666666666667,0.0
C_SWAPPED,swapped,fly-a,6.175,0.0
C_SWAPPED,swapped,fly-b,6.175,0.0
C_SWAPPED,swapped,fly-a,6.183333333333334,0.0
C_SWAPPED,swapped,fly-b,6.183333333333334,0.0
C_SWAPPED,swapped,fly-a,6.191666666666666,0.0
C_SWAPPED,swapped,fly-b,6.191666666666666,0.0
C_SWAPPED,swapped,fly-a,6.2,0.0
C_SWAPPED,swapped,fly-b,6.2,0.0
C_SWAPPED,swapped,fly-a,6.208333333333333,0.0
C_SWAPPED,swapped,fly-b,6.208333333333333,0.0
C_SWAPPED,swapped,fly-a,6.216666666666667,0.0
C_SWAPPED,swapped,fly-b,6.216666666666667,0.0
C_SWAPPED,swapped,fly-a,6.225,0.0
C_SWAPPED,swapped,fly-b,6.225,0.0
C_SWAPPED,swapped,fly-a,6.233333333333333,0.0
C_SWAPPED,swapped,fly-b,6.233333333333333,0.0
C_SWAPPED,swapped,fly-a,6.241666666666666,0.0
C_SWAPPED,swapped,fly-b,6.241666666666666,0.0
C_SWAPPED,swapped,fly-a,6.25,0.0
C_SWAPPED,swapped,fly-b,6.25,0.0
C_SWAPPED,swapped,fly-a,6.258333333333333,0.0
C_SWAPPED,swapped,fly-b,6.258333333333333,0.0
C_SWAPPED,swapped,fly-a,6.266666666666667,0.0
C_SWAPPED,swapped,fly-b,6.266666666666667,0.0
C_SWAPPED,swapped,fly-a,6.275,0.0
C_SWAPPED,swapped,fly-b,6.275,0.0
C_SWAPPED,swapped,fly-a,6.283333333333333,0.0
C_SWAPPED,swapped,fly-b,6.283333333333333,0.0
C_SWAPPED,swapped,fly-a,6.291666666666667,0.0
C_SWAPPED,swapped,fly-b,6.291666666666667,0.0
C_SWAPPED,swapped,fly-a,6.3,0.0
C_SWAPPED,swapped,fly-b,6.3,0.0
C_SWAPPED,swapped,fly-a,6.308333333333334,0.0
C_SWAPPED,swapped,fly-b,6.308333333333334,0.0
C_SWAPPED,swapped,fly-a,6.316666666666666,0.0
C_SWAPPED,swapped,fly-b,6.316666666666666,0.0
C_SWAPPED,swapped,fly-a,6.325,0.0
C_SWAPPED,swapped,fly-b,6.325,0.0
C_SWAPPED,swapped,fly-a,6.333333333333333,0.0
C_SWAPPED,swapped,fly-b,6.333333333333333,0.0
C_SWAPPED,swapped,fly-a,6.341666666666667,0.0
C_SWAPPED,swapped,fly-b,6.341666666666667,0.0
C_SWAPPED,swapped,fly-a,6.35,0.0
C_SWAPPED,swapped,fly-b,6.35,0.0
C_SWAPPED,swapped,fly-a,6.358333333333333,0.0
C_SWAPPED,swapped,fly-b,6.358333333333333,0.0
C_SWAPPED,swapped,fly-a,6.366666666666666,0.0
C_SWAPPED,swapped,fly-b,6.366666666666666,0.0
C_SWAPPED,swapped,fly-a,6.375,0.0
C_SWAPPED,swapped,fly-b,6.375,0.0
C_SWAPPED,swapped,fly-a,6.383333333333333,0.0
C_SWAPPED,swapped,fly-b,6.383333333333333,0.0
C_SWAPPED,swapped,fly-a,6.391666666666667,0.0
C_SWAPPED,swapped,fly-b,6.391666666666667,0.0
C_SWAPPED,swapped,fly-a,6.4,0.0
C_SWAPPED,swapped,fly-b,6.4,0.0
C_SWAPPED,swapped,fly-a,6.408333333333333,0.0
C_SWAPPED,swapped,fly-b,6.408333333333333,0.0
C_SWAPPED,swapped,fly-a,6.416666666666667,0.0
C_SWAPPED,swapped,fly-b,6.416666666666667,0.0
C_SWAPPED,swapped,fly-a,6.425,0.0
C_SWAPPED,swapped,fly-b,6.425,0.0
C_SWAPPED,swapped,fly-a,6.433333333333334,0.0
C_SWAPPED,swapped,fly-b,6.433333333333334,0.0
C_SWAPPED,swapped,fly-a,6.441666666666666,0.0
C_SWAPPED,swapped,fly-b,6.441666666666666,0.0
C_SWAPPED,swapped,fly-a,6.45,0.0
C_SWAPPED,swapped,fly-b,6.45,0.0
C_SWAPPED,swapped,fly-a,6.458333333333333,0.0
C_SWAPPED,swapped,fly-b,6.458333333333333,0.0
C_SWAPPED,swapped,fly-a,6.466666666666667,0.0
C_SWAPPED,swapped,fly-b,6.466666666666667,0.0
C_SWAPPED,swapped,fly-a,6.475,0.0
C_SWAPPED,swapped,fly-b,6.475,0.0
C_SWAPPED,swapped,fly-a,6.483333333333333,0.0
C_SWAPPED,swapped,fly-b,6.483333333333333,0.0
C_SWAPPED,swapped,fly-a,6.491666666666666,0.0
C_SWAPPED,swapped,fly-b,6.491666666666666,0.0
C_SWAPPED,swapped,fly-a,6.5,0.0
C_SWAPPED,swapped,fly-b,6.5,0.0
C_SWAPPED,swapped,fly-a,6.508333333333333,0.0
C_SWAPPED,swapped,fly-b,6.508333333333333,0.0
C_SWAPPED,swapped,fly-a,6.516666666666667,0.0
C_SWAPPED,swapped,fly-b,6.516666666666667,0.0
C_SWAPPED,swapped,fly-a,6.5249999999999995,0.0
C_SWAPPED,swapped,fly-b,6.5249999999999995,0.0
C_SWAPPED,swapped,fly-a,6.533333333333333,0.0
C_SWAPPED,swapped,fly-b,6.533333333333333,0.0
C_SWAPPED,swapped,fly-a,6.541666666666667,0.0
C_SWAPPED,swapped,fly-b,6.541666666666667,0.0
C_SWAPPED,swapped,fly-a,6.55,0.0
C_SWAPPED,swapped,fly-b,6.55,0.0
C_SWAPPED,swapped,fly-a,6.558333333333334,0.0
C_SWAPPED,swapped,fly-b,6.558333333333334,0.0
C_SWAPPED,swapped,fly-a,6.566666666666666,0.0
C_SWAPPED,swapped,fly-b,6.566666666666666,0.0
C_SWAPPED,swapped,fly-a,6.575,0.0
C_SWAPPED,swapped,fly-b,6.575,0.0
C_SWAPPED,swapped,fly-a,6.583333333333333,0.0
C_SWAPPED,swapped,fly-b,6.583333333333333,0.0
C_SWAPPED,swapped,fly-a,6.591666666666667,0.0
C_SWAPPED,swapped,fly-b,6.591666666666667,0.0
C_SWAPPED,swapped,fly-a,6.6,0.0
C_SWAPPED,swapped,fly-b,6.6,0.0
C_SWAPPED,swapped,fly-a,6.608333333333333,0.0
C_SWAPPED,swapped,fly-b,6.608333333333333,0.0
C_SWAPPED,swapped,fly-a,6.616666666666666,0.0
C_SWAPPED,swapped,fly-b,6.616666666666666,0.0
C_SWAPPED,swapped,fly-a,6.625,0.0
C_SWAPPED,swapped,fly-b,6.625,0.0
C_SWAPPED,swapped,fly-a,6.633333333333333,0.0
C_SWAPPED,swapped,fly-b,6.633333333333333,0.0
C_SWAPPED,swapped,fly-a,6.641666666666667,0.0
C_SWAPPED,swapped,fly-b,6.641666666666667,0.0
C_SWAPPED,swapped,fly-a,6.6499999999999995,0.0
C_SWAPPED,swapped,fly-b,6.6499999999999995,0.0
C_SWAPPED,swapped,fly-a,6.658333333333333,0.0
C_SWAPPED,swapped,fly-b,6.658333333333333,0.0
C_SWAPPED,swapped,fly-a,6.666666666666667,0.0
C_SWAPPED,swapped,fly-b,6.666666666666667,0.0
C_SWAPPED,swapped,fly-a,6.675,0.0
C_SWAPPED,swapped,fly-b,6.675,0.0
C_SWAPPED,swapped,fly-a,6.683333333333334,0.0
C_SWAPPED,swapped,fly-b,6.683333333333334,0.0
C_SWAPPED,swapped,fly-a,6.691666666666666,0.0
C_SWAPPED,swapped,fly-b,6.691666666666666,0.0
C_SWAPPED,swapped,fly-a,6.7,0.0
C_SWAPPED,swapped,fly-b,6.7,0.0
C_SWAPPED,swapped,fly-a,6.708333333333333,0.0
C_SWAPPED,swapped,fly-b,6.708333333333333,0.0
C_SWAPPED,swapped,fly-a,6.716666666666667,0.0
C_SWAPPED,swapped,fly-b,6.716666666666667,0.0
C_SWAPPED,swapped,fly-a,6.725,0.0
C_SWAPPED,swapped,fly-b,6.725,0.0
C_SWAPPED,swapped,fly-a,6.733333333333333,0.0
C_SWAPPED,swapped,fly-b,6.733333333333333,0.0
C_SWAPPED,swapped,fly-a,6.741666666666666,0.0
C_SWAPPED,swapped,fly-b,6.741666666666666,0.0
C_SWAPPED,swapped,fly-a,6.75,0.0
C_SWAPPED,swapped,fly-b,6.75,0.0
C_SWAPPED,swapped,fly-a,6.758333333333333,0.0
C_SWAPPED,swapped,fly-b,6.758333333333333,0.0
C_SWAPPED,swapped,fly-a,6.766666666666667,0.0
C_SWAPPED,swapped,fly-b,6.766666666666667,0.0
C_SWAPPED,swapped,fly-a,6.7749999999999995,0.0
C_SWAPPED,swapped,fly-b,6.7749999999999995,0.0
C_SWAPPED,swapped,fly-a,6.783333333333333,0.0
C_SWAPPED,swapped,fly-b,6.783333333333333,0.0
C_SWAPPED,swapped,fly-a,6.791666666666667,0.0
C_SWAPPED,swapped,fly-b,6.791666666666667,0.0
C_SWAPPED,swapped,fly-a,6.8,0.0
C_SWAPPED,swapped,fly-b,6.8,0.0
C_SWAPPED,swapped,fly-a,6.808333333333334,0.0
C_SWAPPED,swapped,fly-b,6.808333333333334,0.0
C_SWAPPED,swapped,fly-a,6.816666666666666,0.0
C_SWAPPED,swapped,fly-b,6.816666666666666,0.0
C_SWAPPED,swapped,fly-a,6.825,0.0
C_SWAPPED,swapped,fly-b,6.825,0.0
C_SWAPPED,swapped,fly-a,6.833333333333333,0.0
C_SWAPPED,swapped,fly-b,6.833333333333333,0.0
C_SWAPPED,swapped,fly-a,6.841666666666667,0.0
C_SWAPPED,swapped,fly-b,6.841666666666667,0.0
C_SWAPPED,swapped,fly-a,6.85,0.0
C_SWAPPED,swapped,fly-b,6.85,0.0
C_SWAPPED,swapped,fly-a,6.858333333333333,0.0
C_SWAPPED,swapped,fly-b,6.858333333333333,0.0
C_SWAPPED,swapped,fly-a,6.866666666666666,0.0
C_SWAPPED,swapped,fly-b,6.866666666666666,0.0
C_SWAPPED,swapped,fly-a,6.875,0.0
C_SWAPPED,swapped,fly-b,6.875,0.0
C_SWAPPED,swapped,fly-a,6.883333333333333,0.0
C_SWAPPED,swapped,fly-b,6.883333333333333,0.0
C_SWAPPED,swapped,fly-a,6.891666666666667,0.0
C_SWAPPED,swapped,fly-b,6.891666666666667,0.0
C_SWAPPED,swapped,fly-a,6.8999999999999995,0.0
C_SWAPPED,swapped,fly-b,6.8999999999999995,0.0
C_SWAPPED,swapped,fly-a,6.908333333333333,0.0
C_SWAPPED,swapped,fly-b,6.908333333333333,0.0
C_SWAPPED,swapped,fly-a,6.916666666666667,0.0
C_SWAPPED,swapped,fly-b,6.916666666666667,0.0
C_SWAPPED,swapped,fly-a,6.925,0.0
C_SWAPPED,swapped,fly-b,6.925,0.0
C_SWAPPED,swapped,fly-a,6.933333333333334,0.0
C_SWAPPED,swapped,fly-b,6.933333333333334,0.0
C_SWAPPED,swapped,fly-a,6.941666666666666,0.0
C_SWAPPED,swapped,fly-b,6.941666666666666,0.0
C_SWAPPED,swapped,fly-a,6.95,0.0
C_SWAPPED,swapped,fly-b,6.95,0.0
C_SWAPPED,swapped,fly-a,6.958333333333333,0.0
C_SWAPPED,swapped,fly-b,6.958333333333333,0.0
C_SWAPPED,swapped,fly-a,6.966666666666667,0.0
C_SWAPPED,swapped,fly-b,6.966666666666667,0.0
C_SWAPPED,swapped,fly-a,6.975,0.0
C_SWAPPED,swapped,fly-b,6.975,0.0
C_SWAPPED,swapped,fly-a,6.983333333333333,0.0
C_SWAPPED,swapped,fly-b,6.983333333333333,0.0
C_SWAPPED,swapped,fly-a,6.991666666666666,0.0
C_SWAPPED,swapped,fly-b,6.991666666666666,0.0
C_SWAPPED,swapped,fly-a,7.0,0.0
C_SWAPPED,swapped,fly-b,7.0,0.0
C_SWAPPED,swapped,fly-a,7.008333333333333,0.0
C_SWAPPED,swapped,fly-b,7.008333333333333,0.0
C_SWAPPED,swapped,fly-a,7.016666666666667,0.0
C_SWAPPED,swapped,fly-b,7.016666666666667,0.0
C_SWAPPED,swapped,fly-a,7.0249999999999995,0.0
C_SWAPPED,swapped,fly-b,7.0249999999999995,0.0
C_SWAPPED,swapped,fly-a,7.033333333333333,0.0
C_SWAPPED,swapped,fly-b,7.033333333333333,0.0
C_SWAPPED,swapped,fly-a,7.041666666666667,0.0
C_SWAPPED,swapped,fly-b,7.041666666666667,0.0
C_SWAPPED,swapped,fly-a,7.05,0.0
C_SWAPPED,swapped,fly-b,7.05,0.0
C_SWAPPED,swapped,fly-a,7.058333333333334,0.0
C_SWAPPED,swapped,fly-b,7.058333333333334,0.0
C_SWAPPED,swapped,fly-a,7.066666666666666,0.0
C_SWAPPED,swapped,fly-b,7.066666666666666,0.0
C_SWAPPED,swapped,fly-a,7.075,0.0
C_SWAPPED,swapped,fly-b,7.075,0.0
C_SWAPPED,swapped,fly-a,7.083333333333333,0.0
C_SWAPPED,swapped,fly-b,7.083333333333333,0.0
C_SWAPPED,swapped,fly-a,7.091666666666667,0.0
C_SWAPPED,swapped,fly-b,7.091666666666667,0.0
C_SWAPPED,swapped,fly-a,7.1,0.0
C_SWAPPED,swapped,fly-b,7.1,0.0
C_SWAPPED,swapped,fly-a,7.108333333333333,0.0
C_SWAPPED,swapped,fly-b,7.108333333333333,0.0
C_SWAPPED,swapped,fly-a,7.116666666666666,0.0
C_SWAPPED,swapped,fly-b,7.116666666666666,0.0
C_SWAPPED,swapped,fly-a,7.125,0.0
C_SWAPPED,swapped,fly-b,7.125,0.0
C_SWAPPED,swapped,fly-a,7.133333333333333,0.0
C_SWAPPED,swapped,fly-b,7.133333333333333,0.0
C_SWAPPED,swapped,fly-a,7.141666666666667,0.0
C_SWAPPED,swapped,fly-b,7.141666666666667,0.0
C_SWAPPED,swapped,fly-a,7.1499999999999995,0.0
C_SWAPPED,swapped,fly-b,7.1499999999999995,0.0
C_SWAPPED,swapped,fly-a,7.158333333333333,0.0
C_SWAPPED,swapped,fly-b,7.158333333333333,0.0
C_SWAPPED,swapped,fly-a,7.166666666666667,0.0
C_SWAPPED,swapped,fly-b,7.166666666666667,0.0
C_SWAPPED,swapped,fly-a,7.175,0.0
C_SWAPPED,swapped,fly-b,7.175,0.0
C_SWAPPED,swapped,fly-a,7.183333333333334,0.0
C_SWAPPED,swapped,fly-b,7.183333333333334,0.0
C_SWAPPED,swapped,fly-a,7.191666666666666,0.0
C_SWAPPED,swapped,fly-b,7.191666666666666,0.0
C_SWAPPED,swapped,fly-a,7.2,0.0
C_SWAPPED,swapped,fly-b,7.2,0.0
C_SWAPPED,swapped,fly-a,7.208333333333333,0.0
C_SWAPPED,swapped,fly-b,7.208333333333333,0.0
C_SWAPPED,swapped,fly-a,7.216666666666667,0.0
C_SWAPPED,swapped,fly-b,7.216666666666667,0.0
C_SWAPPED,swapped,fly-a,7.225,0.0
C_SWAPPED,swapped,fly-b,7.225,0.0
C_SWAPPED,swapped,fly-a,7.233333333333333,0.0
C_SWAPPED,swapped,fly-b,7.233333333333333,0.0
C_SWAPPED,swapped,fly-a,7.241666666666666,0.0
C_SWAPPED,swapped,fly-b,7.241666666666666,0.0
C_SWAPPED,swapped,fly-a,7.25,0.0
C_SWAPPED,swapped,fly-b,7.25,0.0
C_SWAPPED,swapped,fly-a,7.258333333333333,0.0
C_SWAPPED,swapped,fly-b,7.258333333333333,0.0
C_SWAPPED,swapped,fly-a,7.266666666666667,0.0
C_SWAPPED,swapped,fly-b,7.266666666666667,0.0
C_SWAPPED,swapped,fly-a,7.2749999999999995,0.0
C_SWAPPED,swapped,fly-b,7.2749999999999995,0.0
C_SWAPPED,swapped,fly-a,7.283333333333333,0.0
C_SWAPPED,swapped,fly-b,7.283333333333333,0.0
C_SWAPPED,swapped,fly-a,7.291666666666667,0.0
C_SWAPPED,swapped,fly-b,7.291666666666667,0.0
C_SWAPPED,swapped,fly-a,7.3,0.0
C_SWAPPED,swapped,fly-b,7.3,0.0
C_SWAPPED,swapped,fly-a,7.308333333333334,0.0
C_SWAPPED,swapped,fly-b,7.308333333333334,0.0
C_SWAPPED,swapped,fly-a,7.316666666666666,0.0
C_SWAPPED,swapped,fly-b,7.316666666666666,0.0
C_SWAPPED,swapped,fly-a,7.325,0.0
C_SWAPPED,swapped,fly-b,7.325,0.0
C_SWAPPED,swapped,fly-a,7.333333333333333,0.0
C_SWAPPED,swapped,fly-b,7.333333333333333,0.0
C_SWAPPED,swapped,fly-a,7.341666666666667,0.0
C_SWAPPED,swapped,fly-b,7.341666666666667,0.0
C_SWAPPED,swapped,fly-a,7.35,0.0
C_SWAPPED,swapped,fly-b,7.35,0.0
C_SWAPPED,swapped,fly-a,7.358333333333333,0.0
C_SWAPPED,swapped,fly-b,7.358333333333333,0.0
C_SWAPPED,swapped,fly-a,7.366666666666666,0.0
C_SWAPPED,swapped,fly-b,7.366666666666666,0.0
C_SWAPPED,swapped,fly-a,7.375,0.0
C_SWAPPED,swapped,fly-b,7.375,0.0
C_SWAPPED,swapped,fly-a,7.383333333333333,0.0
C_SWAPPED,swapped,fly-b,7.383333333333333,0.0
C_SWAPPED,swapped,fly-a,7.391666666666667,0.0
C_SWAPPED,swapped,fly-b,7.391666666666667,0.0
C_SWAPPED,swapped,fly-a,7.3999999999999995,0.0
C_SWAPPED,swapped,fly-b,7.3999999999999995,0.0
C_SWAPPED,swapped,fly-a,7.408333333333333,0.0
C_SWAPPED,swapped,fly-b,7.408333333333333,0.0
C_SWAPPED,swapped,fly-a,7.416666666666667,0.0
C_SWAPPED,swapped,fly-b,7.416666666666667,0.0
C_SWAPPED,swapped,fly-a,7.425,0.0
C_SWAPPED,swapped,fly-b,7.425,0.0
C_SWAPPED,swapped,fly-a,7.433333333333334,0.0
C_SWAPPED,swapped,fly-b,7.433333333333334,0.0
C_SWAPPED,swapped,fly-a,7.441666666666666,0.0
C_SWAPPED,swapped,fly-b,7.441666666666666,0.0
C_SWAPPED,swapped,fly-a,7.45,0.0
C_SWAPPED,swapped,fly-b,7.45,0.0
C_SWAPPED,swapped,fly-a,7.458333333333333,0.0
C_SWAPPED,swapped,fly-b,7.458333333333333,0.0
C_SWAPPED,swapped,fly-a,7.466666666666667,0.0
C_SWAPPED,swapped,fly-b,7.466666666666667,0.0
C_SWAPPED,swapped,fly-a,7.475,0.0
C_SWAPPED,swapped,fly-b,7.475,0.0
C_SWAPPED,swapped,fly-a,7.483333333333333,0.0
C_SWAPPED,swapped,fly-b,7.483333333333333,0.0
C_SWAPPED,swapped,fly-a,7.491666666666666,0.0
C_SWAPPED,swapped,fly-b,7.491666666666666,0.0
C_SWAPPED,swapped,fly-a,7.5,0.0
C_SWAPPED,swapped,fly-b,7.5,0.0
C_SWAPPED,swapped,fly-a,7.508333333333333,0.0
C_SWAPPED,swapped,fly-b,7.508333333333333,0.0
C_SWAPPED,swapped,fly-a,7.516666666666667,0.0
C_SWAPPED,swapped,fly-b,7.516666666666667,0.0
C_SWAPPED,swapped,fly-a,7.5249999999999995,0.0
C_SWAPPED,swapped,fly-b,7.5249999999999995,0.0
C_SWAPPED,swapped,fly-a,7.533333333333333,0.0
C_SWAPPED,swapped,fly-b,7.533333333333333,0.0
C_SWAPPED,swapped,fly-a,7.541666666666667,0.0
C_SWAPPED,swapped,fly-b,7.541666666666667,0.0
C_SWAPPED,swapped,fly-a,7.55,0.0
C_SWAPPED,swapped,fly-b,7.55,0.0
C_SWAPPED,swapped,fly-a,7.558333333333334,0.0
C_SWAPPED,swapped,fly-b,7.558333333333334,0.0
C_SWAPPED,swapped,fly-a,7.566666666666666,0.0
C_SWAPPED,swapped,fly-b,7.566666666666666,0.0
C_SWAPPED,swapped,fly-a,7.575,0.0
C_SWAPPED,swapped,fly-b,7.575,0.0
C_SWAPPED,swapped,fly-a,7.583333333333333,0.0
C_SWAPPED,swapped,fly-b,7.583333333333333,0.0
C_SWAPPED,swapped,fly-a,7.591666666666667,0.0
C_SWAPPED,swapped,fly-b,7.591666666666667,0.0
C_SWAPPED,swapped,fly-a,7.6,0.0
C_SWAPPED,swapped,fly-b,7.6,0.0
C_SWAPPED,swapped,fly-a,7.608333333333333,0.0
C_SWAPPED,swapped,fly-b,7.608333333333333,0.0
C_SWAPPED,swapped,fly-a,7.616666666666666,0.0
C_SWAPPED,swapped,fly-b,7.616666666666666,0.0
C_SWAPPED,swapped,fly-a,7.625,0.0
C_SWAPPED,swapped,fly-b,7.625,0.0
C_SWAPPED,swapped,fly-a,7.633333333333333,0.0
C_SWAPPED,swapped,fly-b,7.633333333333333,0.0
C_SWAPPED,swapped,fly-a,7.641666666666667,0.0
C_SWAPPED,swapped,fly-b,7.641666666666667,0.0
C_SWAPPED,swapped,fly-a,7.6499999999999995,0.0
C_SWAPPED,swapped,fly-b,7.6499999999999995,0.0
C_SWAPPED,swapped,fly-a,7.658333333333333,0.0
C_SWAPPED,swapped,fly-b,7.658333333333333,0.0
C_SWAPPED,swapped,fly-a,7.666666666666667,0.0
C_SWAPPED,swapped,fly-b,7.666666666666667,0.0
C_SWAPPED,swapped,fly-a,7.675,0.0
C_SWAPPED,swapped,fly-b,7.675,0.0
C_SWAPPED,swapped,fly-a,7.683333333333334,0.0
C_SWAPPED,swapped,fly-b,7.683333333333334,0.0
C_SWAPPED,swapped,fly-a,7.691666666666666,0.0
C_SWAPPED,swapped,fly-b,7.691666666666666,0.0
C_SWAPPED,swapped,fly-a,7.7,0.0
C_SWAPPED,swapped,fly-b,7.7,0.0
C_SWAPPED,swapped,fly-a,7.708333333333333,0.0
C_SWAPPED,swapped,fly-b,7.708333333333333,0.0
C_SWAPPED,swapped,fly-a,7.716666666666667,0.0
C_SWAPPED,swapped,fly-b,7.716666666666667,0.0
C_SWAPPED,swapped,fly-a,7.725,0.0
C_SWAPPED,swapped,fly-b,7.725,0.0
C_SWAPPED,swapped,fly-a,7.733333333333333,0.0
C_SWAPPED,swapped,fly-b,7.733333333333333,0.0
C_SWAPPED,swapped,fly-a,7.741666666666666,0.0
C_SWAPPED,swapped,fly-b,7.741666666666666,0.0
C_SWAPPED,swapped,fly-a,7.75,0.0
C_SWAPPED,swapped,fly-b,7.75,0.0
C_SWAPPED,swapped,fly-a,7.758333333333333,0.0
C_SWAPPED,swapped,fly-b,7.758333333333333,0.0
C_SWAPPED,swapped,fly-a,7.766666666666667,0.0
C_SWAPPED,swapped,fly-b,7.766666666666667,0.0
C_SWAPPED,swapped,fly-a,7.7749999999999995,0.0
C_SWAPPED,swapped,fly-b,7.7749999999999995,0.0
C_SWAPPED,swapped,fly-a,7.783333333333333,0.0
C_SWAPPED,swapped,fly-b,7.783333333333333,0.0
C_SWAPPED,swapped,fly-a,7.791666666666667,0.0
C_SWAPPED,swapped,fly-b,7.791666666666667,0.0
C_SWAPPED,swapped,fly-a,7.8,0.0
C_SWAPPED,swapped,fly-b,7.8,0.0
C_SWAPPED,swapped,fly-a,7.808333333333334,0.0
C_SWAPPED,swapped,fly-b,7.808333333333334,0.0
C_SWAPPED,swapped,fly-a,7.816666666666666,0.0
C_SWAPPED,swapped,fly-b,7.816666666666666,0.0
C_SWAPPED,swapped,fly-a,7.825,0.0
C_SWAPPED,swapped,fly-b,7.825,0.0
C_SWAPPED,swapped,fly-a,7.833333333333333,0.0
C_SWAPPED,swapped,fly-b,7.833333333333333,0.0
C_SWAPPED,swapped,fly-a,7.841666666666667,0.0
C_SWAPPED,swapped,fly-b,7.841666666666667,0.0
C_SWAPPED,swapped,fly-a,7.85,0.0
C_SWAPPED,swapped,fly-b,7.85,0.0
C_SWAPPED,swapped,fly-a,7.858333333333333,0.0
C_SWAPPED,swapped,fly-b,7.858333333333333,0.0
C_SWAPPED,swapped,fly-a,7.866666666666666,0.0
C_SWAPPED,swapped,fly-b,7.866666666666666,0.0
C_SWAPPED,swapped,fly-a,7.875,0.0
C_SWAPPED,swapped,fly-b,7.875,0.0
C_SWAPPED,swapped,fly-a,7.883333333333333,0.0
C_SWAPPED,swapped,fly-b,7.883333333333333,0.0
C_SWAPPED,swapped,fly-a,7.891666666666667,0.0
C_SWAPPED,swapped,fly-b,7.891666666666667,0.0
C_SWAPPED,swapped,fly-a,7.8999999999999995,0.0
C_SWAPPED,swapped,fly-b,7.8999999999999995,0.0
C_SWAPPED,swapped,fly-a,7.908333333333333,0.0
C_SWAPPED,swapped,fly-b,7.908333333333333,0.0
C_SWAPPED,swapped,fly-a,7.916666666666667,0.0
C_SWAPPED,swapped,fly-b,7.916666666666667,0.0
C_SWAPPED,swapped,fly-a,7.925,0.0
C_SWAPPED,swapped,fly-b,7.925,0.0
C_SWAPPED,swapped,fly-a,7.933333333333334,0.0
C_SWAPPED,swapped,fly-b,7.933333333333334,0.0
C_SWAPPED,swapped,fly-a,7.941666666666666,0.0
C_SWAPPED,swapped,fly-b,7.941666666666666,0.0
C_SWAPPED,swapped,fly-a,7.95,0.0
C_SWAPPED,swapped,fly-b,7.95,0.0
C_SWAPPED,swapped,fly-a,7.958333333333333,0.0
C_SWAPPED,swapped,fly-b,7.958333333333333,0.0
C_SWAPPED,swapped,fly-a,7.966666666666667,0.0
C_SWAPPED,swapped,fly-b,7.966666666666667,0.0
C_SWAPPED,swapped,fly-a,7.975,0.0
C_SWAPPED,swapped,fly-b,7.975,0.0
C_SWAPPED,swapped,fly-a,7.983333333333333,0.0
C_SWAPPED,swapped,fly-b,7.983333333333333,0.0
C_SWAPPED,swapped,fly-a,7.991666666666666,0.0
C_SWAPPED,swapped,fly-b,7.991666666666666,0.0
C_SWAPPED,swapped,fly-a,8.0,0.0
C_SWAPPED,swapped,fly-b,8.0,0.0
C_SWAPPED,swapped,fly-a,8.008333333333333,0.0
C_SWAPPED,swapped,fly-b,8.008333333333333,0.0
C_SWAPPED,swapped,fly-a,8.016666666666666,0.0
C_SWAPPED,swapped,fly-b,8.016666666666666,0.0
C_SWAPPED,swapped,fly-a,8.025,0.0
C_SWAPPED,swapped,fly-b,8.025,0.0
C_SWAPPED,swapped,fly-a,8.033333333333333,0.0
C_SWAPPED,swapped,fly-b,8.033333333333333,0.0
C_SWAPPED,swapped,fly-a,8.041666666666666,0.0
C_SWAPPED,swapped,fly-b,8.041666666666666,0.0
C_SWAPPED,swapped,fly-a,8.05,0.0
C_SWAPPED,swapped,fly-b,8.05,0.0
C_SWAPPED,swapped,fly-a,8.058333333333334,0.0
C_SWAPPED,swapped,fly-b,8.058333333333334,0.0
C_SWAPPED,swapped,fly-a,8.066666666666666,0.0
C_SWAPPED,swapped,fly-b,8.066666666666666,0.0
C_SWAPPED,swapped,fly-a,8.075,0.0
C_SWAPPED,swapped,fly-b,8.075,0.0
C_SWAPPED,swapped,fly-a,8.083333333333334,0.0
C_SWAPPED,swapped,fly-b,8.083333333333334,0.0
C_SWAPPED,swapped,fly-a,8.091666666666667,0.0
C_SWAPPED,swapped,fly-b,8.091666666666667,0.0
C_SWAPPED,swapped,fly-a,8.1,0.0
C_SWAPPED,swapped,fly-b,8.1,0.0
C_SWAPPED,swapped,fly-a,8.108333333333333,0.0
C_SWAPPED,swapped,fly-b,8.108333333333333,0.0
C_SWAPPED,swapped,fly-a,8.116666666666667,0.0
C_SWAPPED,swapped,fly-b,8.116666666666667,0.0
C_SWAPPED,swapped,fly-a,8.125,0.0
C_SWAPPED,swapped,fly-b,8.125,0.0
C_SWAPPED,swapped,fly-a,8.133333333333333,0.0
C_SWAPPED,swapped,fly-b,8.133333333333333,0.0
C_SWAPPED,swapped,fly-a,8.141666666666666,0.0
C_SWAPPED,swapped,fly-b,8.141666666666666,0.0
C_SWAPPED,swapped,fly-a,8.15,0.0
C_SWAPPED,swapped,fly-b,8.15,0.0
C_SWAPPED,swapped,fly-a,8.158333333333333,0.0
C_SWAPPED,swapped,fly-b,8.158333333333333,0.0
C_SWAPPED,swapped,fly-a,8.166666666666666,0.0
C_SWAPPED,swapped,fly-b,8.166666666666666,0.0
C_SWAPPED,swapped,fly-a,8.175,0.0
C_SWAPPED,swapped,fly-b,8.175,0.0
C_SWAPPED,swapped,fly-a,8.183333333333334,0.0
C_SWAPPED,swapped,fly-b,8.183333333333334,0.0
C_SWAPPED,swapped,fly-a,8.191666666666666,0.0
C_SWAPPED,swapped,fly-b,8.191666666666666,0.0
C_SWAPPED,swapped,fly-a,8.2,0.0
C_SWAPPED,swapped,fly-b,8.2,0.0
C_SWAPPED,swapped,fly-a,8.208333333333334,0.0
C_SWAPPED,swapped,fly-b,8.208333333333334,0.0
C_SWAPPED,swapped,fly-a,8.216666666666667,0.0
C_SWAPPED,swapped,fly-b,8.216666666666667,0.0
C_SWAPPED,swapped,fly-a,8.225,0.0
C_SWAPPED,swapped,fly-b,8.225,0.0
C_SWAPPED,swapped,fly-a,8.233333333333333,0.0
C_SWAPPED,swapped,fly-b,8.233333333333333,0.0
C_SWAPPED,swapped,fly-a,8.241666666666667,0.0
C_SWAPPED,swapped,fly-b,8.241666666666667,0.0
C_SWAPPED,swapped,fly-a,8.25,0.0
C_SWAPPED,swapped,fly-b,8.25,0.0
C_SWAPPED,swapped,fly-a,8.258333333333333,0.0
C_SWAPPED,swapped,fly-b,8.258333333333333,0.0
C_SWAPPED,swapped,fly-a,8.266666666666666,0.0
C_SWAPPED,swapped,fly-b,8.266666666666666,0.0
C_SWAPPED,swapped,fly-a,8.275,0.0
C_SWAPPED,swapped,fly-b,8.275,0.0
C_SWAPPED,swapped,fly-a,8.283333333333333,0.0
C_SWAPPED,swapped,fly-b,8.283333333333333,0.0
C_SWAPPED,swapped,fly-a,8.291666666666666,0.0
C_SWAPPED,swapped,fly-b,8.291666666666666,0.0
C_SWAPPED,swapped,fly-a,8.3,0.0
C_SWAPPED,swapped,fly-b,8.3,0.0
C_SWAPPED,swapped,fly-a,8.308333333333334,0.0
C_SWAPPED,swapped,fly-b,8.308333333333334,0.0
C_SWAPPED,swapped,fly-a,8.316666666666666,0.0
C_SWAPPED,swapped,fly-b,8.316666666666666,0.0
C_SWAPPED,swapped,fly-a,8.325,0.0
C_SWAPPED,swapped,fly-b,8.325,0.0
C_SWAPPED,swapped,fly-a,8.333333333333334,0.0
C_SWAPPED,swapped,fly-b,8.333333333333334,0.0
C_SWAPPED,swapped,fly-a,8.341666666666667,0.0
C_SWAPPED,swapped,fly-b,8.341666666666667,0.0
C_SWAPPED,swapped,fly-a,8.35,0.0
C_SWAPPED,swapped,fly-b,8.35,0.0
C_SWAPPED,swapped,fly-a,8.358333333333333,0.0
C_SWAPPED,swapped,fly-b,8.358333333333333,0.0
C_SWAPPED,swapped,fly-a,8.366666666666667,0.0
C_SWAPPED,swapped,fly-b,8.366666666666667,0.0
C_SWAPPED,swapped,fly-a,8.375,0.0
C_SWAPPED,swapped,fly-b,8.375,0.0
C_SWAPPED,swapped,fly-a,8.383333333333333,0.0
C_SWAPPED,swapped,fly-b,8.383333333333333,0.0
C_SWAPPED,swapped,fly-a,8.391666666666666,0.0
C_SWAPPED,swapped,fly-b,8.391666666666666,0.0
C_SWAPPED,swapped,fly-a,8.4,0.0
C_SWAPPED,swapped,fly-b,8.4,0.0
C_SWAPPED,swapped,fly-a,8.408333333333333,0.0
C_SWAPPED,swapped,fly-b,8.408333333333333,0.0
C_SWAPPED,swapped,fly-a,8.416666666666666,0.0
C_SWAPPED,swapped,fly-b,8.416666666666666,0.0
C_SWAPPED,swapped,fly-a,8.425,0.0
C_SWAPPED,swapped,fly-b,8.425,0.0
C_SWAPPED,swapped,fly-a,8.433333333333334,0.0
C_SWAPPED,swapped,fly-b,8.433333333333334,0.0
C_SWAPPED,swapped,fly-a,8.441666666666666,0.0
C_SWAPPED,swapped,fly-b,8.441666666666666,0.0
C_SWAPPED,swapped,fly-a,8.45,0.0
C_SWAPPED,swapped,fly-b,8.45,0.0
C_SWAPPED,swapped,fly-a,8.458333333333334,0.0
C_SWAPPED,swapped,fly-b,8.458333333333334,0.0
C_SWAPPED,swapped,fly-a,8.466666666666667,0.0
C_SWAPPED,swapped,fly-b,8.466666666666667,0.0
C_SWAPPED,swapped,fly-a,8.475,0.0
C_SWAPPED,swapped,fly-b,8.475,0.0
C_SWAPPED,swapped,fly-a,8.483333333333333,0.0
C_SWAPPED,swapped,fly-b,8.483333333333333,0.0
C_SWAPPED,swapped,fly-a,8.491666666666667,0.0
C_SWAPPED,swapped,fly-b,8.491666666666667,0.0
C_SWAPPED,swapped,fly-a,8.5,0.0
C_SWAPPED,swapped,fly-b,8.5,0.0
C_SWAPPED,swapped,fly-a,8.508333333333333,0.0
C_SWAPPED,swapped,fly-b,8.508333333333333,0.0
C_SWAPPED,swapped,fly-a,8.516666666666666,0.0
C_SWAPPED,swapped,fly-b,8.516666666666666,0.0
C_SWAPPED,swapped,fly-a,8.525,0.0
C_SWAPPED,swapped,fly-b,8.525,0.0
C_SWAPPED,swapped,fly-a,8.533333333333333,0.0
C_SWAPPED,swapped,fly-b,8.533333333333333,0.0
C_SWAPPED,swapped,fly-a,8.541666666666666,0.0
C_SWAPPED,swapped,fly-b,8.541666666666666,0.0
C_SWAPPED,swapped,fly-a,8.55,0.0
C_SWAPPED,swapped,fly-b,8.55,0.0
C_SWAPPED,swapped,fly-a,8.558333333333334,0.0
C_SWAPPED,swapped,fly-b,8.558333333333334,0.0
C_SWAPPED,swapped,fly-a,8.566666666666666,0.0
C_SWAPPED,swapped,fly-b,8.566666666666666,0.0
C_SWAPPED,swapped,fly-a,8.575,0.0
C_SWAPPED,swapped,fly-b,8.575,0.0
C_SWAPPED,swapped,fly-a,8.583333333333334,0.0
C_SWAPPED,swapped,fly-b,8.583333333333334,0.0
C_SWAPPED,swapped,fly-a,8.591666666666667,0.0
C_SWAPPED,swapped,fly-b,8.591666666666667,0.0
C_SWAPPED,swapped,fly-a,8.6,0.0
C_SWAPPED,swapped,fly-b,8.6,0.0
C_SWAPPED,swapped,fly-a,8.608333333333333,0.0
C_SWAPPED,swapped,fly-b,8.608333333333333,0.0
C_SWAPPED,swapped,fly-a,8.616666666666667,0.0
C_SWAPPED,swapped,fly-b,8.616666666666667,0.0
C_SWAPPED,swapped,fly-a,8.625,0.0
C_SWAPPED,swapped,fly-b,8.625,0.0
C_SWAPPED,swapped,fly-a,8.633333333333333,0.0
C_SWAPPED,swapped,fly-b,8.633333333333333,0.0
C_SWAPPED,swapped,fly-a,8.641666666666666,0.0
C_SWAPPED,swapped,fly-b,8.641666666666666,0.0
C_SWAPPED,swapped,fly-a,8.65,0.0
C_SWAPPED,swapped,fly-b,8.65,0.0
C_SWAPPED,swapped,fly-a,8.658333333333333,0.0
C_SWAPPED,swapped,fly-b,8.658333333333333,0.0
C_SWAPPED,swapped,fly-a,8.666666666666666,0.0
C_SWAPPED,swapped,fly-b,8.666666666666666,0.0
C_SWAPPED,swapped,fly-a,8.675,0.0
C_SWAPPED,swapped,fly-b,8.675,0.0
C_SWAPPED,swapped,fly-a,8.683333333333334,0.0
C_SWAPPED,swapped,fly-b,8.683333333333334,0.0
C_SWAPPED,swapped,fly-a,8.691666666666666,0.0
C_SWAPPED,swapped,fly-b,8.691666666666666,0.0
C_SWAPPED,swapped,fly-a,8.7,0.0
C_SWAPPED,swapped,fly-b,8.7,0.0
C_SWAPPED,swapped,fly-a,8.708333333333334,0.0
C_SWAPPED,swapped,fly-b,8.708333333333334,0.0
C_SWAPPED,swapped,fly-a,8.716666666666667,0.0
C_SWAPPED,swapped,fly-b,8.716666666666667,0.0
C_SWAPPED,swapped,fly-a,8.725,0.0
C_SWAPPED,swapped,fly-b,8.725,0.0
C_SWAPPED,swapped,fly-a,8.733333333333333,0.0
C_SWAPPED,swapped,fly-b,8.733333333333333,0.0
C_SWAPPED,swapped,fly-a,8.741666666666667,0.0
C_SWAPPED,swapped,fly-b,8.741666666666667,0.0
C_SWAPPED,swapped,fly-a,8.75,0.0
C_SWAPPED,swapped,fly-b,8.75,0.0
C_SWAPPED,swapped,fly-a,8.758333333333333,0.0
C_SWAPPED,swapped,fly-b,8.758333333333333,0.0
C_SWAPPED,swapped,fly-a,8.766666666666666,0.0
C_SWAPPED,swapped,fly-b,8.766666666666666,0.0
C_SWAPPED,swapped,fly-a,8.775,0.0
C_SWAPPED,swapped,fly-b,8.775,0.0
C_SWAPPED,swapped,fly-a,8.783333333333333,0.0
C_SWAPPED,swapped,fly-b,8.783333333333333,0.0
C_SWAPPED,swapped,fly-a,8.791666666666666,0.0
C_SWAPPED,swapped,fly-b,8.791666666666666,0.0
C_SWAPPED,swapped,fly-a,8.8,0.0
C_SWAPPED,swapped,fly-b,8.8,0.0
C_SWAPPED,swapped,fly-a,8.808333333333334,0.0
C_SWAPPED,swapped,fly-b,8.808333333333334,0.0
C_SWAPPED,swapped,fly-a,8.816666666666666,0.0
C_SWAPPED,swapped,fly-b,8.816666666666666,0.0
C_SWAPPED,swapped,fly-a,8.825,0.0
C_SWAPPED,swapped,fly-b,8.825,0.0
C_SWAPPED,swapped,fly-a,8.833333333333334,0.0
C_SWAPPED,swapped,fly-b,8.833333333333334,0.0
C_SWAPPED,swapped,fly-a,8.841666666666667,0.0
C_SWAPPED,swapped,fly-b,8.841666666666667,0.0
C_SWAPPED,swapped,fly-a,8.85,0.0
C_SWAPPED,swapped,fly-b,8.85,0.0
C_SWAPPED,swapped,fly-a,8.858333333333333,0.0
C_SWAPPED,swapped,fly-b,8.858333333333333,0.0
C_SWAPPED,swapped,fly-a,8.866666666666667,0.0
C_SWAPPED,swapped,fly-b,8.866666666666667,0.0
C_SWAPPED,swapped,fly-a,8.875,0.0
C_SWAPPED,swapped,fly-b,8.875,0.0
C_SWAPPED,swapped,fly-a,8.883333333333333,0.0
C_SWAPPED,swapped,fly-b,8.883333333333333,0.0
C_SWAPPED,swapped,fly-a,8.891666666666666,0.0
C_SWAPPED,swapped,fly-b,8.891666666666666,0.0
C_SWAPPED,swapped,fly-a,8.9,0.0
C_SWAPPED,swapped,fly-b,8.9,0.0
C_SWAPPED,swapped,fly-a,8.908333333333333,0.0
C_SWAPPED,swapped,fly-b,8.908333333333333,0.0
C_SWAPPED,swapped,fly-a,8.916666666666666,0.0
C_SWAPPED,swapped,fly-b,8.916666666666666,0.0
C_SWAPPED,swapped,fly-a,8.925,0.0
C_SWAPPED,swapped,fly-b,8.925,0.0
C_SWAPPED,swapped,fly-a,8.933333333333334,0.0
C_SWAPPED,swapped,fly-b,8.933333333333334,0.0
C_SWAPPED,swapped,fly-a,8.941666666666666,0.0
C_SWAPPED,swapped,fly-b,8.941666666666666,0.0
C_SWAPPED,swapped,fly-a,8.95,0.0
C_SWAPPED,swapped,fly-b,8.95,0.0
C_SWAPPED,swapped,fly-a,8.958333333333334,0.0
C_SWAPPED,swapped,fly-b,8.958333333333334,0.0
C_SWAPPED,swapped,fly-a,8.966666666666667,0.0
C_SWAPPED,swapped,fly-b,8.966666666666667,0.0
C_SWAPPED,swapped,fly-a,8.975,0.0
C_SWAPPED,swapped,fly-b,8.975,0.0
C_SWAPPED,swapped,fly-a,8.983333333333333,0.0
C_SWAPPED,swapped,fly-b,8.983333333333333,0.0
C_SWAPPED,swapped,fly-a,8.991666666666667,0.0
C_SWAPPED,swapped,fly-b,8.991666666666667,0.0
C_SWAPPED,swapped,fly-a,9.0,0.0
C_SWAPPED,swapped,fly-b,9.0,0.0
C_SWAPPED,swapped,fly-a,9.008333333333333,0.0
C_SWAPPED,swapped,fly-b,9.008333333333333,0.0
C_SWAPPED,swapped,fly-a,9.016666666666666,0.0
C_SWAPPED,swapped,fly-b,9.016666666666666,0.0
C_SWAPPED,swapped,fly-a,9.025,0.0
C_SWAPPED,swapped,fly-b,9.025,0.0
C_SWAPPED,swapped,fly-a,9.033333333333333,0.0
C_SWAPPED,swapped,fly-b,9.033333333333333,0.0
C_SWAPPED,swapped,fly-a,9.041666666666666,0.0
C_SWAPPED,swapped,fly-b,9.041666666666666,0.0
C_SWAPPED,swapped,fly-a,9.05,0.0
C_SWAPPED,swapped,fly-b,9.05,0.0
C_SWAPPED,swapped,fly-a,9.058333333333334,0.0
C_SWAPPED,swapped,fly-b,9.058333333333334,0.0
C_SWAPPED,swapped,fly-a,9.066666666666666,0.0
C_SWAPPED,swapped,fly-b,9.066666666666666,0.0
C_SWAPPED,swapped,fly-a,9.075,0.0
C_SWAPPED,swapped,fly-b,9.075,0.0
C_SWAPPED,swapped,fly-a,9.083333333333334,0.0
C_SWAPPED,swapped,fly-b,9.083333333333334,0.0
C_SWAPPED,swapped,fly-a,9.091666666666667,0.0
C_SWAPPED,swapped,fly-b,9.091666666666667,0.0
C_SWAPPED,swapped,fly-a,9.1,0.0
C_SWAPPED,swapped,fly-b,9.1,0.0
C_SWAPPED,swapped,fly-a,9.108333333333333,0.0
C_SWAPPED,swapped,fly-b,9.108333333333333,0.0
C_SWAPPED,swapped,fly-a,9.116666666666667,0.0
C_SWAPPED,swapped,fly-b,9.116666666666667,0.0
C_SWAPPED,swapped,fly-a,9.125,0.0
C_SWAPPED,swapped,fly-b,9.125,0.0
C_SWAPPED,swapped,fly-a,9.133333333333333,0.0
C_SWAPPED,swapped,fly-b,9.133333333333333,0.0
C_SWAPPED,swapped,fly-a,9.141666666666666,0.0
C_SWAPPED,swapped,fly-b,9.141666666666666,0.0
C_SWAPPED,swapped,fly-a,9.15,0.0
C_SWAPPED,swapped,fly-b,9.15,0.0
C_SWAPPED,swapped,fly-a,9.158333333333333,0.0
C_SWAPPED,swapped,fly-b,9.158333333333333,0.0
C_SWAPPED,swapped,fly-a,9.166666666666666,0.0
C_SWAPPED,swapped,fly-b,9.166666666666666,0.0
C_SWAPPED,swapped,fly-a,9.175,0.0
C_SWAPPED,swapped,fly-b,9.175,0.0
C_SWAPPED,swapped,fly-a,9.183333333333334,0.0
C_SWAPPED,swapped,fly-b,9.183333333333334,0.0
C_SWAPPED,swapped,fly-a,9.191666666666666,0.0
C_SWAPPED,swapped,fly-b,9.191666666666666,0.0
C_SWAPPED,swapped,fly-a,9.2,0.0
C_SWAPPED,swapped,fly-b,9.2,0.0
C_SWAPPED,swapped,fly-a,9.208333333333334,0.0
C_SWAPPED,swapped,fly-b,9.208333333333334,0.0
C_SWAPPED,swapped,fly-a,9.216666666666667,0.0
C_SWAPPED,swapped,fly-b,9.216666666666667,0.0
C_SWAPPED,swapped,fly-a,9.225,0.0
C_SWAPPED,swapped,fly-b,9.225,0.0
C_SWAPPED,swapped,fly-a,9.233333333333333,0.0
C_SWAPPED,swapped,fly-b,9.233333333333333,0.0
C_SWAPPED,swapped,fly-a,9.241666666666667,0.0
C_SWAPPED,swapped,fly-b,9.241666666666667,0.0
C_SWAPPED,swapped,fly-a,9.25,0.0
C_SWAPPED,swapped,fly-b,9.25,0.0
C_SWAPPED,swapped,fly-a,9.258333333333333,0.0
C_SWAPPED,swapped,fly-b,9.258333333333333,0.0
C_SWAPPED,swapped,fly-a,9.266666666666666,0.0
C_SWAPPED,swapped,fly-b,9.266666666666666,0.0
C_SWAPPED,swapped,fly-a,9.275,0.0
C_SWAPPED,swapped,fly-b,9.275,0.0
C_SWAPPED,swapped,fly-a,9.283333333333333,0.0
C_SWAPPED,swapped,fly-b,9.283333333333333,0.0
C_SWAPPED,swapped,fly-a,9.291666666666666,0.0
C_SWAPPED,swapped,fly-b,9.291666666666666,0.0
C_SWAPPED,swapped,fly-a,9.3,0.0
C_SWAPPED,swapped,fly-b,9.3,0.0
C_SWAPPED,swapped,fly-a,9.308333333333334,0.0
C_SWAPPED,swapped,fly-b,9.308333333333334,0.0
C_SWAPPED,swapped,fly-a,9.316666666666666,0.0
C_SWAPPED,swapped,fly-b,9.316666666666666,0.0
C_SWAPPED,swapped,fly-a,9.325,0.0
C_SWAPPED,swapped,fly-b,9.325,0.0
C_SWAPPED,swapped,fly-a,9.333333333333334,0.0
C_SWAPPED,swapped,fly-b,9.333333333333334,0.0
C_SWAPPED,swapped,fly-a,9.341666666666667,0.0
C_SWAPPED,swapped,fly-b,9.341666666666667,0.0
C_SWAPPED,swapped,fly-a,9.35,0.0
C_SWAPPED,swapped,fly-b,9.35,0.0
C_SWAPPED,swapped,fly-a,9.358333333333333,0.0
C_SWAPPED,swapped,fly-b,9.358333333333333,0.0
C_SWAPPED,swapped,fly-a,9.366666666666667,0.0
C_SWAPPED,swapped,fly-b,9.366666666666667,0.0
C_SWAPPED,swapped,fly-a,9.375,0.0
C_SWAPPED,swapped,fly-b,9.375,0.0
C_SWAPPED,swapped,fly-a,9.383333333333333,0.0
C_SWAPPED,swapped,fly-b,9.383333333333333,0.0
C_SWAPPED,swapped,fly-a,9.391666666666666,0.0
C_SWAPPED,swapped,fly-b,9.391666666666666,0.0
C_SWAPPED,swapped,fly-a,9.4,0.0
C_SWAPPED,swapped,fly-b,9.4,0.0
C_SWAPPED,swapped,fly-a,9.408333333333333,0.0
C_SWAPPED,swapped,fly-b,9.408333333333333,0.0
C_SWAPPED,swapped,fly-a,9.416666666666666,0.0
C_SWAPPED,swapped,fly-b,9.416666666666666,0.0
C_SWAPPED,swapped,fly-a,9.425,0.0
C_SWAPPED,swapped,fly-b,9.425,0.0
C_SWAPPED,swapped,fly-a,9.433333333333334,0.0
C_SWAPPED,swapped,fly-b,9.433333333333334,0.0
C_SWAPPED,swapped,fly-a,9.441666666666666,0.0
C_SWAPPED,swapped,fly-b,9.441666666666666,0.0
C_SWAPPED,swapped,fly-a,9.45,0.0
C_SWAPPED,swapped,fly-b,9.45,0.0
C_SWAPPED,swapped,fly-a,9.458333333333334,0.0
C_SWAPPED,swapped,fly-b,9.458333333333334,0.0
C_SWAPPED,swapped,fly-a,9.466666666666667,0.0
C_SWAPPED,swapped,fly-b,9.466666666666667,0.0
C_SWAPPED,swapped,fly-a,9.475,0.0
C_SWAPPED,swapped,fly-b,9.475,0.0
C_SWAPPED,swapped,fly-a,9.483333333333333,0.0
C_SWAPPED,swapped,fly-b,9.483333333333333,0.0
C_SWAPPED,swapped,fly-a,9.491666666666667,0.0
C_SWAPPED,swapped,fly-b,9.491666666666667,0.0
C_SWAPPED,swapped,fly-a,9.5,0.0
C_SWAPPED,swapped,fly-b,9.5,0.0
C_SWAPPED,swapped,fly-a,9.508333333333333,0.0
C_SWAPPED,swapped,fly-b,9.508333333333333,0.0
C_SWAPPED,swapped,fly-a,9.516666666666666,0.0
C_SWAPPED,swapped,fly-b,9.516666666666666,0.0
C_SWAPPED,swapped,fly-a,9.525,0.0
C_SWAPPED,swapped,fly-b,9.525,0.0
C_SWAPPED,swapped,fly-a,9.533333333333333,0.0
C_SWAPPED,swapped,fly-b,9.533333333333333,0.0
C_SWAPPED,swapped,fly-a,9.541666666666666,0.0
C_SWAPPED,swapped,fly-b,9.541666666666666,0.0
C_SWAPPED,swapped,fly-a,9.55,0.0
C_SWAPPED,swapped,fly-b,9.55,0.0
C_SWAPPED,swapped,fly-a,9.558333333333334,0.0
C_SWAPPED,swapped,fly-b,9.558333333333334,0.0
C_SWAPPED,swapped,fly-a,9.566666666666666,0.0
C_SWAPPED,swapped,fly-b,9.566666666666666,0.0
C_SWAPPED,swapped,fly-a,9.575,0.0
C_SWAPPED,swapped,fly-b,9.575,0.0
C_SWAPPED,swapped,fly-a,9.583333333333334,0.0
C_SWAPPED,swapped,fly-b,9.583333333333334,0.0
C_SWAPPED,swapped,fly-a,9.591666666666667,0.0
C_SWAPPED,swapped,fly-b,9.591666666666667,0.0
C_SWAPPED,swapped,fly-a,9.6,0.0
C_SWAPPED,swapped,fly-b,9.6,0.0
C_SWAPPED,swapped,fly-a,9.608333333333333,0.0
C_SWAPPED,swapped,fly-b,9.608333333333333,0.0
C_SWAPPED,swapped,fly-a,9.616666666666667,0.0
C_SWAPPED,swapped,fly-b,9.616666666666667,0.0
C_SWAPPED,swapped,fly-a,9.625,0.0
C_SWAPPED,swapped,fly-b,9.625,0.0
C_SWAPPED,swapped,fly-a,9.633333333333333,0.0
C_SWAPPED,swapped,fly-b,9.633333333333333,0.0
C_SWAPPED,swapped,fly-a,9.641666666666666,0.0
C_SWAPPED,swapped,fly-b,9.641666666666666,0.0
C_SWAPPED,swapped,fly-a,9.65,0.0
C_SWAPPED,swapped,fly-b,9.65,0.0
C_SWAPPED,swapped,fly-a,9.658333333333333,0.0
C_SWAPPED,swapped,fly-b,9.658333333333333,0.0
C_SWAPPED,swapped,fly-a,9.666666666666666,0.0
C_SWAPPED,swapped,fly-b,9.666666666666666,0.0
C_SWAPPED,swapped,fly-a,9.675,0.0
C_SWAPPED,swapped,fly-b,9.675,0.0
C_SWAPPED,swapped,fly-a,9.683333333333334,0.0
C_SWAPPED,swapped,fly-b,9.683333333333334,0.0
C_SWAPPED,swapped,fly-a,9.691666666666666,0.0
C_SWAPPED,swapped,fly-b,9.691666666666666,0.0
C_SWAPPED,swapped,fly-a,9.7,0.0
C_SWAPPED,swapped,fly-b,9.7,0.0
C_SWAPPED,swapped,fly-a,9.708333333333334,0.0
C_SWAPPED,swapped,fly-b,9.708333333333334,0.0
C_SWAPPED,swapped,fly-a,9.716666666666667,0.0
C_SWAPPED,swapped,fly-b,9.716666666666667,0.0
C_SWAPPED,swapped,fly-a,9.725,0.0
C_SWAPPED,swapped,fly-b,9.725,0.0
C_SWAPPED,swapped,fly-a,9.733333333333333,0.0
C_SWAPPED,swapped,fly-b,9.733333333333333,0.0
C_SWAPPED,swapped,fly-a,9.741666666666667,0.0
C_SWAPPED,swapped,fly-b,9.741666666666667,0.0
C_SWAPPED,swapped,fly-a,9.75,0.0
C_SWAPPED,swapped,fly-b,9.75,0.0
C_SWAPPED,swapped,fly-a,9.758333333333333,0.0
C_SWAPPED,swapped,fly-b,9.758333333333333,0.0
C_SWAPPED,swapped,fly-a,9.766666666666666,0.0
C_SWAPPED,swapped,fly-b,9.766666666666666,0.0
C_SWAPPED,swapped,fly-a,9.775,0.0
C_SWAPPED,swapped,fly-b,9.775,0.0
C_SWAPPED,swapped,fly-a,9.783333333333333,0.0
C_SWAPPED,swapped,fly-b,9.783333333333333,0.0
C_SWAPPED,swapped,fly-a,9.791666666666666,0.0
C_SWAPPED,swapped,fly-b,9.791666666666666,0.0
C_SWAPPED,swapped,fly-a,9.8,0.0
C_SWAPPED,swapped,fly-b,9.8,0.0
C_SWAPPED,swapped,fly-a,9.808333333333334,0.0
C_SWAPPED,swapped,fly-b,9.808333333333334,0.0
C_SWAPPED,swapped,fly-a,9.816666666666666,0.0
C_SWAPPED,swapped,fly-b,9.816666666666666,0.0
C_SWAPPED,swapped,fly-a,9.825,0.0
C_SWAPPED,swapped,fly-b,9.825,0.0
C_SWAPPED,swapped,fly-a,9.833333333333334,0.0
C_SWAPPED,swapped,fly-b,9.833333333333334,0.0
C_SWAPPED,swapped,fly-a,9.841666666666667,0.0
C_SWAPPED,swapped,fly-b,9.841666666666667,0.0
C_SWAPPED,swapped,fly-a,9.85,0.0
C_SWAPPED,swapped,fly-b,9.85,0.0
C_SWAPPED,swapped,fly-a,9.858333333333333,0.0
C_SWAPPED,swapped,fly-b,9.858333333333333,0.0
C_SWAPPED,swapped,fly-a,9.866666666666667,0.0
C_SWAPPED,swapped,fly-b,9.866666666666667,0.0
C_SWAPPED,swapped,fly-a,9.875,0.0
C_SWAPPED,swapped,fly-b,9.875,0.0
C_SWAPPED,swapped,fly-a,9.883333333333333,0.0
C_SWAPPED,swapped,fly-b,9.883333333333333,0.0
C_SWAPPED,swapped,fly-a,9.891666666666666,0.0
C_SWAPPED,swapped,fly-b,9.891666666666666,0.0
C_SWAPPED,swapped,fly-a,9.9,0.0
C_SWAPPED,swapped,fly-b,9.9,0.0
C_SWAPPED,swapped,fly-a,9.908333333333333,0.0
C_SWAPPED,swapped,fly-b,9.908333333333333,0.0
C_SWAPPED,swapped,fly-a,9.916666666666666,0.0
C_SWAPPED,swapped,fly-b,9.916666666666666,0.0
C_SWAPPED,swapped,fly-a,9.925,0.0
C_SWAPPED,swapped,fly-b,9.925,0.0
C_SWAPPED,swapped,fly-a,9.933333333333334,0.0
C_SWAPPED,swapped,fly-b,9.933333333333334,0.0
C_SWAPPED,swapped,fly-a,9.941666666666666,0.0
C_SWAPPED,swapped,fly-b,9.941666666666666,0.0
C_SWAPPED,swapped,fly-a,9.95,0.0
C_SWAPPED,swapped,fly-b,9.95,0.0
C_SWAPPED,swapped,fly-a,9.958333333333334,0.0
C_SWAPPED,swapped,fly-b,9.958333333333334,0.0
C_SWAPPED,swapped,fly-a,9.966666666666667,0.0
C_SWAPPED,swapped,fly-b,9.966666666666667,0.0
C_SWAPPED,swapped,fly-a,9.975,0.0
C_SWAPPED,swapped,fly-b,9.975,0.0
C_SWAPPED,swapped,fly-a,9.983333333333333,0.0
C_SWAPPED,swapped,fly-b,9.983333333333333,0.0
C_SWAPPED,swapped,fly-a,9.991666666666667,0.0
C_SWAPPED,swapped,fly-b,9.991666666666667,0.0
